entidad,record_id,record_type,source_sheet,source_row,project_id,project_name,project_name_raw,project_type,product_label,template_key,process,activity_type,task_id,task_name,task_hours,task_start_date,task_end_date,task_done,task_status,task_priority,task_owner,task_overdue,task_notes,template_task_key,meeting_id,meeting_name,meeting_date,meeting_time,meeting_type,meeting_status,meeting_attendees,meeting_notes,communication_id,communication_date,communication_time,communication_type,communication_result,communication_notes,invoice_id,invoice_name,invoice_amount,invoice_sent_date,invoice_due_date,invoice_status,invoice_notes,user_id,user_name,user_role,config_group,config_key,config_value,config_definition,metric_name,metric_value,raw_row_json,raw_formulas_json,project_template_key,template_relation_type,template_match_status,template_process_key,template_activity_key
proyectos,PRJ0001,project,🗂️Base de datos del proyecto,22,PRJ0001,Academia MISI,Academia MISI,Implementación,Campuspack,implementation_campuspack,,,,,,,,,,,,,,,,,,,,,,,,,,,,,,,,,,,,,,,,,,,,,"{""project_name_raw"": ""Academia MISI"", ""project_name"": ""Academia MISI"", ""project_category"": ""Implementación"", ""project_status"": ""En curso"", ""project_priority"": ""Alto"", ""product_label"": ""Campuspack"", ""project_start_date"": ""2025-01-08"", ""project_due_date"": ""2025-11-21"", ""project_end_date"": ""2025-11-21"", ""project_progress"": 0.98, ""project_done"": false, ""project_owner"": ""Carmen Donoso"", ""project_collaborators"": """", ""project_estimated_value"": ""$"", ""project_document_links"": """", ""project_status_update"": """", ""raci_responsible"": ""Carmen Donoso"", ""raci_accountable"": """", ""raci_consulted"": """", ""raci_informed"": """", ""task_count"": 74.0, ""overdue_task_count"": 0.0, ""meeting_count"": 0.0, ""call_count"": 0.0, ""email_count"": 0.0, ""communication_count"": 0.0, ""next_meeting_date"": ""N/A"", ""last_meeting_date"": ""N/A"", ""last_meeting_notes"": """", ""last_communication_date"": ""N/A"", ""last_communication_type"": """", ""last_communication_notes"": """"}",{},implementation_campuspack,PROJECT_TO_TEMPLATE,DIRECT_PROJECT_TEMPLATE_BINDING,,
proyectos,PRJ0002,project,🗂️Base de datos del proyecto,23,PRJ0002,Fundación Incolmotos Yamaha,Fundación Incolmotos Yamaha,Soporte,Campuspack,support,,,,,,,,,,,,,,,,,,,,,,,,,,,,,,,,,,,,,,,,,,,,,"{""project_name_raw"": ""Fundación Incolmotos Yamaha"", ""project_name"": ""Fundación Incolmotos Yamaha"", ""project_category"": ""Soporte"", ""project_status"": ""Hecho"", ""project_priority"": ""Alto"", ""product_label"": ""Campuspack"", ""project_start_date"": ""2025-04-21"", ""project_due_date"": ""2025-09-18"", ""project_end_date"": ""2025-09-23"", ""project_progress"": 1.0, ""project_done"": false, ""project_owner"": ""Julian Sanchez "", ""project_collaborators"": """", ""project_estimated_value"": ""$"", ""project_document_links"": """", ""project_status_update"": """", ""raci_responsible"": ""Julian Sanchez "", ""raci_accountable"": """", ""raci_consulted"": """", ""raci_informed"": """", ""task_count"": 47.0, ""overdue_task_count"": 0.0, ""meeting_count"": 0.0, ""call_count"": 0.0, ""email_count"": 0.0, ""communication_count"": 0.0, ""next_meeting_date"": ""N/A"", ""last_meeting_date"": ""N/A"", ""last_meeting_notes"": """", ""last_communication_date"": ""N/A"", ""last_communication_type"": """", ""last_communication_notes"": """"}",{},support,PROJECT_TO_TEMPLATE,DIRECT_PROJECT_TEMPLATE_BINDING,,
proyectos,PRJ0003,project,🗂️Base de datos del proyecto,24,PRJ0003,The English School,The English School,Soporte,Schoolpack,support,,,,,,,,,,,,,,,,,,,,,,,,,,,,,,,,,,,,,,,,,,,,,"{""project_name_raw"": ""The English School"", ""project_name"": ""The English School"", ""project_category"": ""Soporte"", ""project_status"": ""En curso"", ""project_priority"": ""Alto"", ""product_label"": ""Schoolpack"", ""project_start_date"": ""2024-12-03"", ""project_due_date"": ""2025-10-27"", ""project_end_date"": ""2025-10-27"", ""project_progress"": 1.0, ""project_done"": false, ""project_owner"": ""Carmen Donoso"", ""project_collaborators"": """", ""project_estimated_value"": ""$"", ""project_document_links"": """", ""project_status_update"": """", ""raci_responsible"": ""Carmen Donoso"", ""raci_accountable"": """", ""raci_consulted"": """", ""raci_informed"": """", ""task_count"": 65.0, ""overdue_task_count"": 0.0, ""meeting_count"": 0.0, ""call_count"": 0.0, ""email_count"": 0.0, ""communication_count"": 0.0, ""next_meeting_date"": ""N/A"", ""last_meeting_date"": ""N/A"", ""last_meeting_notes"": """", ""last_communication_date"": ""N/A"", ""last_communication_type"": """", ""last_communication_notes"": """"}",{},support,PROJECT_TO_TEMPLATE,DIRECT_PROJECT_TEMPLATE_BINDING,,
proyectos,PRJ0004,project,🗂️Base de datos del proyecto,25,PRJ0004,Corp.Edu Dr. Amin Ariza,Corp.Edu Dr. Amin Ariza,Implementación,Campuspack,implementation_campuspack,,,,,,,,,,,,,,,,,,,,,,,,,,,,,,,,,,,,,,,,,,,,,"{""project_name_raw"": ""Corp.Edu Dr. Amin Ariza"", ""project_name"": ""Corp.Edu Dr. Amin Ariza"", ""project_category"": ""Implementación"", ""project_status"": ""Hecho"", ""project_priority"": ""Alto"", ""product_label"": ""Campuspack"", ""project_start_date"": ""2024-12-02"", ""project_due_date"": ""2025-11-28"", ""project_end_date"": ""2025-11-28"", ""project_progress"": 0.58, ""project_done"": false, ""project_owner"": ""Julian Sanchez "", ""project_collaborators"": """", ""project_estimated_value"": ""$"", ""project_document_links"": """", ""project_status_update"": """", ""raci_responsible"": ""Julian Sanchez "", ""raci_accountable"": """", ""raci_consulted"": """", ""raci_informed"": """", ""task_count"": 41.0, ""overdue_task_count"": 0.0, ""meeting_count"": 0.0, ""call_count"": 0.0, ""email_count"": 0.0, ""communication_count"": 0.0, ""next_meeting_date"": ""N/A"", ""last_meeting_date"": ""N/A"", ""last_meeting_notes"": """", ""last_communication_date"": ""N/A"", ""last_communication_type"": """", ""last_communication_notes"": """"}",{},implementation_campuspack,PROJECT_TO_TEMPLATE,DIRECT_PROJECT_TEMPLATE_BINDING,,
proyectos,PRJ0005,project,🗂️Base de datos del proyecto,26,PRJ0005,Pesol Centre,Pesol Centre,Implementación,Language,implementation_language,,,,,,,,,,,,,,,,,,,,,,,,,,,,,,,,,,,,,,,,,,,,,"{""project_name_raw"": ""Pesol Centre"", ""project_name"": ""Pesol Centre"", ""project_category"": ""Implementación"", ""project_status"": ""En curso"", ""project_priority"": ""Alto"", ""product_label"": ""Language"", ""project_start_date"": ""2025-01-08"", ""project_due_date"": ""2025-10-04"", ""project_end_date"": ""2025-10-04"", ""project_progress"": 0.2, ""project_done"": false, ""project_owner"": """", ""project_collaborators"": """", ""project_estimated_value"": ""$"", ""project_document_links"": """", ""project_status_update"": """", ""raci_responsible"": """", ""raci_accountable"": """", ""raci_consulted"": """", ""raci_informed"": """", ""task_count"": 0.0, ""overdue_task_count"": 0.0, ""meeting_count"": 0.0, ""call_count"": 0.0, ""email_count"": 0.0, ""communication_count"": 0.0, ""next_meeting_date"": ""N/A"", ""last_meeting_date"": ""N/A"", ""last_meeting_notes"": """", ""last_communication_date"": ""N/A"", ""last_communication_type"": """", ""last_communication_notes"": """"}",{},implementation_language,PROJECT_TO_TEMPLATE,DIRECT_PROJECT_TEMPLATE_BINDING,,
proyectos,PRJ0006,project,🗂️Base de datos del proyecto,27,PRJ0006,Liceo Paternina,Liceo Paternina,Soporte,Schoolpack,support,,,,,,,,,,,,,,,,,,,,,,,,,,,,,,,,,,,,,,,,,,,,,"{""project_name_raw"": ""Liceo Paternina"", ""project_name"": ""Liceo Paternina"", ""project_category"": ""Soporte"", ""project_status"": ""Hecho"", ""project_priority"": ""Alto"", ""product_label"": ""Schoolpack"", ""project_start_date"": ""2025-01-14"", ""project_due_date"": ""2025-09-18"", ""project_end_date"": ""2025-09-18"", ""project_progress"": 1.0, ""project_done"": false, ""project_owner"": ""Carmen Donoso"", ""project_collaborators"": """", ""project_estimated_value"": ""$"", ""project_document_links"": """", ""project_status_update"": """", ""raci_responsible"": ""Carmen Donoso"", ""raci_accountable"": """", ""raci_consulted"": """", ""raci_informed"": """", ""task_count"": 18.0, ""overdue_task_count"": 0.0, ""meeting_count"": 0.0, ""call_count"": 0.0, ""email_count"": 0.0, ""communication_count"": 0.0, ""next_meeting_date"": ""N/A"", ""last_meeting_date"": ""N/A"", ""last_meeting_notes"": """", ""last_communication_date"": ""N/A"", ""last_communication_type"": """", ""last_communication_notes"": """"}",{},support,PROJECT_TO_TEMPLATE,DIRECT_PROJECT_TEMPLATE_BINDING,,
proyectos,PRJ0007,project,🗂️Base de datos del proyecto,28,PRJ0007,Seminario de Faca,Seminario de Faca,Soporte,Implementado,support,,,,,,,,,,,,,,,,,,,,,,,,,,,,,,,,,,,,,,,,,,,,,"{""project_name_raw"": ""Seminario de Faca"", ""project_name"": ""Seminario de Faca"", ""project_category"": ""Soporte"", ""project_status"": ""En curso"", ""project_priority"": ""Medio"", ""product_label"": ""Implementado"", ""project_start_date"": ""2025-02-21"", ""project_due_date"": ""2025-09-16"", ""project_end_date"": ""2025-09-16"", ""project_progress"": 0.33, ""project_done"": false, ""project_owner"": ""Jhoec Camayo"", ""project_collaborators"": """", ""project_estimated_value"": ""$"", ""project_document_links"": """", ""project_status_update"": """", ""raci_responsible"": ""Jhoec Camayo"", ""raci_accountable"": """", ""raci_consulted"": """", ""raci_informed"": """", ""task_count"": 10.0, ""overdue_task_count"": 0.0, ""meeting_count"": 0.0, ""call_count"": 0.0, ""email_count"": 0.0, ""communication_count"": 0.0, ""next_meeting_date"": ""N/A"", ""last_meeting_date"": ""N/A"", ""last_meeting_notes"": """", ""last_communication_date"": ""N/A"", ""last_communication_type"": """", ""last_communication_notes"": """"}",{},support,PROJECT_TO_TEMPLATE,DIRECT_PROJECT_TEMPLATE_BINDING,,
proyectos,PRJ0008,project,🗂️Base de datos del proyecto,29,PRJ0008,Corazonistas,Corazonistas,Soporte,Implementado,support,,,,,,,,,,,,,,,,,,,,,,,,,,,,,,,,,,,,,,,,,,,,,"{""project_name_raw"": ""Corazonistas"", ""project_name"": ""Corazonistas"", ""project_category"": ""Soporte"", ""project_status"": ""En curso"", ""project_priority"": ""Medio"", ""product_label"": ""Implementado"", ""project_start_date"": """", ""project_due_date"": """", ""project_end_date"": """", ""project_progress"": 0.3, ""project_done"": false, ""project_owner"": ""Karina Porras"", ""project_collaborators"": """", ""project_estimated_value"": ""$"", ""project_document_links"": """", ""project_status_update"": """", ""raci_responsible"": ""Karina Porras"", ""raci_accountable"": """", ""raci_consulted"": """", ""raci_informed"": """", ""task_count"": 37.0, ""overdue_task_count"": 0.0, ""meeting_count"": 0.0, ""call_count"": 0.0, ""email_count"": 0.0, ""communication_count"": 0.0, ""next_meeting_date"": ""N/A"", ""last_meeting_date"": ""N/A"", ""last_meeting_notes"": """", ""last_communication_date"": ""N/A"", ""last_communication_type"": """", ""last_communication_notes"": """"}",{},support,PROJECT_TO_TEMPLATE,DIRECT_PROJECT_TEMPLATE_BINDING,,
proyectos,PRJ0009,project,🗂️Base de datos del proyecto,30,PRJ0009,Calasanzs,Calasanzs,Soporte,Implementado,support,,,,,,,,,,,,,,,,,,,,,,,,,,,,,,,,,,,,,,,,,,,,,"{""project_name_raw"": ""Calasanzs"", ""project_name"": ""Calasanzs"", ""project_category"": ""Soporte"", ""project_status"": ""En curso"", ""project_priority"": ""Medio"", ""product_label"": ""Implementado"", ""project_start_date"": """", ""project_due_date"": """", ""project_end_date"": """", ""project_progress"": 0.98, ""project_done"": false, ""project_owner"": ""Carmen Donoso"", ""project_collaborators"": """", ""project_estimated_value"": ""$"", ""project_document_links"": """", ""project_status_update"": """", ""raci_responsible"": ""Carmen Donoso"", ""raci_accountable"": """", ""raci_consulted"": """", ""raci_informed"": """", ""task_count"": 4.0, ""overdue_task_count"": 0.0, ""meeting_count"": 0.0, ""call_count"": 0.0, ""email_count"": 0.0, ""communication_count"": 0.0, ""next_meeting_date"": ""N/A"", ""last_meeting_date"": ""N/A"", ""last_meeting_notes"": """", ""last_communication_date"": ""N/A"", ""last_communication_type"": """", ""last_communication_notes"": """"}",{},support,PROJECT_TO_TEMPLATE,DIRECT_PROJECT_TEMPLATE_BINDING,,
proyectos,PRJ0010,project,🗂️Base de datos del proyecto,31,PRJ0010,Colsubsidio - Respaldo Schoolpack,Colsubsidio - Respaldo Schoolpack,Soporte,Respaldo Schoolpack,support,,,,,,,,,,,,,,,,,,,,,,,,,,,,,,,,,,,,,,,,,,,,,"{""project_name_raw"": ""Colsubsidio - Respaldo Schoolpack"", ""project_name"": ""Colsubsidio - Respaldo Schoolpack"", ""project_category"": ""Soporte"", ""project_status"": ""En curso"", ""project_priority"": ""Medio"", ""product_label"": ""Respaldo Schoolpack"", ""project_start_date"": ""2024-12-09"", ""project_due_date"": """", ""project_end_date"": """", ""project_progress"": 0.0, ""project_done"": false, ""project_owner"": ""Administrativo"", ""project_collaborators"": """", ""project_estimated_value"": ""$"", ""project_document_links"": """", ""project_status_update"": """", ""raci_responsible"": ""Administrativo"", ""raci_accountable"": """", ""raci_consulted"": """", ""raci_informed"": """", ""task_count"": 3.0, ""overdue_task_count"": 0.0, ""meeting_count"": 0.0, ""call_count"": 0.0, ""email_count"": 0.0, ""communication_count"": 0.0, ""next_meeting_date"": ""N/A"", ""last_meeting_date"": ""N/A"", ""last_meeting_notes"": """", ""last_communication_date"": ""N/A"", ""last_communication_type"": """", ""last_communication_notes"": """"}",{},support,PROJECT_TO_TEMPLATE,DIRECT_PROJECT_TEMPLATE_BINDING,,
proyectos,PRJ0011,project,🗂️Base de datos del proyecto,32,PRJ0011,Cet,Cet ,Soporte,Evolutivo inscripción,support,,,,,,,,,,,,,,,,,,,,,,,,,,,,,,,,,,,,,,,,,,,,,"{""project_name_raw"": ""Cet "", ""project_name"": ""Cet"", ""project_category"": ""Soporte"", ""project_status"": ""En curso"", ""project_priority"": ""Alto"", ""product_label"": ""Evolutivo inscripción"", ""project_start_date"": ""2025-05-08"", ""project_due_date"": """", ""project_end_date"": """", ""project_progress"": 0.5, ""project_done"": false, ""project_owner"": """", ""project_collaborators"": """", ""project_estimated_value"": ""$"", ""project_document_links"": """", ""project_status_update"": """", ""raci_responsible"": """", ""raci_accountable"": """", ""raci_consulted"": """", ""raci_informed"": """", ""task_count"": 1.0, ""overdue_task_count"": 0.0, ""meeting_count"": 0.0, ""call_count"": 0.0, ""email_count"": 0.0, ""communication_count"": 0.0, ""next_meeting_date"": ""N/A"", ""last_meeting_date"": ""N/A"", ""last_meeting_notes"": """", ""last_communication_date"": ""N/A"", ""last_communication_type"": """", ""last_communication_notes"": """"}",{},support,PROJECT_TO_TEMPLATE,DIRECT_PROJECT_TEMPLATE_BINDING,,
proyectos,PRJ0012,project,🗂️Base de datos del proyecto,33,PRJ0012,Col Pres,Col Pres,Soporte,Marco común curricular,support,,,,,,,,,,,,,,,,,,,,,,,,,,,,,,,,,,,,,,,,,,,,,"{""project_name_raw"": ""Col Pres"", ""project_name"": ""Col Pres"", ""project_category"": ""Soporte"", ""project_status"": ""En curso"", ""project_priority"": ""Alto"", ""product_label"": ""Marco común curricular"", ""project_start_date"": ""2025-03-21"", ""project_due_date"": """", ""project_end_date"": ""2025-08-21"", ""project_progress"": 0.61, ""project_done"": false, ""project_owner"": ""Carmen Donoso"", ""project_collaborators"": """", ""project_estimated_value"": ""$"", ""project_document_links"": """", ""project_status_update"": """", ""raci_responsible"": ""Carmen Donoso"", ""raci_accountable"": """", ""raci_consulted"": """", ""raci_informed"": """", ""task_count"": 0.0, ""overdue_task_count"": 0.0, ""meeting_count"": 0.0, ""call_count"": 0.0, ""email_count"": 0.0, ""communication_count"": 0.0, ""next_meeting_date"": ""N/A"", ""last_meeting_date"": ""N/A"", ""last_meeting_notes"": """", ""last_communication_date"": ""N/A"", ""last_communication_type"": """", ""last_communication_notes"": """"}",{},support,PROJECT_TO_TEMPLATE,DIRECT_PROJECT_TEMPLATE_BINDING,,
proyectos,PRJ0013,project,🗂️Base de datos del proyecto,34,PRJ0013,Aspaen,Aspaen,Soporte,Schoolpack,support,,,,,,,,,,,,,,,,,,,,,,,,,,,,,,,,,,,,,,,,,,,,,"{""project_name_raw"": ""Aspaen"", ""project_name"": ""Aspaen"", ""project_category"": ""Soporte"", ""project_status"": ""En curso"", ""project_priority"": ""Alto"", ""product_label"": ""Schoolpack"", ""project_start_date"": """", ""project_due_date"": """", ""project_end_date"": """", ""project_progress"": 0.0, ""project_done"": false, ""project_owner"": ""Desarrollo"", ""project_collaborators"": """", ""project_estimated_value"": ""$"", ""project_document_links"": """", ""project_status_update"": """", ""raci_responsible"": ""Desarrollo"", ""raci_accountable"": """", ""raci_consulted"": """", ""raci_informed"": """", ""task_count"": 3.0, ""overdue_task_count"": 0.0, ""meeting_count"": 0.0, ""call_count"": 0.0, ""email_count"": 0.0, ""communication_count"": 0.0, ""next_meeting_date"": ""N/A"", ""last_meeting_date"": ""N/A"", ""last_meeting_notes"": """", ""last_communication_date"": ""N/A"", ""last_communication_type"": """", ""last_communication_notes"": """"}",{},support,PROJECT_TO_TEMPLATE,DIRECT_PROJECT_TEMPLATE_BINDING,,
proyectos,PRJ0014,project,🗂️Base de datos del proyecto,35,PRJ0014,San Jose de las Vegas,San Jose de las Vegas,Soporte,Schoolpack,support,,,,,,,,,,,,,,,,,,,,,,,,,,,,,,,,,,,,,,,,,,,,,"{""project_name_raw"": ""San Jose de las Vegas"", ""project_name"": ""San Jose de las Vegas"", ""project_category"": ""Soporte"", ""project_status"": ""En curso"", ""project_priority"": ""Medio"", ""product_label"": ""Schoolpack"", ""project_start_date"": """", ""project_due_date"": """", ""project_end_date"": """", ""project_progress"": 0.0, ""project_done"": false, ""project_owner"": """", ""project_collaborators"": """", ""project_estimated_value"": ""$"", ""project_document_links"": """", ""project_status_update"": """", ""raci_responsible"": """", ""raci_accountable"": """", ""raci_consulted"": """", ""raci_informed"": """", ""task_count"": 6.0, ""overdue_task_count"": 0.0, ""meeting_count"": 0.0, ""call_count"": 0.0, ""email_count"": 0.0, ""communication_count"": 0.0, ""next_meeting_date"": ""N/A"", ""last_meeting_date"": ""N/A"", ""last_meeting_notes"": """", ""last_communication_date"": ""N/A"", ""last_communication_type"": """", ""last_communication_notes"": """"}",{},support,PROJECT_TO_TEMPLATE,DIRECT_PROJECT_TEMPLATE_BINDING,,
proyectos,PRJ0015,project,🗂️Base de datos del proyecto,36,PRJ0015,KIAI,KIAI,Soporte,Schoolpack,support,,,,,,,,,,,,,,,,,,,,,,,,,,,,,,,,,,,,,,,,,,,,,"{""project_name_raw"": ""KIAI"", ""project_name"": ""KIAI"", ""project_category"": ""Soporte"", ""project_status"": ""En curso"", ""project_priority"": ""Medio"", ""product_label"": ""Schoolpack"", ""project_start_date"": ""2025-08-08"", ""project_due_date"": """", ""project_end_date"": ""2025-09-04"", ""project_progress"": 0.0, ""project_done"": false, ""project_owner"": """", ""project_collaborators"": """", ""project_estimated_value"": ""$"", ""project_document_links"": """", ""project_status_update"": """", ""raci_responsible"": """", ""raci_accountable"": """", ""raci_consulted"": """", ""raci_informed"": """", ""task_count"": 9.0, ""overdue_task_count"": 0.0, ""meeting_count"": 0.0, ""call_count"": 0.0, ""email_count"": 0.0, ""communication_count"": 0.0, ""next_meeting_date"": ""N/A"", ""last_meeting_date"": ""N/A"", ""last_meeting_notes"": """", ""last_communication_date"": ""N/A"", ""last_communication_type"": """", ""last_communication_notes"": """"}",{},support,PROJECT_TO_TEMPLATE,DIRECT_PROJECT_TEMPLATE_BINDING,,
proyectos,PRJ0016,project,🗂️Base de datos del proyecto,37,PRJ0016,Sigmund Freud,Sigmund Freud,Soporte,Implementado,support,,,,,,,,,,,,,,,,,,,,,,,,,,,,,,,,,,,,,,,,,,,,,"{""project_name_raw"": ""Sigmund Freud"", ""project_name"": ""Sigmund Freud"", ""project_category"": ""Soporte"", ""project_status"": ""En curso"", ""project_priority"": ""Medio"", ""product_label"": ""Implementado"", ""project_start_date"": ""2025-08-20"", ""project_due_date"": """", ""project_end_date"": """", ""project_progress"": 0.15, ""project_done"": false, ""project_owner"": ""Jhoec Camayo"", ""project_collaborators"": """", ""project_estimated_value"": ""$"", ""project_document_links"": """", ""project_status_update"": """", ""raci_responsible"": ""Jhoec Camayo"", ""raci_accountable"": """", ""raci_consulted"": """", ""raci_informed"": """", ""task_count"": 31.0, ""overdue_task_count"": 4.0, ""meeting_count"": 0.0, ""call_count"": 0.0, ""email_count"": 0.0, ""communication_count"": 0.0, ""next_meeting_date"": ""N/A"", ""last_meeting_date"": ""N/A"", ""last_meeting_notes"": """", ""last_communication_date"": ""N/A"", ""last_communication_type"": """", ""last_communication_notes"": """"}",{},support,PROJECT_TO_TEMPLATE,DIRECT_PROJECT_TEMPLATE_BINDING,,
proyectos,PRJ0017,project,🗂️Base de datos del proyecto,38,PRJ0017,Nuevo colegio del Prado,Nuevo colegio del Prado,Soporte,Schoolpack,support,,,,,,,,,,,,,,,,,,,,,,,,,,,,,,,,,,,,,,,,,,,,,"{""project_name_raw"": ""Nuevo colegio del Prado"", ""project_name"": ""Nuevo colegio del Prado"", ""project_category"": ""Soporte"", ""project_status"": ""En curso"", ""project_priority"": ""Medio"", ""product_label"": ""Schoolpack"", ""project_start_date"": ""2025-09-08"", ""project_due_date"": """", ""project_end_date"": """", ""project_progress"": 0.0, ""project_done"": false, ""project_owner"": """", ""project_collaborators"": """", ""project_estimated_value"": ""$"", ""project_document_links"": """", ""project_status_update"": """", ""raci_responsible"": """", ""raci_accountable"": """", ""raci_consulted"": """", ""raci_informed"": """", ""task_count"": 20.0, ""overdue_task_count"": 0.0, ""meeting_count"": 0.0, ""call_count"": 0.0, ""email_count"": 0.0, ""communication_count"": 0.0, ""next_meeting_date"": ""N/A"", ""last_meeting_date"": ""N/A"", ""last_meeting_notes"": """", ""last_communication_date"": ""N/A"", ""last_communication_type"": """", ""last_communication_notes"": """"}",{},support,PROJECT_TO_TEMPLATE,DIRECT_PROJECT_TEMPLATE_BINDING,,
proyectos,PRJ0018,project,🗂️Base de datos del proyecto,39,PRJ0018,Colegio Gimnasio del Saber,Colegio Gimnasio del Saber,Soporte,Schoolpack,support,,,,,,,,,,,,,,,,,,,,,,,,,,,,,,,,,,,,,,,,,,,,,"{""project_name_raw"": ""Colegio Gimnasio del Saber"", ""project_name"": ""Colegio Gimnasio del Saber"", ""project_category"": ""Soporte"", ""project_status"": ""En curso"", ""project_priority"": ""Medio"", ""product_label"": ""Schoolpack"", ""project_start_date"": """", ""project_due_date"": """", ""project_end_date"": """", ""project_progress"": 0.0, ""project_done"": false, ""project_owner"": """", ""project_collaborators"": """", ""project_estimated_value"": ""$"", ""project_document_links"": """", ""project_status_update"": """", ""raci_responsible"": """", ""raci_accountable"": """", ""raci_consulted"": """", ""raci_informed"": """", ""task_count"": 49.0, ""overdue_task_count"": 0.0, ""meeting_count"": 0.0, ""call_count"": 0.0, ""email_count"": 0.0, ""communication_count"": 0.0, ""next_meeting_date"": ""N/A"", ""last_meeting_date"": ""N/A"", ""last_meeting_notes"": """", ""last_communication_date"": ""N/A"", ""last_communication_type"": """", ""last_communication_notes"": """"}",{},support,PROJECT_TO_TEMPLATE,DIRECT_PROJECT_TEMPLATE_BINDING,,
proyectos,PRJ0019,project,🗂️Base de datos del proyecto,40,PRJ0019,Instituto Alberto Merani,Instituto Alberto Merani,Soporte,Schoolpack,support,,,,,,,,,,,,,,,,,,,,,,,,,,,,,,,,,,,,,,,,,,,,,"{""project_name_raw"": ""Instituto Alberto Merani"", ""project_name"": ""Instituto Alberto Merani"", ""project_category"": ""Soporte"", ""project_status"": ""En curso"", ""project_priority"": ""Alto"", ""product_label"": ""Schoolpack"", ""project_start_date"": ""2025-09-26"", ""project_due_date"": """", ""project_end_date"": """", ""project_progress"": 0.0, ""project_done"": false, ""project_owner"": ""Jhoec Camayo"", ""project_collaborators"": """", ""project_estimated_value"": ""$"", ""project_document_links"": """", ""project_status_update"": """", ""raci_responsible"": ""Jhoec Camayo"", ""raci_accountable"": """", ""raci_consulted"": """", ""raci_informed"": """", ""task_count"": 9.0, ""overdue_task_count"": 1.0, ""meeting_count"": 0.0, ""call_count"": 0.0, ""email_count"": 0.0, ""communication_count"": 0.0, ""next_meeting_date"": ""N/A"", ""last_meeting_date"": ""N/A"", ""last_meeting_notes"": """", ""last_communication_date"": ""N/A"", ""last_communication_type"": """", ""last_communication_notes"": """"}",{},support,PROJECT_TO_TEMPLATE,DIRECT_PROJECT_TEMPLATE_BINDING,,
proyectos,PRJ0020,project,🗂️Base de datos del proyecto,41,PRJ0020,Comfaboy,Comfaboy,Soporte,Schoolpack,support,,,,,,,,,,,,,,,,,,,,,,,,,,,,,,,,,,,,,,,,,,,,,"{""project_name_raw"": ""Comfaboy"", ""project_name"": ""Comfaboy"", ""project_category"": ""Soporte"", ""project_status"": ""En curso"", ""project_priority"": ""Alto"", ""product_label"": ""Schoolpack"", ""project_start_date"": """", ""project_due_date"": """", ""project_end_date"": """", ""project_progress"": 0.0, ""project_done"": false, ""project_owner"": """", ""project_collaborators"": """", ""project_estimated_value"": ""$"", ""project_document_links"": """", ""project_status_update"": """", ""raci_responsible"": """", ""raci_accountable"": """", ""raci_consulted"": """", ""raci_informed"": """", ""task_count"": 30.0, ""overdue_task_count"": 0.0, ""meeting_count"": 0.0, ""call_count"": 0.0, ""email_count"": 0.0, ""communication_count"": 0.0, ""next_meeting_date"": ""N/A"", ""last_meeting_date"": ""N/A"", ""last_meeting_notes"": """", ""last_communication_date"": ""N/A"", ""last_communication_type"": """", ""last_communication_notes"": """"}",{},support,PROJECT_TO_TEMPLATE,DIRECT_PROJECT_TEMPLATE_BINDING,,
proyectos,PRJ0021,project,🗂️Base de datos del proyecto,42,PRJ0021,FESA,FESA,Soporte,Schoolpack,support,,,,,,,,,,,,,,,,,,,,,,,,,,,,,,,,,,,,,,,,,,,,,"{""project_name_raw"": ""FESA"", ""project_name"": ""FESA"", ""project_category"": ""Soporte"", ""project_status"": ""En curso"", ""project_priority"": ""Medio"", ""product_label"": ""Schoolpack"", ""project_start_date"": """", ""project_due_date"": """", ""project_end_date"": """", ""project_progress"": 0.0, ""project_done"": false, ""project_owner"": """", ""project_collaborators"": """", ""project_estimated_value"": ""$"", ""project_document_links"": """", ""project_status_update"": """", ""raci_responsible"": """", ""raci_accountable"": """", ""raci_consulted"": """", ""raci_informed"": """", ""task_count"": 17.0, ""overdue_task_count"": 0.0, ""meeting_count"": 0.0, ""call_count"": 0.0, ""email_count"": 0.0, ""communication_count"": 0.0, ""next_meeting_date"": ""N/A"", ""last_meeting_date"": ""N/A"", ""last_meeting_notes"": """", ""last_communication_date"": ""N/A"", ""last_communication_type"": """", ""last_communication_notes"": """"}",{},support,PROJECT_TO_TEMPLATE,DIRECT_PROJECT_TEMPLATE_BINDING,,
proyectos,PRJ0022,project,🗂️Base de datos del proyecto,43,PRJ0022,INPEC,INPEC,Implementación,Campuspack,implementation_campuspack,,,,,,,,,,,,,,,,,,,,,,,,,,,,,,,,,,,,,,,,,,,,,"{""project_name_raw"": ""INPEC"", ""project_name"": ""INPEC"", ""project_category"": ""Implementación"", ""project_status"": ""En curso"", ""project_priority"": ""Alto"", ""product_label"": ""Campuspack"", ""project_start_date"": ""2025-11-05"", ""project_due_date"": ""2026-02-23"", ""project_end_date"": ""2026-07-01"", ""project_progress"": 0.7, ""project_done"": false, ""project_owner"": ""Carmen Donoso"", ""project_collaborators"": """", ""project_estimated_value"": ""$"", ""project_document_links"": """", ""project_status_update"": """", ""raci_responsible"": ""Carmen Donoso"", ""raci_accountable"": """", ""raci_consulted"": """", ""raci_informed"": """", ""task_count"": 60.0, ""overdue_task_count"": 0.0, ""meeting_count"": 0.0, ""call_count"": 0.0, ""email_count"": 0.0, ""communication_count"": 0.0, ""next_meeting_date"": ""N/A"", ""last_meeting_date"": ""N/A"", ""last_meeting_notes"": """", ""last_communication_date"": ""N/A"", ""last_communication_type"": """", ""last_communication_notes"": """"}",{},implementation_campuspack,PROJECT_TO_TEMPLATE,DIRECT_PROJECT_TEMPLATE_BINDING,,
proyectos,PRJ0023,project,🗂️Base de datos del proyecto,44,PRJ0023,Contraloria,Contraloria,Soporte,Schoolpack,support,,,,,,,,,,,,,,,,,,,,,,,,,,,,,,,,,,,,,,,,,,,,,"{""project_name_raw"": ""Contraloria"", ""project_name"": ""Contraloria"", ""project_category"": ""Soporte"", ""project_status"": ""En curso"", ""project_priority"": ""Alto"", ""product_label"": ""Schoolpack"", ""project_start_date"": """", ""project_due_date"": """", ""project_end_date"": """", ""project_progress"": 0.0, ""project_done"": false, ""project_owner"": """", ""project_collaborators"": """", ""project_estimated_value"": ""$"", ""project_document_links"": """", ""project_status_update"": """", ""raci_responsible"": """", ""raci_accountable"": """", ""raci_consulted"": """", ""raci_informed"": """", ""task_count"": 20.0, ""overdue_task_count"": 0.0, ""meeting_count"": 0.0, ""call_count"": 0.0, ""email_count"": 0.0, ""communication_count"": 0.0, ""next_meeting_date"": ""N/A"", ""last_meeting_date"": ""N/A"", ""last_meeting_notes"": """", ""last_communication_date"": ""N/A"", ""last_communication_type"": """", ""last_communication_notes"": """"}",{},support,PROJECT_TO_TEMPLATE,DIRECT_PROJECT_TEMPLATE_BINDING,,
proyectos,PRJ0024,project,🗂️Base de datos del proyecto,45,PRJ0024,Nuevo Gimnasio School,Nuevo Gimnasio School,Soporte,Schoolpack,support,,,,,,,,,,,,,,,,,,,,,,,,,,,,,,,,,,,,,,,,,,,,,"{""project_name_raw"": ""Nuevo Gimnasio School"", ""project_name"": ""Nuevo Gimnasio School"", ""project_category"": ""Soporte"", ""project_status"": ""En curso"", ""project_priority"": ""Medio"", ""product_label"": ""Schoolpack"", ""project_start_date"": """", ""project_due_date"": """", ""project_end_date"": """", ""project_progress"": 0.0, ""project_done"": false, ""project_owner"": """", ""project_collaborators"": """", ""project_estimated_value"": ""$"", ""project_document_links"": """", ""project_status_update"": """", ""raci_responsible"": """", ""raci_accountable"": """", ""raci_consulted"": """", ""raci_informed"": """", ""task_count"": 8.0, ""overdue_task_count"": 0.0, ""meeting_count"": 0.0, ""call_count"": 0.0, ""email_count"": 0.0, ""communication_count"": 0.0, ""next_meeting_date"": ""N/A"", ""last_meeting_date"": ""N/A"", ""last_meeting_notes"": """", ""last_communication_date"": ""N/A"", ""last_communication_type"": """", ""last_communication_notes"": """"}",{},support,PROJECT_TO_TEMPLATE,DIRECT_PROJECT_TEMPLATE_BINDING,,
proyectos,PRJ0025,project,🗂️Base de datos del proyecto,46,PRJ0025,Universidad de Envigado,Universidad de Envigado,Implementación,Campuspack,implementation_campuspack,,,,,,,,,,,,,,,,,,,,,,,,,,,,,,,,,,,,,,,,,,,,,"{""project_name_raw"": ""Universidad de Envigado"", ""project_name"": ""Universidad de Envigado"", ""project_category"": ""Implementación"", ""project_status"": ""En curso"", ""project_priority"": ""Alto"", ""product_label"": ""Campuspack"", ""project_start_date"": ""2025-10-15"", ""project_due_date"": """", ""project_end_date"": """", ""project_progress"": 0.17, ""project_done"": false, ""project_owner"": ""Julian Sanchez "", ""project_collaborators"": """", ""project_estimated_value"": ""$"", ""project_document_links"": """", ""project_status_update"": """", ""raci_responsible"": ""Julian Sanchez "", ""raci_accountable"": """", ""raci_consulted"": """", ""raci_informed"": """", ""task_count"": 28.0, ""overdue_task_count"": 0.0, ""meeting_count"": 0.0, ""call_count"": 0.0, ""email_count"": 0.0, ""communication_count"": 0.0, ""next_meeting_date"": ""N/A"", ""last_meeting_date"": ""N/A"", ""last_meeting_notes"": """", ""last_communication_date"": ""N/A"", ""last_communication_type"": """", ""last_communication_notes"": """"}",{},implementation_campuspack,PROJECT_TO_TEMPLATE,DIRECT_PROJECT_TEMPLATE_BINDING,,
proyectos,PRJ0026,project,🗂️Base de datos del proyecto,47,PRJ0026,Corp.Edu Adventista,Corp.Edu Adventista,Implementación,Schoolpack,implementation_schoolpack,,,,,,,,,,,,,,,,,,,,,,,,,,,,,,,,,,,,,,,,,,,,,"{""project_name_raw"": ""Corp.Edu Adventista"", ""project_name"": ""Corp.Edu Adventista"", ""project_category"": ""Implementación"", ""project_status"": ""En curso"", ""project_priority"": ""Alto"", ""product_label"": ""Schoolpack"", ""project_start_date"": ""2025-11-21"", ""project_due_date"": """", ""project_end_date"": """", ""project_progress"": 0.56, ""project_done"": false, ""project_owner"": ""Carmen Donoso"", ""project_collaborators"": """", ""project_estimated_value"": ""$"", ""project_document_links"": """", ""project_status_update"": """", ""raci_responsible"": ""Carmen Donoso"", ""raci_accountable"": """", ""raci_consulted"": """", ""raci_informed"": """", ""task_count"": 42.0, ""overdue_task_count"": 0.0, ""meeting_count"": 0.0, ""call_count"": 0.0, ""email_count"": 0.0, ""communication_count"": 0.0, ""next_meeting_date"": ""N/A"", ""last_meeting_date"": ""N/A"", ""last_meeting_notes"": """", ""last_communication_date"": ""N/A"", ""last_communication_type"": """", ""last_communication_notes"": """"}",{},implementation_schoolpack,PROJECT_TO_TEMPLATE,DIRECT_PROJECT_TEMPLATE_BINDING,,
proyectos,PRJ0027,project,🗂️Base de datos del proyecto,48,PRJ0027,Casa sobre la Roca - Nuevo Gimnasio Cristiano,Casa sobre la Roca - Nuevo Gimnasio Cristiano,Soporte,Schoolpack,support,,,,,,,,,,,,,,,,,,,,,,,,,,,,,,,,,,,,,,,,,,,,,"{""project_name_raw"": ""Casa sobre la Roca - Nuevo Gimnasio Cristiano"", ""project_name"": ""Casa sobre la Roca - Nuevo Gimnasio Cristiano"", ""project_category"": ""Soporte"", ""project_status"": ""En curso"", ""project_priority"": ""Medio"", ""product_label"": ""Schoolpack"", ""project_start_date"": """", ""project_due_date"": """", ""project_end_date"": """", ""project_progress"": 0.0, ""project_done"": false, ""project_owner"": """", ""project_collaborators"": """", ""project_estimated_value"": ""$"", ""project_document_links"": """", ""project_status_update"": """", ""raci_responsible"": """", ""raci_accountable"": """", ""raci_consulted"": """", ""raci_informed"": """", ""task_count"": 19.0, ""overdue_task_count"": 1.0, ""meeting_count"": 0.0, ""call_count"": 0.0, ""email_count"": 0.0, ""communication_count"": 0.0, ""next_meeting_date"": ""N/A"", ""last_meeting_date"": ""N/A"", ""last_meeting_notes"": """", ""last_communication_date"": ""N/A"", ""last_communication_type"": """", ""last_communication_notes"": """"}",{},support,PROJECT_TO_TEMPLATE,DIRECT_PROJECT_TEMPLATE_BINDING,,
proyectos,PRJ0028,project,🗂️Base de datos del proyecto,49,PRJ0028,Jalam,Jalam,Implementación,Schoolpack,implementation_schoolpack,,,,,,,,,,,,,,,,,,,,,,,,,,,,,,,,,,,,,,,,,,,,,"{""project_name_raw"": ""Jalam"", ""project_name"": ""Jalam"", ""project_category"": ""Implementación"", ""project_status"": ""Hecho"", ""project_priority"": ""Medio"", ""product_label"": ""Schoolpack"", ""project_start_date"": """", ""project_due_date"": """", ""project_end_date"": """", ""project_progress"": 0.0, ""project_done"": false, ""project_owner"": """", ""project_collaborators"": """", ""project_estimated_value"": ""$"", ""project_document_links"": """", ""project_status_update"": """", ""raci_responsible"": """", ""raci_accountable"": """", ""raci_consulted"": """", ""raci_informed"": """", ""task_count"": 6.0, ""overdue_task_count"": 0.0, ""meeting_count"": 0.0, ""call_count"": 0.0, ""email_count"": 0.0, ""communication_count"": 0.0, ""next_meeting_date"": ""N/A"", ""last_meeting_date"": ""N/A"", ""last_meeting_notes"": """", ""last_communication_date"": ""N/A"", ""last_communication_type"": """", ""last_communication_notes"": """"}",{},implementation_schoolpack,PROJECT_TO_TEMPLATE,DIRECT_PROJECT_TEMPLATE_BINDING,,
proyectos,PRJ0029,project,🗂️Base de datos del proyecto,50,PRJ0029,UNITEC,UNITEC,Soporte,Campuspack,support,,,,,,,,,,,,,,,,,,,,,,,,,,,,,,,,,,,,,,,,,,,,,"{""project_name_raw"": ""UNITEC"", ""project_name"": ""UNITEC"", ""project_category"": ""Soporte"", ""project_status"": ""Hecho"", ""project_priority"": ""Medio"", ""product_label"": ""Campuspack"", ""project_start_date"": """", ""project_due_date"": """", ""project_end_date"": """", ""project_progress"": 0.0, ""project_done"": false, ""project_owner"": """", ""project_collaborators"": """", ""project_estimated_value"": ""$"", ""project_document_links"": """", ""project_status_update"": """", ""raci_responsible"": """", ""raci_accountable"": """", ""raci_consulted"": """", ""raci_informed"": """", ""task_count"": 1.0, ""overdue_task_count"": 0.0, ""meeting_count"": 0.0, ""call_count"": 0.0, ""email_count"": 0.0, ""communication_count"": 0.0, ""next_meeting_date"": ""N/A"", ""last_meeting_date"": ""N/A"", ""last_meeting_notes"": """", ""last_communication_date"": ""N/A"", ""last_communication_type"": """", ""last_communication_notes"": """"}",{},support,PROJECT_TO_TEMPLATE,DIRECT_PROJECT_TEMPLATE_BINDING,,
proyectos,PRJ0030,project,🗂️Base de datos del proyecto,51,PRJ0030,Comfenalco,Comfenalco ,Soporte,Campuspack,support,,,,,,,,,,,,,,,,,,,,,,,,,,,,,,,,,,,,,,,,,,,,,"{""project_name_raw"": ""Comfenalco "", ""project_name"": ""Comfenalco"", ""project_category"": ""Soporte"", ""project_status"": ""En curso"", ""project_priority"": ""Medio"", ""product_label"": ""Campuspack"", ""project_start_date"": """", ""project_due_date"": """", ""project_end_date"": """", ""project_progress"": 0.0, ""project_done"": false, ""project_owner"": """", ""project_collaborators"": """", ""project_estimated_value"": ""$"", ""project_document_links"": """", ""project_status_update"": """", ""raci_responsible"": """", ""raci_accountable"": """", ""raci_consulted"": """", ""raci_informed"": """", ""task_count"": 3.0, ""overdue_task_count"": 0.0, ""meeting_count"": 0.0, ""call_count"": 0.0, ""email_count"": 0.0, ""communication_count"": 0.0, ""next_meeting_date"": ""N/A"", ""last_meeting_date"": ""N/A"", ""last_meeting_notes"": """", ""last_communication_date"": ""N/A"", ""last_communication_type"": """", ""last_communication_notes"": """"}",{},support,PROJECT_TO_TEMPLATE,DIRECT_PROJECT_TEMPLATE_BINDING,,
proyectos,PRJ0031,project,🗂️Base de datos del proyecto,52,PRJ0031,Colegio Refous,Colegio Refous,Soporte,Schoolpack,support,,,,,,,,,,,,,,,,,,,,,,,,,,,,,,,,,,,,,,,,,,,,,"{""project_name_raw"": ""Colegio Refous"", ""project_name"": ""Colegio Refous"", ""project_category"": ""Soporte"", ""project_status"": ""En curso"", ""project_priority"": ""Medio"", ""product_label"": ""Schoolpack"", ""project_start_date"": """", ""project_due_date"": """", ""project_end_date"": """", ""project_progress"": 0.0, ""project_done"": false, ""project_owner"": """", ""project_collaborators"": """", ""project_estimated_value"": ""$"", ""project_document_links"": """", ""project_status_update"": """", ""raci_responsible"": """", ""raci_accountable"": """", ""raci_consulted"": """", ""raci_informed"": """", ""task_count"": 42.0, ""overdue_task_count"": 0.0, ""meeting_count"": 0.0, ""call_count"": 0.0, ""email_count"": 0.0, ""communication_count"": 0.0, ""next_meeting_date"": ""N/A"", ""last_meeting_date"": ""N/A"", ""last_meeting_notes"": """", ""last_communication_date"": ""N/A"", ""last_communication_type"": """", ""last_communication_notes"": """"}",{},support,PROJECT_TO_TEMPLATE,DIRECT_PROJECT_TEMPLATE_BINDING,,
proyectos,PRJ0032,project,🗂️Base de datos del proyecto,53,PRJ0032,Americano Barranquilla,Americano Barranquilla,Soporte,Schoolpack,support,,,,,,,,,,,,,,,,,,,,,,,,,,,,,,,,,,,,,,,,,,,,,"{""project_name_raw"": ""Americano Barranquilla"", ""project_name"": ""Americano Barranquilla"", ""project_category"": ""Soporte"", ""project_status"": ""En curso"", ""project_priority"": ""Medio"", ""product_label"": ""Schoolpack"", ""project_start_date"": """", ""project_due_date"": """", ""project_end_date"": """", ""project_progress"": 0.0, ""project_done"": false, ""project_owner"": """", ""project_collaborators"": """", ""project_estimated_value"": ""$"", ""project_document_links"": """", ""project_status_update"": """", ""raci_responsible"": """", ""raci_accountable"": """", ""raci_consulted"": """", ""raci_informed"": """", ""task_count"": 6.0, ""overdue_task_count"": 0.0, ""meeting_count"": 0.0, ""call_count"": 0.0, ""email_count"": 0.0, ""communication_count"": 0.0, ""next_meeting_date"": ""N/A"", ""last_meeting_date"": ""N/A"", ""last_meeting_notes"": """", ""last_communication_date"": ""N/A"", ""last_communication_type"": """", ""last_communication_notes"": """"}",{},support,PROJECT_TO_TEMPLATE,DIRECT_PROJECT_TEMPLATE_BINDING,,
proyectos,PRJ0033,project,🗂️Base de datos del proyecto,54,PRJ0033,Binet,Binet,Soporte,Schoolpack,support,,,,,,,,,,,,,,,,,,,,,,,,,,,,,,,,,,,,,,,,,,,,,"{""project_name_raw"": ""Binet"", ""project_name"": ""Binet"", ""project_category"": ""Soporte"", ""project_status"": ""En curso"", ""project_priority"": ""Medio"", ""product_label"": ""Schoolpack"", ""project_start_date"": """", ""project_due_date"": """", ""project_end_date"": """", ""project_progress"": 0.0, ""project_done"": false, ""project_owner"": """", ""project_collaborators"": """", ""project_estimated_value"": ""$"", ""project_document_links"": """", ""project_status_update"": """", ""raci_responsible"": """", ""raci_accountable"": """", ""raci_consulted"": """", ""raci_informed"": """", ""task_count"": 7.0, ""overdue_task_count"": 0.0, ""meeting_count"": 0.0, ""call_count"": 0.0, ""email_count"": 0.0, ""communication_count"": 0.0, ""next_meeting_date"": ""N/A"", ""last_meeting_date"": ""N/A"", ""last_meeting_notes"": """", ""last_communication_date"": ""N/A"", ""last_communication_type"": """", ""last_communication_notes"": """"}",{},support,PROJECT_TO_TEMPLATE,DIRECT_PROJECT_TEMPLATE_BINDING,,
proyectos,PRJ0034,project,🗂️Base de datos del proyecto,55,PRJ0034,Incolmotos - Escuelas Musicales,Incolmotos - Escuelas Musicales,Implementación,Campuspack,implementation_campuspack,,,,,,,,,,,,,,,,,,,,,,,,,,,,,,,,,,,,,,,,,,,,,"{""project_name_raw"": ""Incolmotos - Escuelas Musicales"", ""project_name"": ""Incolmotos - Escuelas Musicales"", ""project_category"": ""Implementación"", ""project_status"": ""En curso"", ""project_priority"": ""Alto"", ""product_label"": ""Campuspack"", ""project_start_date"": """", ""project_due_date"": """", ""project_end_date"": """", ""project_progress"": 0.44, ""project_done"": false, ""project_owner"": ""Sebastian Ballesteros"", ""project_collaborators"": """", ""project_estimated_value"": ""$"", ""project_document_links"": """", ""project_status_update"": """", ""raci_responsible"": ""Sebastian Ballesteros"", ""raci_accountable"": """", ""raci_consulted"": """", ""raci_informed"": """", ""task_count"": 30.0, ""overdue_task_count"": 0.0, ""meeting_count"": 0.0, ""call_count"": 0.0, ""email_count"": 0.0, ""communication_count"": 0.0, ""next_meeting_date"": ""N/A"", ""last_meeting_date"": ""N/A"", ""last_meeting_notes"": """", ""last_communication_date"": ""N/A"", ""last_communication_type"": """", ""last_communication_notes"": """"}",{},implementation_campuspack,PROJECT_TO_TEMPLATE,DIRECT_PROJECT_TEMPLATE_BINDING,,
proyectos,PRJ0035,project,🗂️Base de datos del proyecto,56,PRJ0035,Franciscanos,Franciscanos,Soporte,Schoolpack,support,,,,,,,,,,,,,,,,,,,,,,,,,,,,,,,,,,,,,,,,,,,,,"{""project_name_raw"": ""Franciscanos"", ""project_name"": ""Franciscanos"", ""project_category"": ""Soporte"", ""project_status"": ""En curso"", ""project_priority"": ""Medio"", ""product_label"": ""Schoolpack"", ""project_start_date"": """", ""project_due_date"": """", ""project_end_date"": """", ""project_progress"": 0.0, ""project_done"": false, ""project_owner"": """", ""project_collaborators"": """", ""project_estimated_value"": ""$"", ""project_document_links"": """", ""project_status_update"": """", ""raci_responsible"": """", ""raci_accountable"": """", ""raci_consulted"": """", ""raci_informed"": """", ""task_count"": 3.0, ""overdue_task_count"": 0.0, ""meeting_count"": 0.0, ""call_count"": 0.0, ""email_count"": 0.0, ""communication_count"": 0.0, ""next_meeting_date"": ""N/A"", ""last_meeting_date"": ""N/A"", ""last_meeting_notes"": """", ""last_communication_date"": ""N/A"", ""last_communication_type"": """", ""last_communication_notes"": """"}",{},support,PROJECT_TO_TEMPLATE,DIRECT_PROJECT_TEMPLATE_BINDING,,
proyectos,PRJ0036,project,🗂️Base de datos del proyecto,57,PRJ0036,Colegio Parroquial San Buenaventura,Colegio Parroquial San Buenaventura,Soporte,Schoolpack,support,,,,,,,,,,,,,,,,,,,,,,,,,,,,,,,,,,,,,,,,,,,,,"{""project_name_raw"": ""Colegio Parroquial San Buenaventura"", ""project_name"": ""Colegio Parroquial San Buenaventura"", ""project_category"": ""Soporte"", ""project_status"": ""En curso"", ""project_priority"": ""Medio"", ""product_label"": ""Schoolpack"", ""project_start_date"": """", ""project_due_date"": """", ""project_end_date"": """", ""project_progress"": 0.0, ""project_done"": false, ""project_owner"": """", ""project_collaborators"": """", ""project_estimated_value"": ""$"", ""project_document_links"": """", ""project_status_update"": """", ""raci_responsible"": """", ""raci_accountable"": """", ""raci_consulted"": """", ""raci_informed"": """", ""task_count"": 3.0, ""overdue_task_count"": 0.0, ""meeting_count"": 0.0, ""call_count"": 0.0, ""email_count"": 0.0, ""communication_count"": 0.0, ""next_meeting_date"": ""N/A"", ""last_meeting_date"": ""N/A"", ""last_meeting_notes"": """", ""last_communication_date"": ""N/A"", ""last_communication_type"": """", ""last_communication_notes"": """"}",{},support,PROJECT_TO_TEMPLATE,DIRECT_PROJECT_TEMPLATE_BINDING,,
proyectos,PRJ0037,project,🗂️Base de datos del proyecto,58,PRJ0037,Colegio Integral Funza,Colegio Integral Funza,Soporte,Schoolpack,support,,,,,,,,,,,,,,,,,,,,,,,,,,,,,,,,,,,,,,,,,,,,,"{""project_name_raw"": ""Colegio Integral Funza"", ""project_name"": ""Colegio Integral Funza"", ""project_category"": ""Soporte"", ""project_status"": ""En curso"", ""project_priority"": ""Medio"", ""product_label"": ""Schoolpack"", ""project_start_date"": """", ""project_due_date"": """", ""project_end_date"": """", ""project_progress"": 0.0, ""project_done"": false, ""project_owner"": """", ""project_collaborators"": """", ""project_estimated_value"": ""$"", ""project_document_links"": """", ""project_status_update"": """", ""raci_responsible"": """", ""raci_accountable"": """", ""raci_consulted"": """", ""raci_informed"": """", ""task_count"": 6.0, ""overdue_task_count"": 0.0, ""meeting_count"": 0.0, ""call_count"": 0.0, ""email_count"": 0.0, ""communication_count"": 0.0, ""next_meeting_date"": ""N/A"", ""last_meeting_date"": ""N/A"", ""last_meeting_notes"": """", ""last_communication_date"": ""N/A"", ""last_communication_type"": """", ""last_communication_notes"": """"}",{},support,PROJECT_TO_TEMPLATE,DIRECT_PROJECT_TEMPLATE_BINDING,,
proyectos,PRJ0038,project,🗂️Base de datos del proyecto,59,PRJ0038,Institución Universitaria ESCOLME,Institución Universitaria ESCOLME,Soporte,Schoolpack,support,,,,,,,,,,,,,,,,,,,,,,,,,,,,,,,,,,,,,,,,,,,,,"{""project_name_raw"": ""Institución Universitaria ESCOLME"", ""project_name"": ""Institución Universitaria ESCOLME"", ""project_category"": ""Soporte"", ""project_status"": ""En curso"", ""project_priority"": ""Medio"", ""product_label"": ""Schoolpack"", ""project_start_date"": """", ""project_due_date"": """", ""project_end_date"": """", ""project_progress"": 0.0, ""project_done"": false, ""project_owner"": """", ""project_collaborators"": """", ""project_estimated_value"": ""$"", ""project_document_links"": """", ""project_status_update"": """", ""raci_responsible"": """", ""raci_accountable"": """", ""raci_consulted"": """", ""raci_informed"": """", ""task_count"": 11.0, ""overdue_task_count"": 0.0, ""meeting_count"": 0.0, ""call_count"": 0.0, ""email_count"": 0.0, ""communication_count"": 0.0, ""next_meeting_date"": ""N/A"", ""last_meeting_date"": ""N/A"", ""last_meeting_notes"": """", ""last_communication_date"": ""N/A"", ""last_communication_type"": """", ""last_communication_notes"": """"}",{},support,PROJECT_TO_TEMPLATE,DIRECT_PROJECT_TEMPLATE_BINDING,,
proyectos,PRJ0039,project,🗂️Base de datos del proyecto,60,PRJ0039,Colegio los Angeles del Norte,Colegio los Angeles del Norte,Soporte,Schoolpack,support,,,,,,,,,,,,,,,,,,,,,,,,,,,,,,,,,,,,,,,,,,,,,"{""project_name_raw"": ""Colegio los Angeles del Norte"", ""project_name"": ""Colegio los Angeles del Norte"", ""project_category"": ""Soporte"", ""project_status"": ""En curso"", ""project_priority"": ""Medio"", ""product_label"": ""Schoolpack"", ""project_start_date"": """", ""project_due_date"": """", ""project_end_date"": """", ""project_progress"": 0.0, ""project_done"": false, ""project_owner"": """", ""project_collaborators"": """", ""project_estimated_value"": ""$"", ""project_document_links"": """", ""project_status_update"": """", ""raci_responsible"": """", ""raci_accountable"": """", ""raci_consulted"": """", ""raci_informed"": """", ""task_count"": 1.0, ""overdue_task_count"": 0.0, ""meeting_count"": 0.0, ""call_count"": 0.0, ""email_count"": 0.0, ""communication_count"": 0.0, ""next_meeting_date"": ""N/A"", ""last_meeting_date"": ""N/A"", ""last_meeting_notes"": """", ""last_communication_date"": ""N/A"", ""last_communication_type"": """", ""last_communication_notes"": """"}",{},support,PROJECT_TO_TEMPLATE,DIRECT_PROJECT_TEMPLATE_BINDING,,
proyectos,PRJ0040,project,🗂️Base de datos del proyecto,61,PRJ0040,Jardín Infantil y Prescolar Pequeños Talentos,Jardín Infantil y Prescolar Pequeños Talentos,Implementación,Schoolpack,implementation_schoolpack,,,,,,,,,,,,,,,,,,,,,,,,,,,,,,,,,,,,,,,,,,,,,"{""project_name_raw"": ""Jardín Infantil y Prescolar Pequeños Talentos"", ""project_name"": ""Jardín Infantil y Prescolar Pequeños Talentos"", ""project_category"": ""Implementación"", ""project_status"": ""En curso"", ""project_priority"": ""Alto"", ""product_label"": ""Schoolpack"", ""project_start_date"": ""2026-03-25"", ""project_due_date"": ""2026-08-03"", ""project_end_date"": ""2026-08-03"", ""project_progress"": 0.54, ""project_done"": false, ""project_owner"": ""Carmen Donoso"", ""project_collaborators"": """", ""project_estimated_value"": ""$"", ""project_document_links"": """", ""project_status_update"": """", ""raci_responsible"": ""Carmen Donoso"", ""raci_accountable"": """", ""raci_consulted"": """", ""raci_informed"": """", ""task_count"": 55.0, ""overdue_task_count"": 0.0, ""meeting_count"": 0.0, ""call_count"": 0.0, ""email_count"": 0.0, ""communication_count"": 0.0, ""next_meeting_date"": ""N/A"", ""last_meeting_date"": ""N/A"", ""last_meeting_notes"": """", ""last_communication_date"": ""N/A"", ""last_communication_type"": """", ""last_communication_notes"": """"}",{},implementation_schoolpack,PROJECT_TO_TEMPLATE,DIRECT_PROJECT_TEMPLATE_BINDING,,
proyectos,PRJ0041,project,🗂️Base de datos del proyecto,62,PRJ0041,Tecnológico de artes Débora Arango,Tecnológico de artes Débora Arango,Implementación,Campuspack,implementation_campuspack,,,,,,,,,,,,,,,,,,,,,,,,,,,,,,,,,,,,,,,,,,,,,"{""project_name_raw"": ""Tecnológico de artes Débora Arango"", ""project_name"": ""Tecnológico de artes Débora Arango"", ""project_category"": ""Implementación"", ""project_status"": ""En curso"", ""project_priority"": ""Alto"", ""product_label"": ""Campuspack"", ""project_start_date"": ""2026-04-07"", ""project_due_date"": ""2026-08-27"", ""project_end_date"": ""2026-08-27"", ""project_progress"": 0.05, ""project_done"": false, ""project_owner"": ""Julian Sanchez "", ""project_collaborators"": """", ""project_estimated_value"": ""$"", ""project_document_links"": """", ""project_status_update"": """", ""raci_responsible"": ""Julian Sanchez "", ""raci_accountable"": """", ""raci_consulted"": """", ""raci_informed"": """", ""task_count"": 5.0, ""overdue_task_count"": 0.0, ""meeting_count"": 0.0, ""call_count"": 0.0, ""email_count"": 0.0, ""communication_count"": 0.0, ""next_meeting_date"": ""N/A"", ""last_meeting_date"": ""N/A"", ""last_meeting_notes"": """", ""last_communication_date"": ""N/A"", ""last_communication_type"": """", ""last_communication_notes"": """"}",{},implementation_campuspack,PROJECT_TO_TEMPLATE,DIRECT_PROJECT_TEMPLATE_BINDING,,
proyectos,PRJ0042,project,🗂️Base de datos del proyecto,63,PRJ0042,Corp. Abraham Lincon,Corp. Abraham Lincon,Soporte,Schoolpack,support,,,,,,,,,,,,,,,,,,,,,,,,,,,,,,,,,,,,,,,,,,,,,"{""project_name_raw"": ""Corp. Abraham Lincon"", ""project_name"": ""Corp. Abraham Lincon"", ""project_category"": ""Soporte"", ""project_status"": ""En curso"", ""project_priority"": ""Medio"", ""product_label"": ""Schoolpack"", ""project_start_date"": """", ""project_due_date"": """", ""project_end_date"": """", ""project_progress"": 0.0, ""project_done"": false, ""project_owner"": """", ""project_collaborators"": """", ""project_estimated_value"": ""$"", ""project_document_links"": """", ""project_status_update"": """", ""raci_responsible"": """", ""raci_accountable"": """", ""raci_consulted"": """", ""raci_informed"": """", ""task_count"": 8.0, ""overdue_task_count"": 0.0, ""meeting_count"": 0.0, ""call_count"": 0.0, ""email_count"": 0.0, ""communication_count"": 0.0, ""next_meeting_date"": ""N/A"", ""last_meeting_date"": ""N/A"", ""last_meeting_notes"": """", ""last_communication_date"": ""N/A"", ""last_communication_type"": """", ""last_communication_notes"": """"}",{},support,PROJECT_TO_TEMPLATE,DIRECT_PROJECT_TEMPLATE_BINDING,,
proyectos,PRJ0043,project,🗂️Base de datos del proyecto,64,PRJ0043,Upwaresoft,Upwaresoft,Soporte,Implementado,support,,,,,,,,,,,,,,,,,,,,,,,,,,,,,,,,,,,,,,,,,,,,,"{""project_name_raw"": ""Upwaresoft"", ""project_name"": ""Upwaresoft"", ""project_category"": ""Soporte"", ""project_status"": ""En curso"", ""project_priority"": ""Alto"", ""product_label"": ""Implementado"", ""project_start_date"": """", ""project_due_date"": """", ""project_end_date"": """", ""project_progress"": 0.0, ""project_done"": false, ""project_owner"": """", ""project_collaborators"": """", ""project_estimated_value"": ""$"", ""project_document_links"": """", ""project_status_update"": """", ""raci_responsible"": """", ""raci_accountable"": """", ""raci_consulted"": """", ""raci_informed"": """", ""task_count"": 65.0, ""overdue_task_count"": 2.0, ""meeting_count"": 0.0, ""call_count"": 0.0, ""email_count"": 0.0, ""communication_count"": 0.0, ""next_meeting_date"": ""N/A"", ""last_meeting_date"": ""N/A"", ""last_meeting_notes"": """", ""last_communication_date"": ""N/A"", ""last_communication_type"": """", ""last_communication_notes"": """"}",{},support,PROJECT_TO_TEMPLATE,DIRECT_PROJECT_TEMPLATE_BINDING,,
proyectos,PRJ0044,project,🗂️Base de datos del proyecto,65,PRJ0044,Claretiano de Bosa,Claretiano de Bosa,Soporte,Schoolpack,support,,,,,,,,,,,,,,,,,,,,,,,,,,,,,,,,,,,,,,,,,,,,,"{""project_name_raw"": ""Claretiano de Bosa"", ""project_name"": ""Claretiano de Bosa"", ""project_category"": ""Soporte"", ""project_status"": ""En curso"", ""project_priority"": ""Medio"", ""product_label"": ""Schoolpack"", ""project_start_date"": """", ""project_due_date"": """", ""project_end_date"": """", ""project_progress"": 0.0, ""project_done"": false, ""project_owner"": """", ""project_collaborators"": """", ""project_estimated_value"": ""$"", ""project_document_links"": """", ""project_status_update"": """", ""raci_responsible"": """", ""raci_accountable"": """", ""raci_consulted"": """", ""raci_informed"": """", ""task_count"": 4.0, ""overdue_task_count"": 0.0, ""meeting_count"": 0.0, ""call_count"": 0.0, ""email_count"": 0.0, ""communication_count"": 0.0, ""next_meeting_date"": ""N/A"", ""last_meeting_date"": ""N/A"", ""last_meeting_notes"": """", ""last_communication_date"": ""N/A"", ""last_communication_type"": """", ""last_communication_notes"": """"}",{},support,PROJECT_TO_TEMPLATE,DIRECT_PROJECT_TEMPLATE_BINDING,,
proyectos,PRJ0045,project,🗂️Base de datos del proyecto,66,PRJ0045,Colegio Restrepo Molina,Colegio Restrepo Molina,Soporte,Schoolpack,support,,,,,,,,,,,,,,,,,,,,,,,,,,,,,,,,,,,,,,,,,,,,,"{""project_name_raw"": ""Colegio Restrepo Molina"", ""project_name"": ""Colegio Restrepo Molina"", ""project_category"": ""Soporte"", ""project_status"": ""En curso"", ""project_priority"": ""Medio"", ""product_label"": ""Schoolpack"", ""project_start_date"": """", ""project_due_date"": """", ""project_end_date"": """", ""project_progress"": 0.0, ""project_done"": false, ""project_owner"": """", ""project_collaborators"": """", ""project_estimated_value"": ""$"", ""project_document_links"": """", ""project_status_update"": """", ""raci_responsible"": """", ""raci_accountable"": """", ""raci_consulted"": """", ""raci_informed"": """", ""task_count"": 3.0, ""overdue_task_count"": 0.0, ""meeting_count"": 0.0, ""call_count"": 0.0, ""email_count"": 0.0, ""communication_count"": 0.0, ""next_meeting_date"": ""N/A"", ""last_meeting_date"": ""N/A"", ""last_meeting_notes"": """", ""last_communication_date"": ""N/A"", ""last_communication_type"": """", ""last_communication_notes"": """"}",{},support,PROJECT_TO_TEMPLATE,DIRECT_PROJECT_TEMPLATE_BINDING,,
proyectos,PRJ0046,project,🗂️Base de datos del proyecto,67,PRJ0046,Kinderlandia,Kinderlandia,Soporte,Schoolpack,support,,,,,,,,,,,,,,,,,,,,,,,,,,,,,,,,,,,,,,,,,,,,,"{""project_name_raw"": ""Kinderlandia"", ""project_name"": ""Kinderlandia"", ""project_category"": ""Soporte"", ""project_status"": ""En curso"", ""project_priority"": ""Medio"", ""product_label"": ""Schoolpack"", ""project_start_date"": """", ""project_due_date"": """", ""project_end_date"": """", ""project_progress"": 0.0, ""project_done"": false, ""project_owner"": """", ""project_collaborators"": """", ""project_estimated_value"": ""$"", ""project_document_links"": """", ""project_status_update"": """", ""raci_responsible"": """", ""raci_accountable"": """", ""raci_consulted"": """", ""raci_informed"": """", ""task_count"": 2.0, ""overdue_task_count"": 0.0, ""meeting_count"": 0.0, ""call_count"": 0.0, ""email_count"": 0.0, ""communication_count"": 0.0, ""next_meeting_date"": ""N/A"", ""last_meeting_date"": ""N/A"", ""last_meeting_notes"": """", ""last_communication_date"": ""N/A"", ""last_communication_type"": """", ""last_communication_notes"": """"}",{},support,PROJECT_TO_TEMPLATE,DIRECT_PROJECT_TEMPLATE_BINDING,,
proyectos,PRJ0047,project,🗂️Base de datos del proyecto,68,PRJ0047,Cyber Colegio,Cyber Colegio,Soporte,Schoolpack,support,,,,,,,,,,,,,,,,,,,,,,,,,,,,,,,,,,,,,,,,,,,,,"{""project_name_raw"": ""Cyber Colegio"", ""project_name"": ""Cyber Colegio"", ""project_category"": ""Soporte"", ""project_status"": ""En curso"", ""project_priority"": ""Medio"", ""product_label"": ""Schoolpack"", ""project_start_date"": """", ""project_due_date"": """", ""project_end_date"": """", ""project_progress"": 0.0, ""project_done"": false, ""project_owner"": """", ""project_collaborators"": """", ""project_estimated_value"": ""$"", ""project_document_links"": """", ""project_status_update"": """", ""raci_responsible"": """", ""raci_accountable"": """", ""raci_consulted"": """", ""raci_informed"": """", ""task_count"": 2.0, ""overdue_task_count"": 0.0, ""meeting_count"": 0.0, ""call_count"": 0.0, ""email_count"": 0.0, ""communication_count"": 0.0, ""next_meeting_date"": ""N/A"", ""last_meeting_date"": ""N/A"", ""last_meeting_notes"": """", ""last_communication_date"": ""N/A"", ""last_communication_type"": """", ""last_communication_notes"": """"}",{},support,PROJECT_TO_TEMPLATE,DIRECT_PROJECT_TEMPLATE_BINDING,,
proyectos,PRJ0048,project,🗂️Base de datos del proyecto,69,PRJ0048,Liceo el Rosal,Liceo el Rosal,Soporte,Schoolpack,support,,,,,,,,,,,,,,,,,,,,,,,,,,,,,,,,,,,,,,,,,,,,,"{""project_name_raw"": ""Liceo el Rosal"", ""project_name"": ""Liceo el Rosal"", ""project_category"": ""Soporte"", ""project_status"": ""En curso"", ""project_priority"": ""Medio"", ""product_label"": ""Schoolpack"", ""project_start_date"": """", ""project_due_date"": """", ""project_end_date"": """", ""project_progress"": 0.0, ""project_done"": false, ""project_owner"": """", ""project_collaborators"": """", ""project_estimated_value"": ""$"", ""project_document_links"": """", ""project_status_update"": """", ""raci_responsible"": """", ""raci_accountable"": """", ""raci_consulted"": """", ""raci_informed"": """", ""task_count"": 1.0, ""overdue_task_count"": 0.0, ""meeting_count"": 0.0, ""call_count"": 0.0, ""email_count"": 0.0, ""communication_count"": 0.0, ""next_meeting_date"": ""N/A"", ""last_meeting_date"": ""N/A"", ""last_meeting_notes"": """", ""last_communication_date"": ""N/A"", ""last_communication_type"": """", ""last_communication_notes"": """"}",{},support,PROJECT_TO_TEMPLATE,DIRECT_PROJECT_TEMPLATE_BINDING,,
proyectos,PRJ0049,project,🗂️Base de datos del proyecto,70,PRJ0049,Colombo Inglen del Huila,Colombo Inglen del Huila,Soporte,Schoolpack,support,,,,,,,,,,,,,,,,,,,,,,,,,,,,,,,,,,,,,,,,,,,,,"{""project_name_raw"": ""Colombo Inglen del Huila"", ""project_name"": ""Colombo Inglen del Huila"", ""project_category"": ""Soporte"", ""project_status"": ""En curso"", ""project_priority"": ""Medio"", ""product_label"": ""Schoolpack"", ""project_start_date"": """", ""project_due_date"": """", ""project_end_date"": """", ""project_progress"": 0.0, ""project_done"": false, ""project_owner"": """", ""project_collaborators"": """", ""project_estimated_value"": ""$"", ""project_document_links"": """", ""project_status_update"": """", ""raci_responsible"": """", ""raci_accountable"": """", ""raci_consulted"": """", ""raci_informed"": """", ""task_count"": 1.0, ""overdue_task_count"": 0.0, ""meeting_count"": 0.0, ""call_count"": 0.0, ""email_count"": 0.0, ""communication_count"": 0.0, ""next_meeting_date"": ""N/A"", ""last_meeting_date"": ""N/A"", ""last_meeting_notes"": """", ""last_communication_date"": ""N/A"", ""last_communication_type"": """", ""last_communication_notes"": """"}",{},support,PROJECT_TO_TEMPLATE,DIRECT_PROJECT_TEMPLATE_BINDING,,
proyectos,PRJ0050,project,🗂️Base de datos del proyecto,71,PRJ0050,Misioneras Claretianas,Misioneras Claretianas,Soporte,Schoolpack,support,,,,,,,,,,,,,,,,,,,,,,,,,,,,,,,,,,,,,,,,,,,,,"{""project_name_raw"": ""Misioneras Claretianas"", ""project_name"": ""Misioneras Claretianas"", ""project_category"": ""Soporte"", ""project_status"": ""En curso"", ""project_priority"": ""Medio"", ""product_label"": ""Schoolpack"", ""project_start_date"": """", ""project_due_date"": """", ""project_end_date"": """", ""project_progress"": 0.0, ""project_done"": false, ""project_owner"": """", ""project_collaborators"": """", ""project_estimated_value"": ""$"", ""project_document_links"": """", ""project_status_update"": """", ""raci_responsible"": """", ""raci_accountable"": """", ""raci_consulted"": """", ""raci_informed"": """", ""task_count"": 2.0, ""overdue_task_count"": 2.0, ""meeting_count"": 0.0, ""call_count"": 0.0, ""email_count"": 0.0, ""communication_count"": 0.0, ""next_meeting_date"": ""N/A"", ""last_meeting_date"": ""N/A"", ""last_meeting_notes"": """", ""last_communication_date"": ""N/A"", ""last_communication_type"": """", ""last_communication_notes"": """"}",{},support,PROJECT_TO_TEMPLATE,DIRECT_PROJECT_TEMPLATE_BINDING,,
tareas,TSK000001,task,✅Lista de Tareas,17,PRJ0013,Aspaen,Aspaen,Soporte,Schoolpack,support,Reuniones y coordinación,Actividad,TSK000001,Reunión de entrega del desarrollo,1.0,2025-06-25,2025-07-29,true,Hecho,Alto,Desarrollo,N/A,Carlos Andres,support:ACT-1,,,,,,,,,,,,,,,,,,,,,,,,,,,,,,,"{""B"": ""Aspaen"", ""C"": ""Reunión de entrega del desarrollo "", ""D"": ""1.0"", ""E"": ""45833.0"", ""F"": true, ""G"": ""45867.0"", ""H"": ""Hecho"", ""I"": ""Alto"", ""J"": ""N/A"", ""K"": ""Desarrollo"", ""L"": ""Carlos Andres"", ""O"": ""Reunión de inicio"", ""P"": true, ""Q"": ""45677""}","{""J"": ""if(or(F17=TRUE,G17>0,H17=\""Done\"",isblank(E17)),\""N/A\"",if($B$5<=E17,\""N/A\"",\""Overdue\""))"", ""O"": ""IFERROR(__xludf.DUMMYFUNCTION(\""IFERROR(IF($O$7=O9,(query(Tasks,\""\""SELECT C,F,G,J WHERE B = '\""\""&$P$9&\""\""'\""\"",0)),IF($O$7=O10,(query(Tasks,\""\""SELECT C,F,G,J WHERE G = '\""\""&$P$10&\""\""'\""\"",0)),IF($O$7=O11,(query(Tasks,\""\""SELECT C,F,G,J WHERE H = '\""\""&$P$11&\""\""'\""\"",0)),IF($O$7=O12,(query(Tasks,\""\""SELECT\""&\"" C,F,G,J WHERE J = '\""\""&$P$12&\""\""'\""\"",0)),query(Tasks,\""\""SELECT C,F,G,J\""\"",1))))),\""\""No tasks\""\"")\""),\""Reunión de inicio\"")"", ""P"": ""IFERROR(__xludf.DUMMYFUNCTION(\""\""\""COMPUTED_VALUE\""\""\""),TRUE)"", ""Q"": ""IFERROR(__xludf.DUMMYFUNCTION(\""\""\""COMPUTED_VALUE\""\""\""),45677.0)""}",support,TASK_BELONGS_TO_PROJECT_TEMPLATE,HISTORICAL_TASK_BOUND_TO_PROJECT_TEMPLATE_NOT_TEMPLATE_ACTIVITY,,
tareas,TSK000002,task,✅Lista de Tareas,18,PRJ0013,Aspaen,Aspaen,Soporte,Schoolpack,support,Otros,Actividad,TSK000002,Puesta en producción 16 colegios,,2025-08-12,2025-08-15,true,Hecho,Medio,Desarrollo,N/A,,support:ACT-2,,,,,,,,,,,,,,,,,,,,,,,,,,,,,,,"{""B"": ""Aspaen"", ""C"": ""Puesta en producción 16 colegios"", ""E"": ""45881.0"", ""F"": true, ""G"": ""45884.0"", ""H"": ""Hecho"", ""I"": ""Medio"", ""J"": ""N/A"", ""K"": ""Desarrollo"", ""O"": ""Solicitud de habilitación de servidores"", ""P"": true, ""Q"": ""45679""}","{""J"": """", ""O"": ""IFERROR(__xludf.DUMMYFUNCTION(\""\""\""COMPUTED_VALUE\""\""\""),\""Solicitud de habilitación de servidores\"")"", ""P"": ""IFERROR(__xludf.DUMMYFUNCTION(\""\""\""COMPUTED_VALUE\""\""\""),TRUE)"", ""Q"": ""IFERROR(__xludf.DUMMYFUNCTION(\""\""\""COMPUTED_VALUE\""\""\""),45679.0)""}",support,TASK_BELONGS_TO_PROJECT_TEMPLATE,HISTORICAL_TASK_BOUND_TO_PROJECT_TEMPLATE_NOT_TEMPLATE_ACTIVITY,,
tareas,TSK000003,task,✅Lista de Tareas,19,PRJ0010,Colsubsidio - Respaldo Schoolpack,Colsubsidio - Respaldo Schoolpack,Soporte,Respaldo Schoolpack,support,Otros,Actividad,TSK000003,PEro,2.0,2025-07-09,2025-07-17,true,Hecho,Alto,Desarrollo,N/A,Carlos Andres,support:ACT-3,,,,,,,,,,,,,,,,,,,,,,,,,,,,,,,"{""B"": ""Colsubsidio - Respaldo Schoolpack"", ""C"": ""PEro"", ""D"": ""2.0"", ""E"": ""45847.0"", ""F"": true, ""G"": ""45855.0"", ""H"": ""Hecho"", ""I"": ""Alto"", ""J"": ""N/A"", ""K"": ""Desarrollo"", ""L"": ""Carlos Andres"", ""O"": ""Proceso de Integración con eCollect (Procesos financieros)"", ""P"": true, ""Q"": ""45796""}","{""J"": """", ""O"": ""IFERROR(__xludf.DUMMYFUNCTION(\""\""\""COMPUTED_VALUE\""\""\""),\""Proceso de Integración con eCollect (Procesos financieros)\"")"", ""P"": ""IFERROR(__xludf.DUMMYFUNCTION(\""\""\""COMPUTED_VALUE\""\""\""),TRUE)"", ""Q"": ""IFERROR(__xludf.DUMMYFUNCTION(\""\""\""COMPUTED_VALUE\""\""\""),45796.0)""}",support,TASK_BELONGS_TO_PROJECT_TEMPLATE,HISTORICAL_TASK_BOUND_TO_PROJECT_TEMPLATE_NOT_TEMPLATE_ACTIVITY,,
tareas,TSK000004,task,✅Lista de Tareas,20,PRJ0010,Colsubsidio - Respaldo Schoolpack,Colsubsidio - Respaldo Schoolpack,Soporte,Respaldo Schoolpack,support,Documentación / Actas / Entrega,Actividad,TSK000004,Entrega de la propuesta comercial al cliente,2.0,2025-07-17,2025-07-18,true,Hecho,Alto,Administrativo,N/A,Correo,support:ACT-4,,,,,,,,,,,,,,,,,,,,,,,,,,,,,,,"{""B"": ""Colsubsidio - Respaldo Schoolpack"", ""C"": ""Entrega de la propuesta comercial al cliente"", ""D"": ""2.0"", ""E"": ""45855.0"", ""F"": true, ""G"": ""45856.0"", ""H"": ""Hecho"", ""I"": ""Alto"", ""J"": ""N/A"", ""K"": ""Administrativo"", ""L"": ""Correo"", ""O"": ""Gestión Importador de Estudiantes"", ""P"": true, ""Q"": ""45716""}","{""J"": """", ""O"": ""IFERROR(__xludf.DUMMYFUNCTION(\""\""\""COMPUTED_VALUE\""\""\""),\""Gestión Importador de Estudiantes\"")"", ""P"": ""IFERROR(__xludf.DUMMYFUNCTION(\""\""\""COMPUTED_VALUE\""\""\""),TRUE)"", ""Q"": ""IFERROR(__xludf.DUMMYFUNCTION(\""\""\""COMPUTED_VALUE\""\""\""),45716.0)""}",support,TASK_BELONGS_TO_PROJECT_TEMPLATE,HISTORICAL_TASK_BOUND_TO_PROJECT_TEMPLATE_NOT_TEMPLATE_ACTIVITY,,
tareas,TSK000005,task,✅Lista de Tareas,21,PRJ0001,Academia MISI,Academia MISI,Implementación,Campuspack,implementation_campuspack,Reuniones y coordinación,Actividad,TSK000005,Reunión de inicio,1.0,2025-01-20,2025-01-20,true,Hecho,Alto,Carmen Donoso,,,implementation_campuspack:ACT-1,,,,,,,,,,,,,,,,,,,,,,,,,,,,,,,"{""B"": ""Academia MISI"", ""C"": ""Reunión de inicio"", ""D"": ""1.0"", ""E"": ""45677.0"", ""F"": true, ""G"": ""45677.0"", ""H"": ""Hecho"", ""I"": ""Alto"", ""K"": ""Carmen Donoso"", ""O"": ""Gestión Importador de Empleados y docentes"", ""P"": true, ""Q"": ""45695""}","{""O"": ""IFERROR(__xludf.DUMMYFUNCTION(\""\""\""COMPUTED_VALUE\""\""\""),\""Gestión Importador de Empleados y docentes\"")"", ""P"": ""IFERROR(__xludf.DUMMYFUNCTION(\""\""\""COMPUTED_VALUE\""\""\""),TRUE)"", ""Q"": ""IFERROR(__xludf.DUMMYFUNCTION(\""\""\""COMPUTED_VALUE\""\""\""),45695.0)""}",implementation_campuspack,TASK_BELONGS_TO_PROJECT_TEMPLATE,HISTORICAL_TASK_BOUND_TO_PROJECT_TEMPLATE_NOT_TEMPLATE_ACTIVITY,,
tareas,TSK000006,task,✅Lista de Tareas,22,PRJ0001,Academia MISI,Academia MISI,Implementación,Campuspack,implementation_campuspack,Configuración / Parametrización,Actividad,TSK000006,Solicitud de habilitación de servidores,1.0,2025-01-22,2025-01-22,true,Hecho,Alto,Jhoec Camayo,,,implementation_campuspack:ACT-2,,,,,,,,,,,,,,,,,,,,,,,,,,,,,,,"{""B"": ""Academia MISI"", ""C"": ""Solicitud de habilitación de servidores"", ""D"": ""1.0"", ""E"": ""45679.0"", ""F"": true, ""G"": ""45679.0"", ""H"": ""Hecho"", ""I"": ""Alto"", ""K"": ""Jhoec Camayo"", ""O"": ""Gestión Importador de Plan de estudios"", ""P"": true, ""Q"": ""42077""}","{""O"": ""IFERROR(__xludf.DUMMYFUNCTION(\""\""\""COMPUTED_VALUE\""\""\""),\""Gestión Importador de Plan de estudios\"")"", ""P"": ""IFERROR(__xludf.DUMMYFUNCTION(\""\""\""COMPUTED_VALUE\""\""\""),TRUE)"", ""Q"": ""IFERROR(__xludf.DUMMYFUNCTION(\""\""\""COMPUTED_VALUE\""\""\""),42077.0)""}",implementation_campuspack,TASK_BELONGS_TO_PROJECT_TEMPLATE,HISTORICAL_TASK_BOUND_TO_PROJECT_TEMPLATE_NOT_TEMPLATE_ACTIVITY,,
tareas,TSK000007,task,✅Lista de Tareas,23,PRJ0001,Academia MISI,Academia MISI,Implementación,Campuspack,implementation_campuspack,Integraciones,Actividad,TSK000007,Proceso de Integración con eCollect (Procesos financieros),15.0,2025-02-06,2025-05-19,true,Hecho,Alto,Julian Sanchez ,,,implementation_campuspack:ACT-3,,,,,,,,,,,,,,,,,,,,,,,,,,,,,,,"{""B"": ""Academia MISI"", ""C"": ""Proceso de Integración con eCollect (Procesos financieros)"", ""D"": ""15.0"", ""E"": ""45694.0"", ""F"": true, ""G"": ""45796.0"", ""H"": ""Hecho"", ""I"": ""Alto"", ""K"": ""Julian Sanchez "", ""O"": ""Gestión Importador de Pre y co requisitos "", ""P"": true, ""Q"": ""45775""}","{""O"": ""IFERROR(__xludf.DUMMYFUNCTION(\""\""\""COMPUTED_VALUE\""\""\""),\""Gestión Importador de Pre y co requisitos \"")"", ""P"": ""IFERROR(__xludf.DUMMYFUNCTION(\""\""\""COMPUTED_VALUE\""\""\""),TRUE)"", ""Q"": ""IFERROR(__xludf.DUMMYFUNCTION(\""\""\""COMPUTED_VALUE\""\""\""),45775.0)""}",implementation_campuspack,TASK_BELONGS_TO_PROJECT_TEMPLATE,HISTORICAL_TASK_BOUND_TO_PROJECT_TEMPLATE_NOT_TEMPLATE_ACTIVITY,,
tareas,TSK000008,task,✅Lista de Tareas,24,PRJ0001,Academia MISI,Academia MISI,Implementación,Campuspack,implementation_campuspack,Migración / Importadores,Actividad,TSK000008,Gestión Importador de Estudiantes,10.0,2025-01-23,2025-02-28,true,Hecho,Alto,Julian Sanchez ,,,implementation_campuspack:ACT-4,,,,,,,,,,,,,,,,,,,,,,,,,,,,,,,"{""B"": ""Academia MISI"", ""C"": ""Gestión Importador de Estudiantes"", ""D"": ""10.0"", ""E"": ""45680.0"", ""F"": true, ""G"": ""45716.0"", ""H"": ""Hecho"", ""I"": ""Alto"", ""K"": ""Julian Sanchez "", ""O"": ""Gestión Importador de Grupos academicos"", ""P"": true, ""Q"": ""45744""}","{""O"": ""IFERROR(__xludf.DUMMYFUNCTION(\""\""\""COMPUTED_VALUE\""\""\""),\""Gestión Importador de Grupos academicos\"")"", ""P"": ""IFERROR(__xludf.DUMMYFUNCTION(\""\""\""COMPUTED_VALUE\""\""\""),TRUE)"", ""Q"": ""IFERROR(__xludf.DUMMYFUNCTION(\""\""\""COMPUTED_VALUE\""\""\""),45744.0)""}",implementation_campuspack,TASK_BELONGS_TO_PROJECT_TEMPLATE,HISTORICAL_TASK_BOUND_TO_PROJECT_TEMPLATE_NOT_TEMPLATE_ACTIVITY,,
tareas,TSK000009,task,✅Lista de Tareas,25,PRJ0001,Academia MISI,Academia MISI,Implementación,Campuspack,implementation_campuspack,Migración / Importadores,Actividad,TSK000009,Gestión Importador de Empleados y docentes,10.0,2025-01-23,2025-02-07,true,Hecho,Alto,Julian Sanchez ,,,implementation_campuspack:ACT-5,,,,,,,,,,,,,,,,,,,,,,,,,,,,,,,"{""B"": ""Academia MISI"", ""C"": ""Gestión Importador de Empleados y docentes"", ""D"": ""10.0"", ""E"": ""45680.0"", ""F"": true, ""G"": ""45695.0"", ""H"": ""Hecho"", ""I"": ""Alto"", ""K"": ""Julian Sanchez "", ""O"": ""Gestión Importador de Notas"", ""P"": true, ""Q"": ""45868""}","{""O"": ""IFERROR(__xludf.DUMMYFUNCTION(\""\""\""COMPUTED_VALUE\""\""\""),\""Gestión Importador de Notas\"")"", ""P"": ""IFERROR(__xludf.DUMMYFUNCTION(\""\""\""COMPUTED_VALUE\""\""\""),TRUE)"", ""Q"": ""IFERROR(__xludf.DUMMYFUNCTION(\""\""\""COMPUTED_VALUE\""\""\""),45868.0)""}",implementation_campuspack,TASK_BELONGS_TO_PROJECT_TEMPLATE,HISTORICAL_TASK_BOUND_TO_PROJECT_TEMPLATE_NOT_TEMPLATE_ACTIVITY,,
tareas,TSK000010,task,✅Lista de Tareas,26,PRJ0001,Academia MISI,Academia MISI,Implementación,Campuspack,implementation_campuspack,Migración / Importadores,Actividad,TSK000010,Gestión Importador de Plan de estudios,10.0,2025-01-23,2015-03-14,true,Hecho,Alto,Julian Sanchez ,,,implementation_campuspack:ACT-6,,,,,,,,,,,,,,,,,,,,,,,,,,,,,,,"{""B"": ""Academia MISI"", ""C"": ""Gestión Importador de Plan de estudios"", ""D"": ""10.0"", ""E"": ""45680.0"", ""F"": true, ""G"": ""42077.0"", ""H"": ""Hecho"", ""I"": ""Alto"", ""K"": ""Julian Sanchez "", ""O"": ""Capacitación Protección y mi institución "", ""P"": true, ""Q"": ""45720""}","{""O"": ""IFERROR(__xludf.DUMMYFUNCTION(\""\""\""COMPUTED_VALUE\""\""\""),\""Capacitación Protección y mi institución \"")"", ""P"": ""IFERROR(__xludf.DUMMYFUNCTION(\""\""\""COMPUTED_VALUE\""\""\""),TRUE)"", ""Q"": ""IFERROR(__xludf.DUMMYFUNCTION(\""\""\""COMPUTED_VALUE\""\""\""),45720.0)""}",implementation_campuspack,TASK_BELONGS_TO_PROJECT_TEMPLATE,HISTORICAL_TASK_BOUND_TO_PROJECT_TEMPLATE_NOT_TEMPLATE_ACTIVITY,,
tareas,TSK000011,task,✅Lista de Tareas,27,PRJ0001,Academia MISI,Academia MISI,Implementación,Campuspack,implementation_campuspack,Migración / Importadores,Actividad,TSK000011,Gestión Importador de Pre y co requisitos,10.0,2025-01-23,2025-04-28,true,Hecho,Alto,Julian Sanchez ,,,implementation_campuspack:ACT-7,,,,,,,,,,,,,,,,,,,,,,,,,,,,,,,"{""B"": ""Academia MISI"", ""C"": ""Gestión Importador de Pre y co requisitos "", ""D"": ""10.0"", ""E"": ""45680.0"", ""F"": true, ""G"": ""45775.0"", ""H"": ""Hecho"", ""I"": ""Alto"", ""K"": ""Julian Sanchez "", ""O"": ""Capacitación Personas"", ""P"": true, ""Q"": ""45742""}","{""O"": ""IFERROR(__xludf.DUMMYFUNCTION(\""\""\""COMPUTED_VALUE\""\""\""),\""Capacitación Personas\"")"", ""P"": ""IFERROR(__xludf.DUMMYFUNCTION(\""\""\""COMPUTED_VALUE\""\""\""),TRUE)"", ""Q"": ""IFERROR(__xludf.DUMMYFUNCTION(\""\""\""COMPUTED_VALUE\""\""\""),45742.0)""}",implementation_campuspack,TASK_BELONGS_TO_PROJECT_TEMPLATE,HISTORICAL_TASK_BOUND_TO_PROJECT_TEMPLATE_NOT_TEMPLATE_ACTIVITY,,
tareas,TSK000012,task,✅Lista de Tareas,28,PRJ0001,Academia MISI,Academia MISI,Implementación,Campuspack,implementation_campuspack,Migración / Importadores,Actividad,TSK000012,Gestión Importador de Grupos academicos,10.0,2025-01-23,2025-03-28,true,Hecho,Alto,Julian Sanchez ,,,implementation_campuspack:ACT-8,,,,,,,,,,,,,,,,,,,,,,,,,,,,,,,"{""B"": ""Academia MISI"", ""C"": ""Gestión Importador de Grupos academicos"", ""D"": ""10.0"", ""E"": ""45680.0"", ""F"": true, ""G"": ""45744.0"", ""H"": ""Hecho"", ""I"": ""Alto"", ""K"": ""Julian Sanchez "", ""O"": ""Capacitación Configuración Académica"", ""P"": true, ""Q"": ""45771""}","{""O"": ""IFERROR(__xludf.DUMMYFUNCTION(\""\""\""COMPUTED_VALUE\""\""\""),\""Capacitación Configuración Académica\"")"", ""P"": ""IFERROR(__xludf.DUMMYFUNCTION(\""\""\""COMPUTED_VALUE\""\""\""),TRUE)"", ""Q"": ""IFERROR(__xludf.DUMMYFUNCTION(\""\""\""COMPUTED_VALUE\""\""\""),45771.0)""}",implementation_campuspack,TASK_BELONGS_TO_PROJECT_TEMPLATE,HISTORICAL_TASK_BOUND_TO_PROJECT_TEMPLATE_NOT_TEMPLATE_ACTIVITY,,
tareas,TSK000013,task,✅Lista de Tareas,29,PRJ0001,Academia MISI,Academia MISI,Implementación,Campuspack,implementation_campuspack,Migración / Importadores,Actividad,TSK000013,Gestión Importador de Notas,10.0,2025-01-23,2025-07-30,true,Hecho,Alto,Julian Sanchez ,,,implementation_campuspack:ACT-9,,,,,,,,,,,,,,,,,,,,,,,,,,,,,,,"{""B"": ""Academia MISI"", ""C"": ""Gestión Importador de Notas"", ""D"": ""10.0"", ""E"": ""45680.0"", ""F"": true, ""G"": ""45868.0"", ""H"": ""Hecho"", ""I"": ""Alto"", ""K"": ""Julian Sanchez "", ""O"": ""Desarrollos a la medida - Check de omisión de control de edad y requisitos configurados - Auditoria y entrega"", ""P"": true, ""Q"": ""45839""}","{""O"": ""IFERROR(__xludf.DUMMYFUNCTION(\""\""\""COMPUTED_VALUE\""\""\""),\""Desarrollos a la medida - Check de omisión de control de edad y requisitos configurados - Auditoria y entrega\"")"", ""P"": ""IFERROR(__xludf.DUMMYFUNCTION(\""\""\""COMPUTED_VALUE\""\""\""),TRUE)"", ""Q"": ""IFERROR(__xludf.DUMMYFUNCTION(\""\""\""COMPUTED_VALUE\""\""\""),45839.0)""}",implementation_campuspack,TASK_BELONGS_TO_PROJECT_TEMPLATE,HISTORICAL_TASK_BOUND_TO_PROJECT_TEMPLATE_NOT_TEMPLATE_ACTIVITY,,
tareas,TSK000014,task,✅Lista de Tareas,30,PRJ0001,Academia MISI,Academia MISI,Implementación,Campuspack,implementation_campuspack,Capacitación,Actividad,TSK000014,Capacitación Protección y mi institución,2.0,2025-03-04,2025-03-04,true,Hecho,Alto,Julian Sanchez ,,,implementation_campuspack:ACT-10,,,,,,,,,,,,,,,,,,,,,,,,,,,,,,,"{""B"": ""Academia MISI"", ""C"": ""Capacitación Protección y mi institución "", ""D"": ""2.0"", ""E"": ""45720.0"", ""F"": true, ""G"": ""45720.0"", ""H"": ""Hecho"", ""I"": ""Alto"", ""K"": ""Julian Sanchez "", ""O"": ""Desarrollos a la medida - Volver a cursar asignaturas aprobadas - Auditoria y entrega"", ""P"": true, ""Q"": ""45835""}","{""O"": ""IFERROR(__xludf.DUMMYFUNCTION(\""\""\""COMPUTED_VALUE\""\""\""),\""Desarrollos a la medida - Volver a cursar asignaturas aprobadas - Auditoria y entrega\"")"", ""P"": ""IFERROR(__xludf.DUMMYFUNCTION(\""\""\""COMPUTED_VALUE\""\""\""),TRUE)"", ""Q"": ""IFERROR(__xludf.DUMMYFUNCTION(\""\""\""COMPUTED_VALUE\""\""\""),45835.0)""}",implementation_campuspack,TASK_BELONGS_TO_PROJECT_TEMPLATE,HISTORICAL_TASK_BOUND_TO_PROJECT_TEMPLATE_NOT_TEMPLATE_ACTIVITY,,
tareas,TSK000015,task,✅Lista de Tareas,31,PRJ0001,Academia MISI,Academia MISI,Implementación,Campuspack,implementation_campuspack,Capacitación,Actividad,TSK000015,Capacitación Personas,2.0,2025-03-26,2025-03-26,true,Hecho,Alto,Julian Sanchez ,,,implementation_campuspack:ACT-11,,,,,,,,,,,,,,,,,,,,,,,,,,,,,,,"{""B"": ""Academia MISI"", ""C"": ""Capacitación Personas"", ""D"": ""2.0"", ""E"": ""45742.0"", ""F"": true, ""G"": ""45742.0"", ""H"": ""Hecho"", ""I"": ""Alto"", ""K"": ""Julian Sanchez "", ""O"": ""Desarrollos a la medida - Rangos de edad en asignaturas - Auditoria y entrega"", ""P"": true, ""Q"": ""45835""}","{""O"": ""IFERROR(__xludf.DUMMYFUNCTION(\""\""\""COMPUTED_VALUE\""\""\""),\""Desarrollos a la medida - Rangos de edad en asignaturas - Auditoria y entrega\"")"", ""P"": ""IFERROR(__xludf.DUMMYFUNCTION(\""\""\""COMPUTED_VALUE\""\""\""),TRUE)"", ""Q"": ""IFERROR(__xludf.DUMMYFUNCTION(\""\""\""COMPUTED_VALUE\""\""\""),45835.0)""}",implementation_campuspack,TASK_BELONGS_TO_PROJECT_TEMPLATE,HISTORICAL_TASK_BOUND_TO_PROJECT_TEMPLATE_NOT_TEMPLATE_ACTIVITY,,
tareas,TSK000016,task,✅Lista de Tareas,32,PRJ0001,Academia MISI,Academia MISI,Implementación,Campuspack,implementation_campuspack,Académico,Actividad,TSK000016,Capacitación Configuración Académica,2.0,2025-04-24,2025-04-24,true,Hecho,Alto,Julian Sanchez ,,,implementation_campuspack:ACT-12,,,,,,,,,,,,,,,,,,,,,,,,,,,,,,,"{""B"": ""Academia MISI"", ""C"": ""Capacitación Configuración Académica"", ""D"": ""2.0"", ""E"": ""45771.0"", ""F"": true, ""G"": ""45771.0"", ""H"": ""Hecho"", ""I"": ""Alto"", ""K"": ""Julian Sanchez "", ""O"": ""Entrega del desarrollo: Migración pantalla padres de familia del area de desarrollo  (Pendiente ACTA)"", ""P"": true, ""Q"": ""45929"", ""R"": ""N/A""}","{""O"": ""IFERROR(__xludf.DUMMYFUNCTION(\""\""\""COMPUTED_VALUE\""\""\""),\""Entrega del desarrollo: Migración pantalla padres de familia del area de desarrollo  (Pendiente ACTA)\"")"", ""P"": ""IFERROR(__xludf.DUMMYFUNCTION(\""\""\""COMPUTED_VALUE\""\""\""),TRUE)"", ""Q"": ""IFERROR(__xludf.DUMMYFUNCTION(\""\""\""COMPUTED_VALUE\""\""\""),45929.0)"", ""R"": ""IFERROR(__xludf.DUMMYFUNCTION(\""\""\""COMPUTED_VALUE\""\""\""),\""N/A\"")""}",implementation_campuspack,TASK_BELONGS_TO_PROJECT_TEMPLATE,HISTORICAL_TASK_BOUND_TO_PROJECT_TEMPLATE_NOT_TEMPLATE_ACTIVITY,,
tareas,TSK000017,task,✅Lista de Tareas,33,PRJ0001,Academia MISI,Academia MISI,Implementación,Campuspack,implementation_campuspack,Desarrollos a la medida,Actividad,TSK000017,Desarrollos a la medida - Check de omisión de control de edad y requisitos configurados - Auditoria y entrega,2.0,2025-07-01,2025-07-01,true,Hecho,Alto,Julian Sanchez ,,,implementation_campuspack:ACT-13,,,,,,,,,,,,,,,,,,,,,,,,,,,,,,,"{""B"": ""Academia MISI"", ""C"": ""Desarrollos a la medida - Check de omisión de control de edad y requisitos configurados - Auditoria y entrega"", ""D"": ""2.0"", ""E"": ""45839.0"", ""F"": true, ""G"": ""45839.0"", ""H"": ""Hecho"", ""I"": ""Alto"", ""K"": ""Julian Sanchez "", ""O"": ""Acta y orden de compra firmada de la integración con SAP"", ""P"": true, ""Q"": ""45849"", ""R"": ""N/A""}","{""O"": ""IFERROR(__xludf.DUMMYFUNCTION(\""\""\""COMPUTED_VALUE\""\""\""),\""Acta y orden de compra firmada de la integración con SAP\"")"", ""P"": ""IFERROR(__xludf.DUMMYFUNCTION(\""\""\""COMPUTED_VALUE\""\""\""),TRUE)"", ""Q"": ""IFERROR(__xludf.DUMMYFUNCTION(\""\""\""COMPUTED_VALUE\""\""\""),45849.0)"", ""R"": ""IFERROR(__xludf.DUMMYFUNCTION(\""\""\""COMPUTED_VALUE\""\""\""),\""N/A\"")""}",implementation_campuspack,TASK_BELONGS_TO_PROJECT_TEMPLATE,HISTORICAL_TASK_BOUND_TO_PROJECT_TEMPLATE_NOT_TEMPLATE_ACTIVITY,,
tareas,TSK000018,task,✅Lista de Tareas,34,PRJ0001,Academia MISI,Academia MISI,Implementación,Campuspack,implementation_campuspack,Académico,Actividad,TSK000018,Desarrollos a la medida - Volver a cursar asignaturas aprobadas - Auditoria y entrega,2.0,2025-06-27,2025-06-27,true,Hecho,Alto,Julian Sanchez ,,,implementation_campuspack:ACT-14,,,,,,,,,,,,,,,,,,,,,,,,,,,,,,,"{""B"": ""Academia MISI"", ""C"": ""Desarrollos a la medida - Volver a cursar asignaturas aprobadas - Auditoria y entrega"", ""D"": ""2.0"", ""E"": ""45835.0"", ""F"": true, ""G"": ""45835.0"", ""H"": ""Hecho"", ""I"": ""Alto"", ""K"": ""Julian Sanchez "", ""O"": ""Acta y orden de compra firmada de los desarrollos adicionales"", ""P"": true, ""Q"": ""45849"", ""R"": ""N/A""}","{""O"": ""IFERROR(__xludf.DUMMYFUNCTION(\""\""\""COMPUTED_VALUE\""\""\""),\""Acta y orden de compra firmada de los desarrollos adicionales\"")"", ""P"": ""IFERROR(__xludf.DUMMYFUNCTION(\""\""\""COMPUTED_VALUE\""\""\""),TRUE)"", ""Q"": ""IFERROR(__xludf.DUMMYFUNCTION(\""\""\""COMPUTED_VALUE\""\""\""),45849.0)"", ""R"": ""IFERROR(__xludf.DUMMYFUNCTION(\""\""\""COMPUTED_VALUE\""\""\""),\""N/A\"")""}",implementation_campuspack,TASK_BELONGS_TO_PROJECT_TEMPLATE,HISTORICAL_TASK_BOUND_TO_PROJECT_TEMPLATE_NOT_TEMPLATE_ACTIVITY,,
tareas,TSK000019,task,✅Lista de Tareas,35,PRJ0001,Academia MISI,Academia MISI,Implementación,Campuspack,implementation_campuspack,Académico,Actividad,TSK000019,Desarrollos a la medida - Rangos de edad en asignaturas - Auditoria y entrega,2.0,2025-06-27,2025-06-27,true,Hecho,Alto,Julian Sanchez ,,,implementation_campuspack:ACT-15,,,,,,,,,,,,,,,,,,,,,,,,,,,,,,,"{""B"": ""Academia MISI"", ""C"": ""Desarrollos a la medida - Rangos de edad en asignaturas - Auditoria y entrega"", ""D"": ""2.0"", ""E"": ""45835.0"", ""F"": true, ""G"": ""45835.0"", ""H"": ""Hecho"", ""I"": ""Alto"", ""K"": ""Julian Sanchez "", ""O"": ""Documentación de la personalización de los descuentos de la liquidación de matriculas"", ""P"": true, ""Q"": ""45863"", ""R"": ""N/A""}","{""O"": ""IFERROR(__xludf.DUMMYFUNCTION(\""\""\""COMPUTED_VALUE\""\""\""),\""Documentación de la personalización de los descuentos de la liquidación de matriculas\"")"", ""P"": ""IFERROR(__xludf.DUMMYFUNCTION(\""\""\""COMPUTED_VALUE\""\""\""),TRUE)"", ""Q"": ""IFERROR(__xludf.DUMMYFUNCTION(\""\""\""COMPUTED_VALUE\""\""\""),45863.0)"", ""R"": ""IFERROR(__xludf.DUMMYFUNCTION(\""\""\""COMPUTED_VALUE\""\""\""),\""N/A\"")""}",implementation_campuspack,TASK_BELONGS_TO_PROJECT_TEMPLATE,HISTORICAL_TASK_BOUND_TO_PROJECT_TEMPLATE_NOT_TEMPLATE_ACTIVITY,,
tareas,TSK000020,task,✅Lista de Tareas,36,PRJ0001,Academia MISI,Academia MISI,Implementación,Campuspack,implementation_campuspack,Desarrollos a la medida,Actividad,TSK000020,Entrega del desarrollo: Migración pantalla padres de familia del area de desarrollo  (Pendiente ACTA),3.0,2025-04-09,2025-09-29,true,Hecho,Alto,Desarrollo,N/A,,implementation_campuspack:ACT-16,,,,,,,,,,,,,,,,,,,,,,,,,,,,,,,"{""B"": ""Academia MISI"", ""C"": ""Entrega del desarrollo: Migración pantalla padres de familia del area de desarrollo  (Pendiente ACTA)"", ""D"": ""3.0"", ""E"": ""45756.0"", ""F"": true, ""G"": ""45929.0"", ""H"": ""Hecho"", ""I"": ""Alto"", ""J"": ""N/A"", ""K"": ""Desarrollo"", ""O"": ""Sesión proceso de liquidación matriculas"", ""P"": true, ""Q"": ""45859"", ""R"": ""N/A""}","{""J"": ""if(or(F36=TRUE,G36>0,H36=\""Done\"",isblank(E36)),\""N/A\"",if($B$5<=E36,\""N/A\"",\""Overdue\""))"", ""O"": ""IFERROR(__xludf.DUMMYFUNCTION(\""\""\""COMPUTED_VALUE\""\""\""),\""Sesión proceso de liquidación matriculas\"")"", ""P"": ""IFERROR(__xludf.DUMMYFUNCTION(\""\""\""COMPUTED_VALUE\""\""\""),TRUE)"", ""Q"": ""IFERROR(__xludf.DUMMYFUNCTION(\""\""\""COMPUTED_VALUE\""\""\""),45859.0)"", ""R"": ""IFERROR(__xludf.DUMMYFUNCTION(\""\""\""COMPUTED_VALUE\""\""\""),\""N/A\"")""}",implementation_campuspack,TASK_BELONGS_TO_PROJECT_TEMPLATE,HISTORICAL_TASK_BOUND_TO_PROJECT_TEMPLATE_NOT_TEMPLATE_ACTIVITY,,
tareas,TSK000021,task,✅Lista de Tareas,37,PRJ0007,Seminario de Faca,Seminario de Faca,Soporte,Implementado,support,Integraciones,Actividad,TSK000021,Entrega de la interfaz contable,3.0,2025-06-27,2025-07-16,true,Hecho,Medio,Desarrollo,N/A,,support:ACT-5,,,,,,,,,,,,,,,,,,,,,,,,,,,,,,,"{""B"": ""Seminario de Faca"", ""C"": ""Entrega de la interfaz contable"", ""D"": ""3.0"", ""E"": ""45835.0"", ""F"": true, ""G"": ""45854.0"", ""H"": ""Hecho"", ""I"": ""Medio"", ""J"": ""N/A"", ""K"": ""Desarrollo"", ""O"": ""Sesión proceso de liquidación matriculas validación segundo documento"", ""P"": true, ""Q"": ""45869"", ""R"": ""N/A""}","{""J"": """", ""O"": ""IFERROR(__xludf.DUMMYFUNCTION(\""\""\""COMPUTED_VALUE\""\""\""),\""Sesión proceso de liquidación matriculas validación segundo documento\"")"", ""P"": ""IFERROR(__xludf.DUMMYFUNCTION(\""\""\""COMPUTED_VALUE\""\""\""),TRUE)"", ""Q"": ""IFERROR(__xludf.DUMMYFUNCTION(\""\""\""COMPUTED_VALUE\""\""\""),45869.0)"", ""R"": ""IFERROR(__xludf.DUMMYFUNCTION(\""\""\""COMPUTED_VALUE\""\""\""),\""N/A\"")""}",support,TASK_BELONGS_TO_PROJECT_TEMPLATE,HISTORICAL_TASK_BOUND_TO_PROJECT_TEMPLATE_NOT_TEMPLATE_ACTIVITY,,
tareas,TSK000022,task,✅Lista de Tareas,38,PRJ0007,Seminario de Faca,Seminario de Faca,Soporte,Implementado,support,Reuniones y coordinación,Actividad,TSK000022,Reunión de entrega y aprobación en pruebas de la interfaz contable para paso a producción de parte del cliente,1.0,2025-07-22,2025-07-22,true,Hecho,Alto,Sebastian Ballesteros,N/A,,support:ACT-6,,,,,,,,,,,,,,,,,,,,,,,,,,,,,,,"{""B"": ""Seminario de Faca"", ""C"": ""Reunión de entrega y aprobación en pruebas de la interfaz contable para paso a producción de parte del cliente"", ""D"": ""1.0"", ""E"": ""45860.0"", ""F"": true, ""G"": ""45860.0"", ""H"": ""Hecho"", ""I"": ""Alto"", ""J"": ""N/A"", ""K"": ""Sebastian Ballesteros"", ""O"": ""Servicio medico (Pendiente Correo)"", ""P"": true, ""Q"": ""45975"", ""R"": ""N/A""}","{""J"": """", ""O"": ""IFERROR(__xludf.DUMMYFUNCTION(\""\""\""COMPUTED_VALUE\""\""\""),\""Servicio medico (Pendiente Correo)\"")"", ""P"": ""IFERROR(__xludf.DUMMYFUNCTION(\""\""\""COMPUTED_VALUE\""\""\""),TRUE)"", ""Q"": ""IFERROR(__xludf.DUMMYFUNCTION(\""\""\""COMPUTED_VALUE\""\""\""),45975.0)"", ""R"": ""IFERROR(__xludf.DUMMYFUNCTION(\""\""\""COMPUTED_VALUE\""\""\""),\""N/A\"")""}",support,TASK_BELONGS_TO_PROJECT_TEMPLATE,HISTORICAL_TASK_BOUND_TO_PROJECT_TEMPLATE_NOT_TEMPLATE_ACTIVITY,,
tareas,TSK000023,task,✅Lista de Tareas,39,PRJ0007,Seminario de Faca,Seminario de Faca,Soporte,Implementado,support,Firma electrónica,Actividad,TSK000023,Aprobación de la propuesta comercial del proceso de firma electronica,1.0,2025-06-09,2025-07-11,true,Hecho,Alto,Jhoec Camayo,N/A,Detenido porque estan en semana de notas ,support:ACT-7,,,,,,,,,,,,,,,,,,,,,,,,,,,,,,,"{""B"": ""Seminario de Faca"", ""C"": ""Aprobación de la propuesta comercial del proceso de firma electronica"", ""D"": ""1.0"", ""E"": ""45817.0"", ""F"": true, ""G"": ""45849.0"", ""H"": ""Hecho"", ""I"": ""Alto"", ""J"": ""N/A"", ""K"": ""Jhoec Camayo"", ""L"": ""Detenido porque estan en semana de notas "", ""O"": ""Poblamiento Importadores "", ""P"": true, ""Q"": ""45730""}","{""J"": """", ""O"": ""IFERROR(__xludf.DUMMYFUNCTION(\""\""\""COMPUTED_VALUE\""\""\""),\""Poblamiento Importadores \"")"", ""P"": ""IFERROR(__xludf.DUMMYFUNCTION(\""\""\""COMPUTED_VALUE\""\""\""),TRUE)"", ""Q"": ""IFERROR(__xludf.DUMMYFUNCTION(\""\""\""COMPUTED_VALUE\""\""\""),45730.0)""}",support,TASK_BELONGS_TO_PROJECT_TEMPLATE,HISTORICAL_TASK_BOUND_TO_PROJECT_TEMPLATE_NOT_TEMPLATE_ACTIVITY,,
tareas,TSK000024,task,✅Lista de Tareas,40,PRJ0008,Corazonistas,Corazonistas,Soporte,Implementado,support,Otros,Actividad,TSK000024,Realizar matriz de los módulos de la licencia y los que estan utilizando,3.0,2025-07-01,2025-07-04,true,Hecho,Medio,Karina Porras,N/A,,support:ACT-8,,,,,,,,,,,,,,,,,,,,,,,,,,,,,,,"{""B"": ""Corazonistas"", ""C"": ""Realizar matriz de los módulos de la licencia y los que estan utilizando"", ""D"": ""3.0"", ""E"": ""45839.0"", ""F"": true, ""G"": ""45842.0"", ""H"": ""Hecho"", ""I"": ""Medio"", ""J"": ""N/A"", ""K"": ""Karina Porras"", ""O"": ""Capacitación Configuración Académica"", ""P"": true, ""Q"": ""45763""}","{""J"": """", ""O"": ""IFERROR(__xludf.DUMMYFUNCTION(\""\""\""COMPUTED_VALUE\""\""\""),\""Capacitación Configuración Académica\"")"", ""P"": ""IFERROR(__xludf.DUMMYFUNCTION(\""\""\""COMPUTED_VALUE\""\""\""),TRUE)"", ""Q"": ""IFERROR(__xludf.DUMMYFUNCTION(\""\""\""COMPUTED_VALUE\""\""\""),45763.0)""}",support,TASK_BELONGS_TO_PROJECT_TEMPLATE,HISTORICAL_TASK_BOUND_TO_PROJECT_TEMPLATE_NOT_TEMPLATE_ACTIVITY,,
tareas,TSK000025,task,✅Lista de Tareas,41,PRJ0001,Academia MISI,Academia MISI,Implementación,Campuspack,implementation_campuspack,Integraciones,Actividad,TSK000025,Acta y orden de compra firmada de la integración con SAP,1.0,2025-07-03,2025-07-11,true,Hecho,Urgente,Jhoec Camayo,N/A,,implementation_campuspack:ACT-17,,,,,,,,,,,,,,,,,,,,,,,,,,,,,,,"{""B"": ""Academia MISI"", ""C"": ""Acta y orden de compra firmada de la integración con SAP"", ""D"": ""1.0"", ""E"": ""45841.0"", ""F"": true, ""G"": ""45849.0"", ""H"": ""Hecho"", ""I"": ""Urgente"", ""J"": ""N/A"", ""K"": ""Jhoec Camayo"", ""O"": ""Sesión de liquidación de matriculas"", ""P"": true, ""Q"": ""45883"", ""R"": ""N/A""}","{""J"": """", ""O"": ""IFERROR(__xludf.DUMMYFUNCTION(\""\""\""COMPUTED_VALUE\""\""\""),\""Sesión de liquidación de matriculas\"")"", ""P"": ""IFERROR(__xludf.DUMMYFUNCTION(\""\""\""COMPUTED_VALUE\""\""\""),TRUE)"", ""Q"": ""IFERROR(__xludf.DUMMYFUNCTION(\""\""\""COMPUTED_VALUE\""\""\""),45883.0)"", ""R"": ""IFERROR(__xludf.DUMMYFUNCTION(\""\""\""COMPUTED_VALUE\""\""\""),\""N/A\"")""}",implementation_campuspack,TASK_BELONGS_TO_PROJECT_TEMPLATE,HISTORICAL_TASK_BOUND_TO_PROJECT_TEMPLATE_NOT_TEMPLATE_ACTIVITY,,
tareas,TSK000026,task,✅Lista de Tareas,42,PRJ0004,Corp.Edu Dr. Amin Ariza,Corp.Edu Dr. Amin Ariza,Implementación,Campuspack,implementation_campuspack,Migración / Importadores,Actividad,TSK000026,83166 - Entrega importador grupos,1.0,2024-12-13,2025-09-24,true,Hecho,Alto,Carmen Donoso,N/A,acta sac 85583,implementation_campuspack:ACT-18,,,,,,,,,,,,,,,,,,,,,,,,,,,,,,,"{""B"": ""Corp.Edu Dr. Amin Ariza"", ""C"": ""83166 - Entrega importador grupos"", ""D"": ""1.0"", ""E"": ""45639.0"", ""F"": true, ""G"": ""45924.0"", ""H"": ""Hecho"", ""I"": ""Alto"", ""J"": ""N/A"", ""K"": ""Carmen Donoso"", ""L"": ""acta sac 85583"", ""O"": ""Aprobación de la ODS personalizaciones liquidación de matriculas"", ""P"": true, ""Q"": ""45903"", ""R"": ""N/A""}","{""J"": ""if(or(F42=TRUE,G43>0,H42=\""Done\"",isblank(E42)),\""N/A\"",if($B$5<=E42,\""N/A\"",\""Overdue\""))"", ""O"": ""IFERROR(__xludf.DUMMYFUNCTION(\""\""\""COMPUTED_VALUE\""\""\""),\""Aprobación de la ODS personalizaciones liquidación de matriculas\"")"", ""P"": ""IFERROR(__xludf.DUMMYFUNCTION(\""\""\""COMPUTED_VALUE\""\""\""),TRUE)"", ""Q"": ""IFERROR(__xludf.DUMMYFUNCTION(\""\""\""COMPUTED_VALUE\""\""\""),45903.0)"", ""R"": ""IFERROR(__xludf.DUMMYFUNCTION(\""\""\""COMPUTED_VALUE\""\""\""),\""N/A\"")""}",implementation_campuspack,TASK_BELONGS_TO_PROJECT_TEMPLATE,HISTORICAL_TASK_BOUND_TO_PROJECT_TEMPLATE_NOT_TEMPLATE_ACTIVITY,,
tareas,TSK000027,task,✅Lista de Tareas,43,PRJ0001,Academia MISI,Academia MISI,Implementación,Campuspack,implementation_campuspack,Desarrollos a la medida,Actividad,TSK000027,Acta y orden de compra firmada de los desarrollos adicionales,1.0,2025-07-03,2025-07-11,true,Hecho,Urgente,Karina Porras,N/A,,implementation_campuspack:ACT-19,,,,,,,,,,,,,,,,,,,,,,,,,,,,,,,"{""B"": ""Academia MISI"", ""C"": ""Acta y orden de compra firmada de los desarrollos adicionales"", ""D"": ""1.0"", ""E"": ""45841.0"", ""F"": true, ""G"": ""45849.0"", ""H"": ""Hecho"", ""I"": ""Urgente"", ""J"": ""N/A"", ""K"": ""Karina Porras"", ""O"": ""Entrega desarrollo personalizaciones proceso Liquidación de matriculas "", ""P"": true, ""Q"": ""45933"", ""R"": ""N/A""}","{""J"": ""if(or(F43=TRUE,G43>0,H43=\""Done\"",isblank(E43)),\""N/A\"",if($B$5<=E43,\""N/A\"",\""Overdue\""))"", ""O"": ""IFERROR(__xludf.DUMMYFUNCTION(\""\""\""COMPUTED_VALUE\""\""\""),\""Entrega desarrollo personalizaciones proceso Liquidación de matriculas \"")"", ""P"": ""IFERROR(__xludf.DUMMYFUNCTION(\""\""\""COMPUTED_VALUE\""\""\""),TRUE)"", ""Q"": ""IFERROR(__xludf.DUMMYFUNCTION(\""\""\""COMPUTED_VALUE\""\""\""),45933.0)"", ""R"": ""IFERROR(__xludf.DUMMYFUNCTION(\""\""\""COMPUTED_VALUE\""\""\""),\""N/A\"")""}",implementation_campuspack,TASK_BELONGS_TO_PROJECT_TEMPLATE,HISTORICAL_TASK_BOUND_TO_PROJECT_TEMPLATE_NOT_TEMPLATE_ACTIVITY,,
tareas,TSK000028,task,✅Lista de Tareas,44,PRJ0001,Academia MISI,Academia MISI,Implementación,Campuspack,implementation_campuspack,Financiero,Actividad,TSK000028,Documentación de la personalización de los descuentos de la liquidación de matriculas,2.0,2025-07-18,2025-07-25,true,Hecho,Medio,Julian Sanchez ,N/A,Descuentos: 1.De afiliación (5%) 2. Grupo de materias (5%),implementation_campuspack:ACT-20,,,,,,,,,,,,,,,,,,,,,,,,,,,,,,,"{""B"": ""Academia MISI"", ""C"": ""Documentación de la personalización de los descuentos de la liquidación de matriculas"", ""D"": ""2.0"", ""E"": ""45856.0"", ""F"": true, ""G"": ""45863.0"", ""H"": ""Hecho"", ""I"": ""Medio"", ""J"": ""N/A"", ""K"": ""Julian Sanchez "", ""L"": ""Descuentos: 1.De afiliación (5%) 2. Grupo de materias (5%)"", ""O"": ""Capacitación financiera Sesión 1"", ""P"": true, ""Q"": ""45924"", ""R"": ""N/A""}","{""J"": """", ""O"": ""IFERROR(__xludf.DUMMYFUNCTION(\""\""\""COMPUTED_VALUE\""\""\""),\""Capacitación financiera Sesión 1\"")"", ""P"": ""IFERROR(__xludf.DUMMYFUNCTION(\""\""\""COMPUTED_VALUE\""\""\""),TRUE)"", ""Q"": ""IFERROR(__xludf.DUMMYFUNCTION(\""\""\""COMPUTED_VALUE\""\""\""),45924.0)"", ""R"": ""IFERROR(__xludf.DUMMYFUNCTION(\""\""\""COMPUTED_VALUE\""\""\""),\""N/A\"")""}",implementation_campuspack,TASK_BELONGS_TO_PROJECT_TEMPLATE,HISTORICAL_TASK_BOUND_TO_PROJECT_TEMPLATE_NOT_TEMPLATE_ACTIVITY,,
tareas,TSK000029,task,✅Lista de Tareas,45,PRJ0027,Casa sobre la Roca - Nuevo Gimnasio Cristiano,Casa sobre la Roca - Nuevo Gimnasio Cristiano,Soporte,Schoolpack,support,Pruebas / Auditoría,Actividad,TSK000029,Crear un sitio de pruebas para creación de permisos,1.0,2024-12-20,2024-12-20,true,Hecho,Alto,Carmen Donoso,N/A,,support:ACT-9,,,,,,,,,,,,,,,,,,,,,,,,,,,,,,,"{""B"": ""Casa sobre la Roca - Nuevo Gimnasio Cristiano"", ""C"": ""Crear un sitio de pruebas para creación de permisos "", ""D"": ""1.0"", ""E"": ""45646.0"", ""F"": true, ""G"": ""45646.0"", ""H"": ""Hecho"", ""I"": ""Alto"", ""J"": ""N/A"", ""K"": ""Carmen Donoso"", ""O"": ""85635 - Capacitación módulo Valoraciones"", ""P"": true, ""Q"": ""45925"", ""R"": ""N/A""}","{""J"": """", ""O"": ""IFERROR(__xludf.DUMMYFUNCTION(\""\""\""COMPUTED_VALUE\""\""\""),\""85635 - Capacitación módulo Valoraciones\"")"", ""P"": ""IFERROR(__xludf.DUMMYFUNCTION(\""\""\""COMPUTED_VALUE\""\""\""),TRUE)"", ""Q"": ""IFERROR(__xludf.DUMMYFUNCTION(\""\""\""COMPUTED_VALUE\""\""\""),45925.0)"", ""R"": ""IFERROR(__xludf.DUMMYFUNCTION(\""\""\""COMPUTED_VALUE\""\""\""),\""N/A\"")""}",support,TASK_BELONGS_TO_PROJECT_TEMPLATE,HISTORICAL_TASK_BOUND_TO_PROJECT_TEMPLATE_NOT_TEMPLATE_ACTIVITY,,
tareas,TSK000030,task,✅Lista de Tareas,46,PRJ0004,Corp.Edu Dr. Amin Ariza,Corp.Edu Dr. Amin Ariza,Implementación,Campuspack,implementation_campuspack,Botón de pagos,Actividad,TSK000030,82698 - Botón de pagos: Seguimiento a la entrega de los codigos ACH,1.0,2025-01-15,2026-03-27,true,Hecho,Alto,Jhoec Camayo,N/A,,implementation_campuspack:ACT-21,,,,,,,,,,,,,,,,,,,,,,,,,,,,,,,"{""B"": ""Corp.Edu Dr. Amin Ariza"", ""C"": ""82698 - Botón de pagos: Seguimiento a la entrega de los codigos ACH"", ""D"": ""1.0"", ""E"": ""45672.0"", ""F"": true, ""G"": ""46108.0"", ""H"": ""Hecho"", ""I"": ""Alto"", ""J"": ""N/A"", ""K"": ""Jhoec Camayo"", ""O"": ""Envio de todos los Manuales funcionales (Asignar recurso)"", ""P"": true, ""Q"": ""45936"", ""R"": ""N/A""}","{""J"": """", ""O"": ""IFERROR(__xludf.DUMMYFUNCTION(\""\""\""COMPUTED_VALUE\""\""\""),\""Envio de todos los Manuales funcionales (Asignar recurso)\"")"", ""P"": ""IFERROR(__xludf.DUMMYFUNCTION(\""\""\""COMPUTED_VALUE\""\""\""),TRUE)"", ""Q"": ""IFERROR(__xludf.DUMMYFUNCTION(\""\""\""COMPUTED_VALUE\""\""\""),45936.0)"", ""R"": ""IFERROR(__xludf.DUMMYFUNCTION(\""\""\""COMPUTED_VALUE\""\""\""),\""N/A\"")""}",implementation_campuspack,TASK_BELONGS_TO_PROJECT_TEMPLATE,HISTORICAL_TASK_BOUND_TO_PROJECT_TEMPLATE_NOT_TEMPLATE_ACTIVITY,,
tareas,TSK000031,task,✅Lista de Tareas,47,PRJ0001,Academia MISI,Academia MISI,Implementación,Campuspack,implementation_campuspack,Financiero,Actividad,TSK000031,Sesión proceso de liquidación matriculas,4.0,2025-07-21,2025-07-21,true,Hecho,Alto,Julian Sanchez ,N/A,,implementation_campuspack:ACT-22,,,,,,,,,,,,,,,,,,,,,,,,,,,,,,,"{""B"": ""Academia MISI"", ""C"": ""Sesión proceso de liquidación matriculas"", ""D"": ""4.0"", ""E"": ""45859.0"", ""F"": true, ""G"": ""45859.0"", ""H"": ""Hecho"", ""I"": ""Alto"", ""J"": ""N/A"", ""K"": ""Julian Sanchez "", ""O"": ""Preparación y envio de todos los Manuales funcionales "", ""P"": true, ""Q"": ""45954""}","{""J"": """", ""O"": ""IFERROR(__xludf.DUMMYFUNCTION(\""\""\""COMPUTED_VALUE\""\""\""),\""Preparación y envio de todos los Manuales funcionales \"")"", ""P"": ""IFERROR(__xludf.DUMMYFUNCTION(\""\""\""COMPUTED_VALUE\""\""\""),TRUE)"", ""Q"": ""IFERROR(__xludf.DUMMYFUNCTION(\""\""\""COMPUTED_VALUE\""\""\""),45954.0)""}",implementation_campuspack,TASK_BELONGS_TO_PROJECT_TEMPLATE,HISTORICAL_TASK_BOUND_TO_PROJECT_TEMPLATE_NOT_TEMPLATE_ACTIVITY,,
tareas,TSK000032,task,✅Lista de Tareas,48,PRJ0001,Academia MISI,Academia MISI,Implementación,Campuspack,implementation_campuspack,Financiero,Actividad,TSK000032,Sesión proceso de liquidación matriculas validación segundo documento,2.0,2025-07-31,2025-07-31,true,Hecho,Alto,Jhoec Camayo,N/A,9am,implementation_campuspack:ACT-23,,,,,,,,,,,,,,,,,,,,,,,,,,,,,,,"{""B"": ""Academia MISI"", ""C"": ""Sesión proceso de liquidación matriculas validación segundo documento"", ""D"": ""2.0"", ""E"": ""45869.0"", ""F"": true, ""G"": ""45869.0"", ""H"": ""Hecho"", ""I"": ""Alto"", ""J"": ""N/A"", ""K"": ""Jhoec Camayo"", ""L"": ""9am"", ""O"": ""Auditoria del desarrollo Liq. de matriculas en ambiente de pruebas"", ""P"": true, ""Q"": ""45937"", ""R"": ""N/A""}","{""J"": """", ""O"": ""IFERROR(__xludf.DUMMYFUNCTION(\""\""\""COMPUTED_VALUE\""\""\""),\""Auditoria del desarrollo Liq. de matriculas en ambiente de pruebas\"")"", ""P"": ""IFERROR(__xludf.DUMMYFUNCTION(\""\""\""COMPUTED_VALUE\""\""\""),TRUE)"", ""Q"": ""IFERROR(__xludf.DUMMYFUNCTION(\""\""\""COMPUTED_VALUE\""\""\""),45937.0)"", ""R"": ""IFERROR(__xludf.DUMMYFUNCTION(\""\""\""COMPUTED_VALUE\""\""\""),\""N/A\"")""}",implementation_campuspack,TASK_BELONGS_TO_PROJECT_TEMPLATE,HISTORICAL_TASK_BOUND_TO_PROJECT_TEMPLATE_NOT_TEMPLATE_ACTIVITY,,
tareas,TSK000033,task,✅Lista de Tareas,49,PRJ0003,The English School,The English School,Soporte,Schoolpack,support,Financiero,Actividad,TSK000033,Auditoria del desarrollo a la medida: Doble responsable financiero y pago empresarial,6.0,2025-07-04,2025-07-15,true,Hecho,Alto,Sebastian Ballesteros,N/A,,support:ACT-10,,,,,,,,,,,,,,,,,,,,,,,,,,,,,,,"{""B"": ""The English School"", ""C"": ""Auditoria del desarrollo a la medida: Doble responsable financiero y pago empresarial"", ""D"": ""6.0"", ""E"": ""45842.0"", ""F"": true, ""G"": ""45853.0"", ""H"": ""Hecho"", ""I"": ""Alto"", ""J"": ""N/A"", ""K"": ""Sebastian Ballesteros"", ""O"": ""Sesión de revisión de información importada en pruebas "", ""P"": true, ""Q"": ""45936"", ""R"": ""N/A""}","{""J"": """", ""O"": ""IFERROR(__xludf.DUMMYFUNCTION(\""\""\""COMPUTED_VALUE\""\""\""),\""Sesión de revisión de información importada en pruebas \"")"", ""P"": ""IFERROR(__xludf.DUMMYFUNCTION(\""\""\""COMPUTED_VALUE\""\""\""),TRUE)"", ""Q"": ""IFERROR(__xludf.DUMMYFUNCTION(\""\""\""COMPUTED_VALUE\""\""\""),45936.0)"", ""R"": ""IFERROR(__xludf.DUMMYFUNCTION(\""\""\""COMPUTED_VALUE\""\""\""),\""N/A\"")""}",support,TASK_BELONGS_TO_PROJECT_TEMPLATE,HISTORICAL_TASK_BOUND_TO_PROJECT_TEMPLATE_NOT_TEMPLATE_ACTIVITY,,
tareas,TSK000034,task,✅Lista de Tareas,50,PRJ0013,Aspaen,Aspaen,Soporte,Schoolpack,support,Pruebas / Auditoría,Actividad,TSK000034,Documento de entrega (Pruebas paso a paso),2.0,2025-07-16,2025-07-23,true,Hecho,Alto,Carmen Donoso,N/A,,support:ACT-11,,,,,,,,,,,,,,,,,,,,,,,,,,,,,,,"{""B"": ""Aspaen"", ""C"": ""Documento de entrega (Pruebas paso a paso)"", ""D"": ""2.0"", ""E"": ""45854.0"", ""F"": true, ""G"": ""45861.0"", ""H"": ""Hecho"", ""I"": ""Alto"", ""J"": ""N/A"", ""K"": ""Carmen Donoso"", ""O"": ""Entrega del desarrollo al cliente en ambien de pruebas: Liquidación de matriculas con Manual incluido"", ""P"": true, ""Q"": ""45939"", ""R"": ""N/A""}","{""J"": """", ""O"": ""IFERROR(__xludf.DUMMYFUNCTION(\""\""\""COMPUTED_VALUE\""\""\""),\""Entrega del desarrollo al cliente en ambien de pruebas: Liquidación de matriculas con Manual incluido\"")"", ""P"": ""IFERROR(__xludf.DUMMYFUNCTION(\""\""\""COMPUTED_VALUE\""\""\""),TRUE)"", ""Q"": ""IFERROR(__xludf.DUMMYFUNCTION(\""\""\""COMPUTED_VALUE\""\""\""),45939.0)"", ""R"": ""IFERROR(__xludf.DUMMYFUNCTION(\""\""\""COMPUTED_VALUE\""\""\""),\""N/A\"")""}",support,TASK_BELONGS_TO_PROJECT_TEMPLATE,HISTORICAL_TASK_BOUND_TO_PROJECT_TEMPLATE_NOT_TEMPLATE_ACTIVITY,,
tareas,TSK000035,task,✅Lista de Tareas,51,PRJ0001,Academia MISI,Academia MISI,Implementación,Campuspack,implementation_campuspack,Acompañamiento / Seguimiento,Actividad,TSK000035,Servicio medico (Pendiente Correo),0.0,2025-08-08,2025-11-14,true,Hecho,Medio,Jhoec Camayo,N/A,Desistio MISI,implementation_campuspack:ACT-24,,,,,,,,,,,,,,,,,,,,,,,,,,,,,,,"{""B"": ""Academia MISI"", ""C"": ""Servicio medico (Pendiente Correo)"", ""D"": ""0.0"", ""E"": ""45877.0"", ""F"": true, ""G"": ""45975.0"", ""H"": ""Hecho"", ""I"": ""Medio"", ""J"": ""N/A"", ""K"": ""Jhoec Camayo"", ""L"": ""Desistio MISI"", ""O"": ""Capacitación Recuersos Fisicos"", ""P"": true, ""Q"": ""45938"", ""R"": ""N/A""}","{""J"": """", ""O"": ""IFERROR(__xludf.DUMMYFUNCTION(\""\""\""COMPUTED_VALUE\""\""\""),\""Capacitación Recuersos Fisicos\"")"", ""P"": ""IFERROR(__xludf.DUMMYFUNCTION(\""\""\""COMPUTED_VALUE\""\""\""),TRUE)"", ""Q"": ""IFERROR(__xludf.DUMMYFUNCTION(\""\""\""COMPUTED_VALUE\""\""\""),45938.0)"", ""R"": ""IFERROR(__xludf.DUMMYFUNCTION(\""\""\""COMPUTED_VALUE\""\""\""),\""N/A\"")""}",implementation_campuspack,TASK_BELONGS_TO_PROJECT_TEMPLATE,HISTORICAL_TASK_BOUND_TO_PROJECT_TEMPLATE_NOT_TEMPLATE_ACTIVITY,,
tareas,TSK000036,task,✅Lista de Tareas,52,PRJ0003,The English School,The English School,Soporte,Schoolpack,support,Financiero,Actividad,TSK000036,Entrega del desarrollo Doble responsable financiero FASE 2,,2025-08-06,2025-08-06,true,Hecho,Alto,Desarrollo,,,support:ACT-12,,,,,,,,,,,,,,,,,,,,,,,,,,,,,,,"{""B"": ""The English School"", ""C"": ""Entrega del desarrollo Doble responsable financiero FASE 2"", ""E"": ""45875.0"", ""F"": true, ""G"": ""45875.0"", ""H"": ""Hecho"", ""I"": ""Alto"", ""K"": ""Desarrollo"", ""O"": ""Capacitación Bienestar y ACTA"", ""P"": true, ""Q"": ""45939"", ""R"": ""N/A""}","{""O"": ""IFERROR(__xludf.DUMMYFUNCTION(\""\""\""COMPUTED_VALUE\""\""\""),\""Capacitación Bienestar y ACTA\"")"", ""P"": ""IFERROR(__xludf.DUMMYFUNCTION(\""\""\""COMPUTED_VALUE\""\""\""),TRUE)"", ""Q"": ""IFERROR(__xludf.DUMMYFUNCTION(\""\""\""COMPUTED_VALUE\""\""\""),45939.0)"", ""R"": ""IFERROR(__xludf.DUMMYFUNCTION(\""\""\""COMPUTED_VALUE\""\""\""),\""N/A\"")""}",support,TASK_BELONGS_TO_PROJECT_TEMPLATE,HISTORICAL_TASK_BOUND_TO_PROJECT_TEMPLATE_NOT_TEMPLATE_ACTIVITY,,
tareas,TSK000037,task,✅Lista de Tareas,53,PRJ0003,The English School,The English School,Soporte,Schoolpack,support,Financiero,Actividad,TSK000037,Auditoria del desarrollo a la medida: Doble responsable financiero y pago empresarial FASE 2,4.0,2025-07-29,2025-07-31,true,Hecho,Alto,Sebastian Ballesteros,,,support:ACT-13,,,,,,,,,,,,,,,,,,,,,,,,,,,,,,,"{""B"": ""The English School"", ""C"": ""Auditoria del desarrollo a la medida: Doble responsable financiero y pago empresarial FASE 2"", ""D"": ""4.0"", ""E"": ""45867.0"", ""F"": true, ""G"": ""45869.0"", ""H"": ""Hecho"", ""I"": ""Alto"", ""K"": ""Sebastian Ballesteros"", ""O"": ""Capacitación SNIES y ACTA"", ""P"": true, ""Q"": ""45944"", ""R"": ""N/A""}","{""O"": ""IFERROR(__xludf.DUMMYFUNCTION(\""\""\""COMPUTED_VALUE\""\""\""),\""Capacitación SNIES y ACTA\"")"", ""P"": ""IFERROR(__xludf.DUMMYFUNCTION(\""\""\""COMPUTED_VALUE\""\""\""),TRUE)"", ""Q"": ""IFERROR(__xludf.DUMMYFUNCTION(\""\""\""COMPUTED_VALUE\""\""\""),45944.0)"", ""R"": ""IFERROR(__xludf.DUMMYFUNCTION(\""\""\""COMPUTED_VALUE\""\""\""),\""N/A\"")""}",support,TASK_BELONGS_TO_PROJECT_TEMPLATE,HISTORICAL_TASK_BOUND_TO_PROJECT_TEMPLATE_NOT_TEMPLATE_ACTIVITY,,
tareas,TSK000038,task,✅Lista de Tareas,54,PRJ0009,Calasanzs,Calasanzs,Soporte,Implementado,support,Otros,Actividad,TSK000038,"Modificación de la pantalla de valoración a un solo decimal, con las mismas condiciones del boletin",0.0,2025-05-21,2025-09-16,true,Hecho,Medio,Jhoec Camayo,N/A,Reactivación cuando la institución realice la petición de nuevo,support:ACT-14,,,,,,,,,,,,,,,,,,,,,,,,,,,,,,,"{""B"": ""Calasanzs"", ""C"": ""Modificación de la pantalla de valoración a un solo decimal, con las mismas condiciones del boletin"", ""D"": ""0.0"", ""E"": ""45798.0"", ""F"": true, ""G"": ""45916.0"", ""H"": ""Hecho"", ""I"": ""Medio"", ""J"": ""N/A"", ""K"": ""Jhoec Camayo"", ""L"": ""Reactivación cuando la institución realice la petición de nuevo"", ""O"": ""Capacitación Evaluación Institucional y ACTA"", ""P"": true, ""Q"": ""45945"", ""R"": ""N/A""}","{""J"": ""if(or(F54=TRUE,G54>0,H54=\""Done\"",isblank(E54)),\""N/A\"",if($B$5<=E54,\""N/A\"",\""Overdue\""))"", ""O"": ""IFERROR(__xludf.DUMMYFUNCTION(\""\""\""COMPUTED_VALUE\""\""\""),\""Capacitación Evaluación Institucional y ACTA\"")"", ""P"": ""IFERROR(__xludf.DUMMYFUNCTION(\""\""\""COMPUTED_VALUE\""\""\""),TRUE)"", ""Q"": ""IFERROR(__xludf.DUMMYFUNCTION(\""\""\""COMPUTED_VALUE\""\""\""),45945.0)"", ""R"": ""IFERROR(__xludf.DUMMYFUNCTION(\""\""\""COMPUTED_VALUE\""\""\""),\""N/A\"")""}",support,TASK_BELONGS_TO_PROJECT_TEMPLATE,HISTORICAL_TASK_BOUND_TO_PROJECT_TEMPLATE_NOT_TEMPLATE_ACTIVITY,,
tareas,TSK000039,task,✅Lista de Tareas,55,,Cet - Evolutivo inscripción,Cet - Evolutivo inscripción,,,,,Actividad,TSK000039,Sensibilización global de los modulos del contrato,3.0,2025-07-03,2025-08-20,true,Hecho,Medio,Carmen Donoso,N/A,"Escenciales (17Jul)OK, PRESENCIAL: Academico sesión 1 (24Jul)OK, sesión 2 (1Ago), Financiero y adicionales sesión1 (20Ago)",,,,,,,,,,,,,,,,,,,,,,,,,,,,,,,,"{""B"": ""Cet - Evolutivo inscripción"", ""C"": ""Sensibilización global de los modulos del contrato"", ""D"": ""3.0"", ""E"": ""45841.0"", ""F"": true, ""G"": ""45889.0"", ""H"": ""Hecho"", ""I"": ""Medio"", ""J"": ""N/A"", ""K"": ""Carmen Donoso"", ""L"": ""Escenciales (17Jul)OK, PRESENCIAL: Academico sesión 1 (24Jul)OK, sesión 2 (1Ago), Financiero y adicionales sesión1 (20Ago)"", ""O"": ""Sesión de acompañamiento Checklist actividades para Salida a producción "", ""P"": true, ""Q"": ""45960"", ""R"": ""N/A""}","{""J"": """", ""O"": ""IFERROR(__xludf.DUMMYFUNCTION(\""\""\""COMPUTED_VALUE\""\""\""),\""Sesión de acompañamiento Checklist actividades para Salida a producción \"")"", ""P"": ""IFERROR(__xludf.DUMMYFUNCTION(\""\""\""COMPUTED_VALUE\""\""\""),TRUE)"", ""Q"": ""IFERROR(__xludf.DUMMYFUNCTION(\""\""\""COMPUTED_VALUE\""\""\""),45960.0)"", ""R"": ""IFERROR(__xludf.DUMMYFUNCTION(\""\""\""COMPUTED_VALUE\""\""\""),\""N/A\"")""}",,TASK_BELONGS_TO_PROJECT_TEMPLATE,NOT_APPLICABLE,,
tareas,TSK000040,task,✅Lista de Tareas,56,PRJ0001,Academia MISI,Academia MISI,Implementación,Campuspack,implementation_campuspack,Migración / Importadores,Actividad,TSK000040,Poblamiento Importadores,10.0,2025-02-28,2025-03-14,true,Hecho,Alto,Carmen Donoso,,,implementation_campuspack:ACT-25,,,,,,,,,,,,,,,,,,,,,,,,,,,,,,,"{""B"": ""Academia MISI"", ""C"": ""Poblamiento Importadores "", ""D"": ""10.0"", ""E"": ""45716.0"", ""F"": true, ""G"": ""45730.0"", ""H"": ""Hecho"", ""I"": ""Alto"", ""K"": ""Carmen Donoso"", ""O"": ""Sesión de acompañamiento Prueba integral Salida a producción "", ""P"": true, ""Q"": ""45961"", ""R"": ""N/A""}","{""O"": ""IFERROR(__xludf.DUMMYFUNCTION(\""\""\""COMPUTED_VALUE\""\""\""),\""Sesión de acompañamiento Prueba integral Salida a producción \"")"", ""P"": ""IFERROR(__xludf.DUMMYFUNCTION(\""\""\""COMPUTED_VALUE\""\""\""),TRUE)"", ""Q"": ""IFERROR(__xludf.DUMMYFUNCTION(\""\""\""COMPUTED_VALUE\""\""\""),45961.0)"", ""R"": ""IFERROR(__xludf.DUMMYFUNCTION(\""\""\""COMPUTED_VALUE\""\""\""),\""N/A\"")""}",implementation_campuspack,TASK_BELONGS_TO_PROJECT_TEMPLATE,HISTORICAL_TASK_BOUND_TO_PROJECT_TEMPLATE_NOT_TEMPLATE_ACTIVITY,,
tareas,TSK000041,task,✅Lista de Tareas,57,PRJ0001,Academia MISI,Academia MISI,Implementación,Campuspack,implementation_campuspack,Académico,Actividad,TSK000041,Capacitación Configuración Académica,2.0,2015-04-16,2025-04-16,true,Hecho,Alto,Carmen Donoso,,,implementation_campuspack:ACT-12,,,,,,,,,,,,,,,,,,,,,,,,,,,,,,,"{""B"": ""Academia MISI"", ""C"": ""Capacitación Configuración Académica"", ""D"": ""2.0"", ""E"": ""42110.0"", ""F"": true, ""G"": ""45763.0"", ""H"": ""Hecho"", ""I"": ""Alto"", ""K"": ""Carmen Donoso"", ""O"": ""PRIORIDAD: Manual en video de acceso a padres Campuspack (ENVIAR POR CORREO)"", ""P"": true, ""Q"": ""45975"", ""R"": ""N/A""}","{""O"": ""IFERROR(__xludf.DUMMYFUNCTION(\""\""\""COMPUTED_VALUE\""\""\""),\""PRIORIDAD: Manual en video de acceso a padres Campuspack (ENVIAR POR CORREO)\"")"", ""P"": ""IFERROR(__xludf.DUMMYFUNCTION(\""\""\""COMPUTED_VALUE\""\""\""),TRUE)"", ""Q"": ""IFERROR(__xludf.DUMMYFUNCTION(\""\""\""COMPUTED_VALUE\""\""\""),45975.0)"", ""R"": ""IFERROR(__xludf.DUMMYFUNCTION(\""\""\""COMPUTED_VALUE\""\""\""),\""N/A\"")""}",implementation_campuspack,TASK_BELONGS_TO_PROJECT_TEMPLATE,HISTORICAL_TASK_BOUND_TO_PROJECT_TEMPLATE_NOT_TEMPLATE_ACTIVITY,,
tareas,TSK000042,task,✅Lista de Tareas,58,PRJ0001,Academia MISI,Academia MISI,Implementación,Campuspack,implementation_campuspack,Financiero,Actividad,TSK000042,Sesión de liquidación de matriculas,4.0,2025-08-11,2025-08-14,true,Hecho,Alto,Carmen Donoso,N/A,,implementation_campuspack:ACT-26,,,,,,,,,,,,,,,,,,,,,,,,,,,,,,,"{""B"": ""Academia MISI"", ""C"": ""Sesión de liquidación de matriculas"", ""D"": ""4.0"", ""E"": ""45880.0"", ""F"": true, ""G"": ""45883.0"", ""H"": ""Hecho"", ""I"": ""Alto"", ""J"": ""N/A"", ""K"": ""Carmen Donoso"", ""O"": ""Sesión de creación de perfiles "", ""P"": true, ""Q"": ""45972"", ""R"": ""N/A""}","{""J"": ""if(or(F58=TRUE,G58>0,H58=\""Done\"",isblank(E58)),\""N/A\"",if($B$5<=E58,\""N/A\"",\""Overdue\""))"", ""O"": ""IFERROR(__xludf.DUMMYFUNCTION(\""\""\""COMPUTED_VALUE\""\""\""),\""Sesión de creación de perfiles \"")"", ""P"": ""IFERROR(__xludf.DUMMYFUNCTION(\""\""\""COMPUTED_VALUE\""\""\""),TRUE)"", ""Q"": ""IFERROR(__xludf.DUMMYFUNCTION(\""\""\""COMPUTED_VALUE\""\""\""),45972.0)"", ""R"": ""IFERROR(__xludf.DUMMYFUNCTION(\""\""\""COMPUTED_VALUE\""\""\""),\""N/A\"")""}",implementation_campuspack,TASK_BELONGS_TO_PROJECT_TEMPLATE,HISTORICAL_TASK_BOUND_TO_PROJECT_TEMPLATE_NOT_TEMPLATE_ACTIVITY,,
tareas,TSK000043,task,✅Lista de Tareas,59,PRJ0001,Academia MISI,Academia MISI,Implementación,Campuspack,implementation_campuspack,Financiero,Actividad,TSK000043,Aprobación de la ODS personalizaciones liquidación de matriculas,1.0,2025-09-01,2025-09-03,true,Hecho,Alto,Administrativo,N/A,,implementation_campuspack:ACT-27,,,,,,,,,,,,,,,,,,,,,,,,,,,,,,,"{""B"": ""Academia MISI"", ""C"": ""Aprobación de la ODS personalizaciones liquidación de matriculas"", ""D"": ""1.0"", ""E"": ""45901.0"", ""F"": true, ""G"": ""45903.0"", ""H"": ""Hecho"", ""I"": ""Alto"", ""J"": ""N/A"", ""K"": ""Administrativo"", ""O"": ""Sesión Configuración Correo electronico retrasmisión "", ""P"": true, ""Q"": ""45975"", ""R"": ""N/A""}","{""J"": """", ""O"": ""IFERROR(__xludf.DUMMYFUNCTION(\""\""\""COMPUTED_VALUE\""\""\""),\""Sesión Configuración Correo electronico retrasmisión \"")"", ""P"": ""IFERROR(__xludf.DUMMYFUNCTION(\""\""\""COMPUTED_VALUE\""\""\""),TRUE)"", ""Q"": ""IFERROR(__xludf.DUMMYFUNCTION(\""\""\""COMPUTED_VALUE\""\""\""),45975.0)"", ""R"": ""IFERROR(__xludf.DUMMYFUNCTION(\""\""\""COMPUTED_VALUE\""\""\""),\""N/A\"")""}",implementation_campuspack,TASK_BELONGS_TO_PROJECT_TEMPLATE,HISTORICAL_TASK_BOUND_TO_PROJECT_TEMPLATE_NOT_TEMPLATE_ACTIVITY,,
tareas,TSK000044,task,✅Lista de Tareas,60,,Cet - Evolutivo inscripción,Cet - Evolutivo inscripción,,,,,Actividad,TSK000044,Reporte de infraestructura,2.0,2025-08-11,2025-08-11,true,Hecho,Medio,Carmen Donoso,N/A,"Sac 85118, se solicito documentación el 11Ago",,,,,,,,,,,,,,,,,,,,,,,,,,,,,,,,"{""B"": ""Cet - Evolutivo inscripción"", ""C"": ""Reporte de infraestructura"", ""D"": ""2.0"", ""E"": ""45880.0"", ""F"": true, ""G"": ""45880.0"", ""H"": ""Hecho"", ""I"": ""Medio"", ""J"": ""N/A"", ""K"": ""Carmen Donoso"", ""L"": ""Sac 85118, se solicito documentación el 11Ago"", ""O"": ""Configuración y paso a producción "", ""P"": true, ""Q"": ""45980"", ""R"": ""N/A""}","{""J"": """", ""O"": ""IFERROR(__xludf.DUMMYFUNCTION(\""\""\""COMPUTED_VALUE\""\""\""),\""Configuración y paso a producción \"")"", ""P"": ""IFERROR(__xludf.DUMMYFUNCTION(\""\""\""COMPUTED_VALUE\""\""\""),TRUE)"", ""Q"": ""IFERROR(__xludf.DUMMYFUNCTION(\""\""\""COMPUTED_VALUE\""\""\""),45980.0)"", ""R"": ""IFERROR(__xludf.DUMMYFUNCTION(\""\""\""COMPUTED_VALUE\""\""\""),\""N/A\"")""}",,TASK_BELONGS_TO_PROJECT_TEMPLATE,NOT_APPLICABLE,,
tareas,TSK000045,task,✅Lista de Tareas,61,PRJ0001,Academia MISI,Academia MISI,Implementación,Campuspack,implementation_campuspack,Financiero,Actividad,TSK000045,Entrega desarrollo personalizaciones proceso Liquidación de matriculas,,2025-09-04,2025-10-03,true,Hecho,Alto,Desarrollo,N/A,9 dias habiles + 4 dias Desarrollo tiene inconvenientes,implementation_campuspack:ACT-28,,,,,,,,,,,,,,,,,,,,,,,,,,,,,,,"{""B"": ""Academia MISI"", ""C"": ""Entrega desarrollo personalizaciones proceso Liquidación de matriculas "", ""E"": ""45904.0"", ""F"": true, ""G"": ""45933.0"", ""H"": ""Hecho"", ""I"": ""Alto"", ""J"": ""N/A"", ""K"": ""Desarrollo"", ""L"": ""9 dias habiles + 4 dias Desarrollo tiene inconvenientes"", ""O"": ""Sesión 2: Prueba integral proceso completo de pago matriculas - Realizar un pago en ambiente de producción "", ""P"": true, ""Q"": ""45988"", ""R"": ""N/A""}","{""J"": """", ""O"": ""IFERROR(__xludf.DUMMYFUNCTION(\""\""\""COMPUTED_VALUE\""\""\""),\""Sesión 2: Prueba integral proceso completo de pago matriculas - Realizar un pago en ambiente de producción \"")"", ""P"": ""IFERROR(__xludf.DUMMYFUNCTION(\""\""\""COMPUTED_VALUE\""\""\""),TRUE)"", ""Q"": ""IFERROR(__xludf.DUMMYFUNCTION(\""\""\""COMPUTED_VALUE\""\""\""),45988.0)"", ""R"": ""IFERROR(__xludf.DUMMYFUNCTION(\""\""\""COMPUTED_VALUE\""\""\""),\""N/A\"")""}",implementation_campuspack,TASK_BELONGS_TO_PROJECT_TEMPLATE,HISTORICAL_TASK_BOUND_TO_PROJECT_TEMPLATE_NOT_TEMPLATE_ACTIVITY,,
tareas,TSK000046,task,✅Lista de Tareas,62,PRJ0001,Academia MISI,Academia MISI,Implementación,Campuspack,implementation_campuspack,Financiero,Actividad,TSK000046,Capacitación financiera Sesión 1,2.0,2025-09-24,2025-09-24,true,Hecho,Alto,Sebastian Ballesteros,N/A,2 a 4pm,implementation_campuspack:ACT-29,,,,,,,,,,,,,,,,,,,,,,,,,,,,,,,"{""B"": ""Academia MISI"", ""C"": ""Capacitación financiera Sesión 1"", ""D"": ""2.0"", ""E"": ""45924.0"", ""F"": true, ""G"": ""45924.0"", ""H"": ""Hecho"", ""I"": ""Alto"", ""J"": ""N/A"", ""K"": ""Sebastian Ballesteros"", ""L"": ""2 a 4pm"", ""O"": ""Acompañamiento Inquietudes Recursos Fisicos (Actualizar sitio de pruebas para que se corrija el error)"", ""P"": true, ""Q"": ""45992""}","{""J"": """", ""O"": ""IFERROR(__xludf.DUMMYFUNCTION(\""\""\""COMPUTED_VALUE\""\""\""),\""Acompañamiento Inquietudes Recursos Fisicos (Actualizar sitio de pruebas para que se corrija el error)\"")"", ""P"": ""IFERROR(__xludf.DUMMYFUNCTION(\""\""\""COMPUTED_VALUE\""\""\""),TRUE)"", ""Q"": ""IFERROR(__xludf.DUMMYFUNCTION(\""\""\""COMPUTED_VALUE\""\""\""),45992.0)""}",implementation_campuspack,TASK_BELONGS_TO_PROJECT_TEMPLATE,HISTORICAL_TASK_BOUND_TO_PROJECT_TEMPLATE_NOT_TEMPLATE_ACTIVITY,,
tareas,TSK000047,task,✅Lista de Tareas,63,PRJ0001,Academia MISI,Academia MISI,Implementación,Campuspack,implementation_campuspack,Académico,Actividad,TSK000047,85635 - Capacitación módulo Valoraciones,2.0,2025-09-25,2025-09-25,true,Hecho,Alto,Carmen Donoso,N/A,2 a 4 pm (Tareas a MISI que salieron de la Cap Financiera Sebas),implementation_campuspack:ACT-30,,,,,,,,,,,,,,,,,,,,,,,,,,,,,,,"{""B"": ""Academia MISI"", ""C"": ""85635 - Capacitación módulo Valoraciones"", ""D"": ""2.0"", ""E"": ""45925.0"", ""F"": true, ""G"": ""45925.0"", ""H"": ""Hecho"", ""I"": ""Alto"", ""J"": ""N/A"", ""K"": ""Carmen Donoso"", ""L"": ""2 a 4 pm (Tareas a MISI que salieron de la Cap Financiera Sebas)"", ""O"": ""(Reportes personalizados) - Documentación: Visualizaciones en la pantalla de padres y alumnos Parcial y final"", ""P"": true, ""Q"": ""46035"", ""R"": ""N/A""}","{""J"": """", ""O"": ""IFERROR(__xludf.DUMMYFUNCTION(\""\""\""COMPUTED_VALUE\""\""\""),\""(Reportes personalizados) - Documentación: Visualizaciones en la pantalla de padres y alumnos Parcial y final\"")"", ""P"": ""IFERROR(__xludf.DUMMYFUNCTION(\""\""\""COMPUTED_VALUE\""\""\""),TRUE)"", ""Q"": ""IFERROR(__xludf.DUMMYFUNCTION(\""\""\""COMPUTED_VALUE\""\""\""),46035.0)"", ""R"": ""IFERROR(__xludf.DUMMYFUNCTION(\""\""\""COMPUTED_VALUE\""\""\""),\""N/A\"")""}",implementation_campuspack,TASK_BELONGS_TO_PROJECT_TEMPLATE,HISTORICAL_TASK_BOUND_TO_PROJECT_TEMPLATE_NOT_TEMPLATE_ACTIVITY,,
tareas,TSK000048,task,✅Lista de Tareas,64,,Cet - Evolutivo inscripción,Cet - Evolutivo inscripción,,,,,Actividad,TSK000048,Entrega de la documentación de la socialización de los creditos y descuentos,1.0,2025-07-09,2025-07-23,true,Hecho,Medio,Carmen Donoso,N/A,Formato y pantalla para recolectar información para solicitud de creditos financieros,,,,,,,,,,,,,,,,,,,,,,,,,,,,,,,,"{""B"": ""Cet - Evolutivo inscripción"", ""C"": ""Entrega de la documentación de la socialización de los creditos y descuentos"", ""D"": ""1.0"", ""E"": ""45847.0"", ""F"": true, ""G"": ""45861.0"", ""H"": ""Hecho"", ""I"": ""Medio"", ""J"": ""N/A"", ""K"": ""Carmen Donoso"", ""L"": ""Formato y pantalla para recolectar información para solicitud de creditos financieros"", ""O"": ""Error de cambio de perfil y de inventarios - Documentar y enviar por correo para revisión antes de pasar a Desarrollo"", ""P"": true, ""Q"": ""46002"", ""R"": ""N/A""}","{""J"": """", ""O"": ""IFERROR(__xludf.DUMMYFUNCTION(\""\""\""COMPUTED_VALUE\""\""\""),\""Error de cambio de perfil y de inventarios - Documentar y enviar por correo para revisión antes de pasar a Desarrollo\"")"", ""P"": ""IFERROR(__xludf.DUMMYFUNCTION(\""\""\""COMPUTED_VALUE\""\""\""),TRUE)"", ""Q"": ""IFERROR(__xludf.DUMMYFUNCTION(\""\""\""COMPUTED_VALUE\""\""\""),46002.0)"", ""R"": ""IFERROR(__xludf.DUMMYFUNCTION(\""\""\""COMPUTED_VALUE\""\""\""),\""N/A\"")""}",,TASK_BELONGS_TO_PROJECT_TEMPLATE,NOT_APPLICABLE,,
tareas,TSK000049,task,✅Lista de Tareas,65,PRJ0008,Corazonistas,Corazonistas,Soporte,Implementado,support,Otros,Actividad,TSK000049,Visita oficinas Corazonistas,1.0,2025-09-22,2025-09-22,true,Hecho,Alto,Karina Porras,N/A,,support:ACT-15,,,,,,,,,,,,,,,,,,,,,,,,,,,,,,,"{""B"": ""Corazonistas"", ""C"": ""Visita oficinas Corazonistas"", ""D"": ""1.0"", ""E"": ""45922.0"", ""F"": true, ""G"": ""45922.0"", ""H"": ""Hecho"", ""I"": ""Alto"", ""J"": ""N/A"", ""K"": ""Karina Porras"", ""O"": ""Manual de Valoraciones"", ""P"": true, ""Q"": ""46002""}","{""J"": """", ""O"": ""IFERROR(__xludf.DUMMYFUNCTION(\""\""\""COMPUTED_VALUE\""\""\""),\""Manual de Valoraciones\"")"", ""P"": ""IFERROR(__xludf.DUMMYFUNCTION(\""\""\""COMPUTED_VALUE\""\""\""),TRUE)"", ""Q"": ""IFERROR(__xludf.DUMMYFUNCTION(\""\""\""COMPUTED_VALUE\""\""\""),46002.0)""}",support,TASK_BELONGS_TO_PROJECT_TEMPLATE,HISTORICAL_TASK_BOUND_TO_PROJECT_TEMPLATE_NOT_TEMPLATE_ACTIVITY,,
tareas,TSK000050,task,✅Lista de Tareas,66,,Cet - Evolutivo inscripción,Cet - Evolutivo inscripción,,,,,Actividad,TSK000050,Orden de servicio sin costo,0.0,2025-07-24,2025-09-08,true,Hecho,Medio,Carmen Donoso,N/A,,,,,,,,,,,,,,,,,,,,,,,,,,,,,,,,,"{""B"": ""Cet - Evolutivo inscripción"", ""C"": ""Orden de servicio sin costo "", ""D"": ""0.0"", ""E"": ""45862.0"", ""F"": true, ""G"": ""45908.0"", ""H"": ""Hecho"", ""I"": ""Medio"", ""J"": ""N/A"", ""K"": ""Carmen Donoso"", ""O"": ""83180 - Revisión Pantalla de valoraciones en la interfaz del padre de familia (Correo a Desarrollo) - PENDIENTE DEL AREA DE DESARROLLO "", ""P"": true, ""Q"": ""45975""}","{""J"": """", ""O"": ""IFERROR(__xludf.DUMMYFUNCTION(\""\""\""COMPUTED_VALUE\""\""\""),\""83180 - Revisión Pantalla de valoraciones en la interfaz del padre de familia (Correo a Desarrollo) - PENDIENTE DEL AREA DE DESARROLLO \"")"", ""P"": ""IFERROR(__xludf.DUMMYFUNCTION(\""\""\""COMPUTED_VALUE\""\""\""),TRUE)"", ""Q"": ""IFERROR(__xludf.DUMMYFUNCTION(\""\""\""COMPUTED_VALUE\""\""\""),45975.0)""}",,TASK_BELONGS_TO_PROJECT_TEMPLATE,NOT_APPLICABLE,,
tareas,TSK000051,task,✅Lista de Tareas,67,PRJ0001,Academia MISI,Academia MISI,Implementación,Campuspack,implementation_campuspack,Documentación / Actas / Entrega,Actividad,TSK000051,Envio de todos los Manuales funcionales (Asignar recurso),1.0,2025-09-26,2025-10-06,true,Hecho,Alto,Jhoec Camayo,N/A,prioridad alta - Definir fecha de entrega y cantidad de manuales ,implementation_campuspack:ACT-31,,,,,,,,,,,,,,,,,,,,,,,,,,,,,,,"{""B"": ""Academia MISI"", ""C"": ""Envio de todos los Manuales funcionales (Asignar recurso)"", ""D"": ""1.0"", ""E"": ""45926.0"", ""F"": true, ""G"": ""45936.0"", ""H"": ""Hecho"", ""I"": ""Alto"", ""J"": ""N/A"", ""K"": ""Jhoec Camayo"", ""L"": ""prioridad alta - Definir fecha de entrega y cantidad de manuales "", ""O"": ""Sesión 2 de prueba integral: Valoraciones"", ""P"": true, ""Q"": ""46000"", ""R"": ""N/A""}","{""J"": """", ""O"": ""IFERROR(__xludf.DUMMYFUNCTION(\""\""\""COMPUTED_VALUE\""\""\""),\""Sesión 2 de prueba integral: Valoraciones\"")"", ""P"": ""IFERROR(__xludf.DUMMYFUNCTION(\""\""\""COMPUTED_VALUE\""\""\""),TRUE)"", ""Q"": ""IFERROR(__xludf.DUMMYFUNCTION(\""\""\""COMPUTED_VALUE\""\""\""),46000.0)"", ""R"": ""IFERROR(__xludf.DUMMYFUNCTION(\""\""\""COMPUTED_VALUE\""\""\""),\""N/A\"")""}",implementation_campuspack,TASK_BELONGS_TO_PROJECT_TEMPLATE,HISTORICAL_TASK_BOUND_TO_PROJECT_TEMPLATE_NOT_TEMPLATE_ACTIVITY,,
tareas,TSK000052,task,✅Lista de Tareas,68,PRJ0013,Aspaen,Aspaen,Soporte,Schoolpack,support,Reuniones y coordinación,Actividad,TSK000052,Reunión interna MCC - Plan de pruebas,1.0,2025-07-16,2025-07-16,true,Hecho,Urgente,Karina Porras,N/A,,support:ACT-16,,,,,,,,,,,,,,,,,,,,,,,,,,,,,,,"{""B"": ""Aspaen"", ""C"": ""Reunión interna MCC - Plan de pruebas"", ""D"": ""1.0"", ""E"": ""45854.0"", ""F"": true, ""G"": ""45854.0"", ""H"": ""Hecho"", ""I"": ""Urgente"", ""J"": ""N/A"", ""K"": ""Karina Porras"", ""O"": ""86398 - Cambio perfil de personas a docentes"", ""P"": true, ""Q"": ""46006"", ""R"": ""N/A""}","{""J"": """", ""O"": ""IFERROR(__xludf.DUMMYFUNCTION(\""\""\""COMPUTED_VALUE\""\""\""),\""86398 - Cambio perfil de personas a docentes\"")"", ""P"": ""IFERROR(__xludf.DUMMYFUNCTION(\""\""\""COMPUTED_VALUE\""\""\""),TRUE)"", ""Q"": ""IFERROR(__xludf.DUMMYFUNCTION(\""\""\""COMPUTED_VALUE\""\""\""),46006.0)"", ""R"": ""IFERROR(__xludf.DUMMYFUNCTION(\""\""\""COMPUTED_VALUE\""\""\""),\""N/A\"")""}",support,TASK_BELONGS_TO_PROJECT_TEMPLATE,HISTORICAL_TASK_BOUND_TO_PROJECT_TEMPLATE_NOT_TEMPLATE_ACTIVITY,,
tareas,TSK000053,task,✅Lista de Tareas,69,,Cet - Evolutivo inscripción,Cet - Evolutivo inscripción,,,,,Actividad,TSK000053,Actualización del aplicativo (Viernes presencial),1.0,2025-08-22,2025-08-22,true,Hecho,Alto,Carmen Donoso,N/A,,,,,,,,,,,,,,,,,,,,,,,,,,,,,,,,,"{""B"": ""Cet - Evolutivo inscripción"", ""C"": ""Actualización del aplicativo (Viernes presencial)"", ""D"": ""1.0"", ""E"": ""45891.0"", ""F"": true, ""G"": ""45891.0"", ""H"": ""Hecho"", ""I"": ""Alto"", ""J"": ""N/A"", ""K"": ""Carmen Donoso"", ""O"": ""Error de cambio de perfil y de inventarios - Pendiente fecha de entrega Desarrollo"", ""P"": true, ""Q"": ""46007""}","{""J"": """", ""O"": ""IFERROR(__xludf.DUMMYFUNCTION(\""\""\""COMPUTED_VALUE\""\""\""),\""Error de cambio de perfil y de inventarios - Pendiente fecha de entrega Desarrollo\"")"", ""P"": ""IFERROR(__xludf.DUMMYFUNCTION(\""\""\""COMPUTED_VALUE\""\""\""),TRUE)"", ""Q"": ""IFERROR(__xludf.DUMMYFUNCTION(\""\""\""COMPUTED_VALUE\""\""\""),46007.0)""}",,TASK_BELONGS_TO_PROJECT_TEMPLATE,NOT_APPLICABLE,,
tareas,TSK000054,task,✅Lista de Tareas,70,PRJ0013,Aspaen,Aspaen,Soporte,Schoolpack,support,Capacitación,Actividad,TSK000054,Capacitación de Untis,1.0,2025-07-30,2025-08-05,true,Hecho,Medio,Jhoec Camayo,N/A,1 de Agosto y 5 de Agosto a las 2pm (Xiomara),support:ACT-17,,,,,,,,,,,,,,,,,,,,,,,,,,,,,,,"{""B"": ""Aspaen"", ""C"": ""Capacitación de Untis"", ""D"": ""1.0"", ""E"": ""45868.0"", ""F"": true, ""G"": ""45874.0"", ""H"": ""Hecho"", ""I"": ""Medio"", ""J"": ""N/A"", ""K"": ""Jhoec Camayo"", ""L"": ""1 de Agosto y 5 de Agosto a las 2pm (Xiomara)"", ""O"": ""Documentación desarrollo: checks solicitados (imágenes y habeas data)"", ""P"": true, ""Q"": ""46007""}","{""J"": """", ""O"": ""IFERROR(__xludf.DUMMYFUNCTION(\""\""\""COMPUTED_VALUE\""\""\""),\""Documentación desarrollo: checks solicitados (imágenes y habeas data)\"")"", ""P"": ""IFERROR(__xludf.DUMMYFUNCTION(\""\""\""COMPUTED_VALUE\""\""\""),TRUE)"", ""Q"": ""IFERROR(__xludf.DUMMYFUNCTION(\""\""\""COMPUTED_VALUE\""\""\""),46007.0)""}",support,TASK_BELONGS_TO_PROJECT_TEMPLATE,HISTORICAL_TASK_BOUND_TO_PROJECT_TEMPLATE_NOT_TEMPLATE_ACTIVITY,,
tareas,TSK000055,task,✅Lista de Tareas,71,,Cet - Evolutivo inscripción,Cet - Evolutivo inscripción,,,,,Actividad,TSK000055,84940 - Documento con los requerimientos financieros de parte de la Cet (Acuerdos Reu 26Jun),0.0,2025-08-21,2025-08-21,true,Hecho,Alto,Carmen Donoso,N/A,ODS Sac 84940,,,,,,,,,,,,,,,,,,,,,,,,,,,,,,,,"{""B"": ""Cet - Evolutivo inscripción"", ""C"": ""84940 - Documento con los requerimientos financieros de parte de la Cet (Acuerdos Reu 26Jun)"", ""D"": ""0.0"", ""E"": ""45890.0"", ""F"": true, ""G"": ""45890.0"", ""H"": ""Hecho"", ""I"": ""Alto"", ""J"": ""N/A"", ""K"": ""Carmen Donoso"", ""L"": ""ODS Sac 84940"", ""O"": ""Sesión de Configuración de logros para entregas parciales en producción"", ""P"": true, ""Q"": ""46076"", ""R"": ""N/A""}","{""J"": """", ""O"": ""IFERROR(__xludf.DUMMYFUNCTION(\""\""\""COMPUTED_VALUE\""\""\""),\""Sesión de Configuración de logros para entregas parciales en producción\"")"", ""P"": ""IFERROR(__xludf.DUMMYFUNCTION(\""\""\""COMPUTED_VALUE\""\""\""),TRUE)"", ""Q"": ""IFERROR(__xludf.DUMMYFUNCTION(\""\""\""COMPUTED_VALUE\""\""\""),46076.0)"", ""R"": ""IFERROR(__xludf.DUMMYFUNCTION(\""\""\""COMPUTED_VALUE\""\""\""),\""N/A\"")""}",,TASK_BELONGS_TO_PROJECT_TEMPLATE,NOT_APPLICABLE,,
tareas,TSK000056,task,✅Lista de Tareas,72,PRJ0043,Upwaresoft,Upwaresoft,Soporte,Implementado,support,Otros,Actividad,TSK000056,Pantalla de Binet,0.0,2025-07-30,2025-08-25,true,Hecho,Alto,Desarrollo,N/A,Correo: documentacion pantalla de inclusion/ bienestar,support:ACT-18,,,,,,,,,,,,,,,,,,,,,,,,,,,,,,,"{""B"": ""Upwaresoft"", ""C"": ""Pantalla de Binet "", ""D"": ""0.0"", ""E"": ""45868.0"", ""F"": true, ""G"": ""45894.0"", ""H"": ""Hecho"", ""I"": ""Alto"", ""J"": ""N/A"", ""K"": ""Desarrollo"", ""L"": ""Correo: documentacion pantalla de inclusion/ bienestar"", ""O"": ""Capacitación docente "", ""P"": true, ""Q"": ""46084"", ""R"": ""N/A""}","{""J"": """", ""O"": ""IFERROR(__xludf.DUMMYFUNCTION(\""\""\""COMPUTED_VALUE\""\""\""),\""Capacitación docente \"")"", ""P"": ""IFERROR(__xludf.DUMMYFUNCTION(\""\""\""COMPUTED_VALUE\""\""\""),TRUE)"", ""Q"": ""IFERROR(__xludf.DUMMYFUNCTION(\""\""\""COMPUTED_VALUE\""\""\""),46084.0)"", ""R"": ""IFERROR(__xludf.DUMMYFUNCTION(\""\""\""COMPUTED_VALUE\""\""\""),\""N/A\"")""}",support,TASK_BELONGS_TO_PROJECT_TEMPLATE,HISTORICAL_TASK_BOUND_TO_PROJECT_TEMPLATE_NOT_TEMPLATE_ACTIVITY,,
tareas,TSK000057,task,✅Lista de Tareas,73,PRJ0001,Academia MISI,Academia MISI,Implementación,Campuspack,implementation_campuspack,Documentación / Actas / Entrega,Actividad,TSK000057,Preparación y envio de todos los Manuales funcionales,4.0,2025-09-29,2025-10-24,true,Hecho,Alto,Julian Sanchez ,,,implementation_campuspack:ACT-32,,,,,,,,,,,,,,,,,,,,,,,,,,,,,,,"{""B"": ""Academia MISI"", ""C"": ""Preparación y envio de todos los Manuales funcionales "", ""D"": ""4.0"", ""E"": ""45929.0"", ""F"": true, ""G"": ""45954.0"", ""H"": ""Hecho"", ""I"": ""Alto"", ""K"": ""Julian Sanchez "", ""O"": ""Sesión Apartado Financiero (Pendiente ACTA)"", ""P"": true, ""Q"": ""46062"", ""R"": ""N/A""}","{""O"": ""IFERROR(__xludf.DUMMYFUNCTION(\""\""\""COMPUTED_VALUE\""\""\""),\""Sesión Apartado Financiero (Pendiente ACTA)\"")"", ""P"": ""IFERROR(__xludf.DUMMYFUNCTION(\""\""\""COMPUTED_VALUE\""\""\""),TRUE)"", ""Q"": ""IFERROR(__xludf.DUMMYFUNCTION(\""\""\""COMPUTED_VALUE\""\""\""),46062.0)"", ""R"": ""IFERROR(__xludf.DUMMYFUNCTION(\""\""\""COMPUTED_VALUE\""\""\""),\""N/A\"")""}",implementation_campuspack,TASK_BELONGS_TO_PROJECT_TEMPLATE,HISTORICAL_TASK_BOUND_TO_PROJECT_TEMPLATE_NOT_TEMPLATE_ACTIVITY,,
tareas,TSK000058,task,✅Lista de Tareas,74,PRJ0004,Corp.Edu Dr. Amin Ariza,Corp.Edu Dr. Amin Ariza,Implementación,Campuspack,implementation_campuspack,Migración / Importadores,Actividad,TSK000058,Seguimiento a la entrega de los importadores de parte del cliente,0.0,2025-07-02,2025-08-08,true,Hecho,Alto,Geraldine Araque,N/A,,implementation_campuspack:ACT-33,,,,,,,,,,,,,,,,,,,,,,,,,,,,,,,"{""B"": ""Corp.Edu Dr. Amin Ariza"", ""C"": ""Seguimiento a la entrega de los importadores de parte del cliente"", ""D"": ""0.0"", ""E"": ""45840.0"", ""F"": true, ""G"": ""45877.0"", ""H"": ""Hecho"", ""I"": ""Alto"", ""J"": ""N/A"", ""K"": ""Geraldine Araque"", ""O"": ""Revisión Configuración y caracterización en producción"", ""P"": true, ""Q"": ""46106"", ""R"": ""N/A""}","{""J"": ""if(or(F74=TRUE,G74>0,H74=\""Done\"",isblank(E74)),\""N/A\"",if($B$5<=E74,\""N/A\"",\""Overdue\""))"", ""O"": ""IFERROR(__xludf.DUMMYFUNCTION(\""\""\""COMPUTED_VALUE\""\""\""),\""Revisión Configuración y caracterización en producción\"")"", ""P"": ""IFERROR(__xludf.DUMMYFUNCTION(\""\""\""COMPUTED_VALUE\""\""\""),TRUE)"", ""Q"": ""IFERROR(__xludf.DUMMYFUNCTION(\""\""\""COMPUTED_VALUE\""\""\""),46106.0)"", ""R"": ""IFERROR(__xludf.DUMMYFUNCTION(\""\""\""COMPUTED_VALUE\""\""\""),\""N/A\"")""}",implementation_campuspack,TASK_BELONGS_TO_PROJECT_TEMPLATE,HISTORICAL_TASK_BOUND_TO_PROJECT_TEMPLATE_NOT_TEMPLATE_ACTIVITY,,
tareas,TSK000059,task,✅Lista de Tareas,75,PRJ0003,The English School,The English School,Soporte,Schoolpack,support,Financiero,Actividad,TSK000059,Corregir los ocacionales (Doble responsable financiero),2.0,2025-07-31,2025-08-06,true,Hecho,Alto,Sebastian Ballesteros,N/A,,support:ACT-19,,,,,,,,,,,,,,,,,,,,,,,,,,,,,,,"{""B"": ""The English School"", ""C"": ""Corregir los ocacionales (Doble responsable financiero)"", ""D"": ""2.0"", ""E"": ""45869.0"", ""F"": true, ""G"": ""45875.0"", ""H"": ""Hecho"", ""I"": ""Alto"", ""J"": ""N/A"", ""K"": ""Sebastian Ballesteros"", ""O"": ""Auditoria de la personalización de la visualización de notas en pantalla padres "", ""P"": true, ""Q"": ""46111"", ""R"": ""N/A""}","{""J"": """", ""O"": ""IFERROR(__xludf.DUMMYFUNCTION(\""\""\""COMPUTED_VALUE\""\""\""),\""Auditoria de la personalización de la visualización de notas en pantalla padres \"")"", ""P"": ""IFERROR(__xludf.DUMMYFUNCTION(\""\""\""COMPUTED_VALUE\""\""\""),TRUE)"", ""Q"": ""IFERROR(__xludf.DUMMYFUNCTION(\""\""\""COMPUTED_VALUE\""\""\""),46111.0)"", ""R"": ""IFERROR(__xludf.DUMMYFUNCTION(\""\""\""COMPUTED_VALUE\""\""\""),\""N/A\"")""}",support,TASK_BELONGS_TO_PROJECT_TEMPLATE,HISTORICAL_TASK_BOUND_TO_PROJECT_TEMPLATE_NOT_TEMPLATE_ACTIVITY,,
tareas,TSK000060,task,✅Lista de Tareas,76,PRJ0003,The English School,The English School,Soporte,Schoolpack,support,Matrículas,Actividad,TSK000060,Documento del proceso de matriculas de parte del cliente,1.0,2025-07-31,2025-08-07,true,Hecho,Alto,Sebastian Ballesteros,N/A,,support:ACT-20,,,,,,,,,,,,,,,,,,,,,,,,,,,,,,,"{""B"": ""The English School"", ""C"": ""Documento del proceso de matriculas de parte del cliente "", ""D"": ""1.0"", ""E"": ""45869.0"", ""F"": true, ""G"": ""45876.0"", ""H"": ""Hecho"", ""I"": ""Alto"", ""J"": ""N/A"", ""K"": ""Sebastian Ballesteros"", ""O"": ""87061- Finalización de la documentación de la personalización de la visualización de notas en pantalla padres "", ""P"": true, ""Q"": ""46085"", ""R"": ""N/A""}","{""J"": """", ""O"": ""IFERROR(__xludf.DUMMYFUNCTION(\""\""\""COMPUTED_VALUE\""\""\""),\""87061- Finalización de la documentación de la personalización de la visualización de notas en pantalla padres \"")"", ""P"": ""IFERROR(__xludf.DUMMYFUNCTION(\""\""\""COMPUTED_VALUE\""\""\""),TRUE)"", ""Q"": ""IFERROR(__xludf.DUMMYFUNCTION(\""\""\""COMPUTED_VALUE\""\""\""),46085.0)"", ""R"": ""IFERROR(__xludf.DUMMYFUNCTION(\""\""\""COMPUTED_VALUE\""\""\""),\""N/A\"")""}",support,TASK_BELONGS_TO_PROJECT_TEMPLATE,HISTORICAL_TASK_BOUND_TO_PROJECT_TEMPLATE_NOT_TEMPLATE_ACTIVITY,,
tareas,TSK000061,task,✅Lista de Tareas,77,PRJ0012,Col Pres,Col Pres,Soporte,Marco común curricular,support,Migración / Importadores,Actividad,TSK000061,"Desarrollos: Certificados, otros cobros, Importación de cartera de años anteriores (Correo)",1.0,2025-11-04,2025-11-15,true,Hecho,Medio,Jhoec Camayo,N/A,"en validacion por el economato, ultima actualización, 22 de septiembre, sin novedad(no va a ningun lado)",support:ACT-21,,,,,,,,,,,,,,,,,,,,,,,,,,,,,,,"{""B"": ""Col Pres"", ""C"": ""Desarrollos: Certificados, otros cobros, Importación de cartera de años anteriores (Correo)"", ""D"": ""1.0"", ""E"": ""45965.0"", ""F"": true, ""G"": ""45976.0"", ""H"": ""Hecho"", ""I"": ""Medio"", ""J"": ""N/A"", ""K"": ""Jhoec Camayo"", ""L"": ""en validacion por el economato, ultima actualización, 22 de septiembre, sin novedad(no va a ningun lado)"", ""O"": ""Entrega de la personalización de la visualización de notas en pantalla padres "", ""P"": true, ""Q"": ""46121"", ""R"": ""N/A""}","{""J"": """", ""O"": ""IFERROR(__xludf.DUMMYFUNCTION(\""\""\""COMPUTED_VALUE\""\""\""),\""Entrega de la personalización de la visualización de notas en pantalla padres \"")"", ""P"": ""IFERROR(__xludf.DUMMYFUNCTION(\""\""\""COMPUTED_VALUE\""\""\""),TRUE)"", ""Q"": ""IFERROR(__xludf.DUMMYFUNCTION(\""\""\""COMPUTED_VALUE\""\""\""),46121.0)"", ""R"": ""IFERROR(__xludf.DUMMYFUNCTION(\""\""\""COMPUTED_VALUE\""\""\""),\""N/A\"")""}",support,TASK_BELONGS_TO_PROJECT_TEMPLATE,HISTORICAL_TASK_BOUND_TO_PROJECT_TEMPLATE_NOT_TEMPLATE_ACTIVITY,,
tareas,TSK000062,task,✅Lista de Tareas,78,PRJ0004,Corp.Edu Dr. Amin Ariza,Corp.Edu Dr. Amin Ariza,Implementación,Campuspack,implementation_campuspack,Migración / Importadores,Actividad,TSK000062,Sesión de acompañamiento en el diligenciamiento de importadores,1.0,2025-07-31,2025-07-31,true,Hecho,Alto,Geraldine Araque,N/A,,implementation_campuspack:ACT-34,,,,,,,,,,,,,,,,,,,,,,,,,,,,,,,"{""B"": ""Corp.Edu Dr. Amin Ariza"", ""C"": ""Sesión de acompañamiento en el diligenciamiento de importadores"", ""D"": ""1.0"", ""E"": ""45869.0"", ""F"": true, ""G"": ""45869.0"", ""H"": ""Hecho"", ""I"": ""Alto"", ""J"": ""N/A"", ""K"": ""Geraldine Araque"", ""O"": ""Pruebas integrales sesión 1 "", ""P"": true, ""Q"": ""46118"", ""R"": ""N/A""}","{""J"": """", ""O"": ""IFERROR(__xludf.DUMMYFUNCTION(\""\""\""COMPUTED_VALUE\""\""\""),\""Pruebas integrales sesión 1 \"")"", ""P"": ""IFERROR(__xludf.DUMMYFUNCTION(\""\""\""COMPUTED_VALUE\""\""\""),TRUE)"", ""Q"": ""IFERROR(__xludf.DUMMYFUNCTION(\""\""\""COMPUTED_VALUE\""\""\""),46118.0)"", ""R"": ""IFERROR(__xludf.DUMMYFUNCTION(\""\""\""COMPUTED_VALUE\""\""\""),\""N/A\"")""}",implementation_campuspack,TASK_BELONGS_TO_PROJECT_TEMPLATE,HISTORICAL_TASK_BOUND_TO_PROJECT_TEMPLATE_NOT_TEMPLATE_ACTIVITY,,
tareas,TSK000063,task,✅Lista de Tareas,79,PRJ0002,Fundación Incolmotos Yamaha,Fundación Incolmotos Yamaha,Soporte,Campuspack,support,Admisiones,Actividad,TSK000063,Entrega de la pantalla de inscripción,0.0,2025-07-28,2025-08-08,true,Hecho,Alto,Desarrollo,N/A,FALTA ACTA,support:ACT-22,,,,,,,,,,,,,,,,,,,,,,,,,,,,,,,"{""B"": ""Fundación Incolmotos Yamaha"", ""C"": ""Entrega de la pantalla de inscripción"", ""D"": ""0.0"", ""E"": ""45866.0"", ""F"": true, ""G"": ""45877.0"", ""H"": ""Hecho"", ""I"": ""Alto"", ""J"": ""N/A"", ""K"": ""Desarrollo"", ""L"": ""FALTA ACTA"", ""O"": ""Pruebas integrales sesión 2"", ""P"": true, ""Q"": ""46121"", ""R"": ""N/A""}","{""J"": """", ""O"": ""IFERROR(__xludf.DUMMYFUNCTION(\""\""\""COMPUTED_VALUE\""\""\""),\""Pruebas integrales sesión 2\"")"", ""P"": ""IFERROR(__xludf.DUMMYFUNCTION(\""\""\""COMPUTED_VALUE\""\""\""),TRUE)"", ""Q"": ""IFERROR(__xludf.DUMMYFUNCTION(\""\""\""COMPUTED_VALUE\""\""\""),46121.0)"", ""R"": ""IFERROR(__xludf.DUMMYFUNCTION(\""\""\""COMPUTED_VALUE\""\""\""),\""N/A\"")""}",support,TASK_BELONGS_TO_PROJECT_TEMPLATE,HISTORICAL_TASK_BOUND_TO_PROJECT_TEMPLATE_NOT_TEMPLATE_ACTIVITY,,
tareas,TSK000064,task,✅Lista de Tareas,80,PRJ0043,Upwaresoft,Upwaresoft,Soporte,Implementado,support,Capacitación,Actividad,TSK000064,Finalización del plan de capacitación de Geral y Sebas,1.0,2025-08-13,2025-09-22,true,Hecho,Medio,Karina Porras,N/A,Evalua Carmen (Academico) y Xiomara (Financiero),support:ACT-23,,,,,,,,,,,,,,,,,,,,,,,,,,,,,,,"{""B"": ""Upwaresoft"", ""C"": ""Finalización del plan de capacitación de Geral y Sebas"", ""D"": ""1.0"", ""E"": ""45882.0"", ""F"": true, ""G"": ""45922.0"", ""H"": ""Hecho"", ""I"": ""Medio"", ""J"": ""N/A"", ""K"": ""Karina Porras"", ""L"": ""Evalua Carmen (Academico) y Xiomara (Financiero)"", ""O"": ""Pruebas integrales sesión 3"", ""P"": true, ""Q"": ""46153"", ""R"": ""N/A""}","{""J"": """", ""O"": ""IFERROR(__xludf.DUMMYFUNCTION(\""\""\""COMPUTED_VALUE\""\""\""),\""Pruebas integrales sesión 3\"")"", ""P"": ""IFERROR(__xludf.DUMMYFUNCTION(\""\""\""COMPUTED_VALUE\""\""\""),TRUE)"", ""Q"": ""IFERROR(__xludf.DUMMYFUNCTION(\""\""\""COMPUTED_VALUE\""\""\""),46153.0)"", ""R"": ""IFERROR(__xludf.DUMMYFUNCTION(\""\""\""COMPUTED_VALUE\""\""\""),\""N/A\"")""}",support,TASK_BELONGS_TO_PROJECT_TEMPLATE,HISTORICAL_TASK_BOUND_TO_PROJECT_TEMPLATE_NOT_TEMPLATE_ACTIVITY,,
tareas,TSK000065,task,✅Lista de Tareas,81,PRJ0001,Academia MISI,Academia MISI,Implementación,Campuspack,implementation_campuspack,Matrículas,Actividad,TSK000065,Auditoria del desarrollo Liq. de matriculas en ambiente de pruebas,3.0,2025-10-06,2025-10-07,true,Hecho,Alto,Julian Sanchez ,N/A,,implementation_campuspack:ACT-35,,,,,,,,,,,,,,,,,,,,,,,,,,,,,,,"{""B"": ""Academia MISI"", ""C"": ""Auditoria del desarrollo Liq. de matriculas en ambiente de pruebas"", ""D"": ""3.0"", ""E"": ""45936.0"", ""F"": true, ""G"": ""45937.0"", ""H"": ""Hecho"", ""I"": ""Alto"", ""J"": ""N/A"", ""K"": ""Julian Sanchez "", ""O"": ""Sesión de novedades de las pruebas integrales"", ""P"": true, ""Q"": ""46146"", ""R"": ""N/A""}","{""J"": """", ""O"": ""IFERROR(__xludf.DUMMYFUNCTION(\""\""\""COMPUTED_VALUE\""\""\""),\""Sesión de novedades de las pruebas integrales\"")"", ""P"": ""IFERROR(__xludf.DUMMYFUNCTION(\""\""\""COMPUTED_VALUE\""\""\""),TRUE)"", ""Q"": ""IFERROR(__xludf.DUMMYFUNCTION(\""\""\""COMPUTED_VALUE\""\""\""),46146.0)"", ""R"": ""IFERROR(__xludf.DUMMYFUNCTION(\""\""\""COMPUTED_VALUE\""\""\""),\""N/A\"")""}",implementation_campuspack,TASK_BELONGS_TO_PROJECT_TEMPLATE,HISTORICAL_TASK_BOUND_TO_PROJECT_TEMPLATE_NOT_TEMPLATE_ACTIVITY,,
tareas,TSK000066,task,✅Lista de Tareas,82,PRJ0043,Upwaresoft,Upwaresoft,Soporte,Implementado,support,Financiero,Actividad,TSK000066,Finalización pruebas inciales Doble responsable financiero,5.0,2025-08-08,2025-09-19,true,Hecho,Alto,Sebastian Ballesteros,N/A,Don guille hizo ajutes de los descuentos,support:ACT-24,,,,,,,,,,,,,,,,,,,,,,,,,,,,,,,"{""B"": ""Upwaresoft"", ""C"": ""Finalización pruebas inciales Doble responsable financiero "", ""D"": ""5.0"", ""E"": ""45877.0"", ""F"": true, ""G"": ""45919.0"", ""H"": ""Hecho"", ""I"": ""Alto"", ""J"": ""N/A"", ""K"": ""Sebastian Ballesteros"", ""L"": ""Don guille hizo ajutes de los descuentos"", ""O"": ""Acompañamiento Valoraciones "", ""P"": true, ""Q"": ""46171"", ""R"": ""N/A""}","{""J"": """", ""O"": ""IFERROR(__xludf.DUMMYFUNCTION(\""\""\""COMPUTED_VALUE\""\""\""),\""Acompañamiento Valoraciones \"")"", ""P"": ""IFERROR(__xludf.DUMMYFUNCTION(\""\""\""COMPUTED_VALUE\""\""\""),TRUE)"", ""Q"": ""IFERROR(__xludf.DUMMYFUNCTION(\""\""\""COMPUTED_VALUE\""\""\""),46171.0)"", ""R"": ""IFERROR(__xludf.DUMMYFUNCTION(\""\""\""COMPUTED_VALUE\""\""\""),\""N/A\"")""}",support,TASK_BELONGS_TO_PROJECT_TEMPLATE,HISTORICAL_TASK_BOUND_TO_PROJECT_TEMPLATE_NOT_TEMPLATE_ACTIVITY,,
tareas,TSK000067,task,✅Lista de Tareas,83,PRJ0015,KIAI,KIAI,Soporte,Schoolpack,support,Integraciones,Actividad,TSK000067,Validación de documentación para integración con el servidor,1.0,2025-08-11,2025-08-15,true,Hecho,Medio,Sebastian Ballesteros,N/A,,support:ACT-25,,,,,,,,,,,,,,,,,,,,,,,,,,,,,,,"{""B"": ""KIAI"", ""C"": ""Validación de documentación para integración con el servidor "", ""D"": ""1.0"", ""E"": ""45880.0"", ""F"": true, ""G"": ""45884.0"", ""H"": ""Hecho"", ""I"": ""Medio"", ""J"": ""N/A"", ""K"": ""Sebastian Ballesteros"", ""O"": ""Cargue de Logros e Importadores "", ""P"": true, ""Q"": ""46248"", ""R"": ""N/A""}","{""J"": """", ""O"": ""IFERROR(__xludf.DUMMYFUNCTION(\""\""\""COMPUTED_VALUE\""\""\""),\""Cargue de Logros e Importadores \"")"", ""P"": ""IFERROR(__xludf.DUMMYFUNCTION(\""\""\""COMPUTED_VALUE\""\""\""),TRUE)"", ""Q"": ""IFERROR(__xludf.DUMMYFUNCTION(\""\""\""COMPUTED_VALUE\""\""\""),46248.0)"", ""R"": ""IFERROR(__xludf.DUMMYFUNCTION(\""\""\""COMPUTED_VALUE\""\""\""),\""N/A\"")""}",support,TASK_BELONGS_TO_PROJECT_TEMPLATE,HISTORICAL_TASK_BOUND_TO_PROJECT_TEMPLATE_NOT_TEMPLATE_ACTIVITY,,
tareas,TSK000068,task,✅Lista de Tareas,84,PRJ0012,Col Pres,Col Pres,Soporte,Marco común curricular,support,Reuniones y coordinación,Actividad,TSK000068,"Reunión desarrollos: Generación automatica de certificados, Otros cobros, Importación de cartera de años anteriores documentación con la hermana Nubia",2.0,2025-08-12,2025-08-12,true,Hecho,Alto,Carmen Donoso,N/A,Parecido a San jose de las vegas,support:ACT-26,,,,,,,,,,,,,,,,,,,,,,,,,,,,,,,"{""B"": ""Col Pres"", ""C"": ""Reunión desarrollos: Generación automatica de certificados, Otros cobros, Importación de cartera de años anteriores documentación con la hermana Nubia"", ""D"": ""2.0"", ""E"": ""45881.0"", ""F"": true, ""G"": ""45881.0"", ""H"": ""Hecho"", ""I"": ""Alto"", ""J"": ""N/A"", ""K"": ""Carmen Donoso"", ""L"": ""Parecido a San jose de las vegas"", ""O"": ""Sesión Valoraciones "", ""P"": true, ""Q"": ""46265"", ""R"": ""N/A""}","{""J"": """", ""O"": ""IFERROR(__xludf.DUMMYFUNCTION(\""\""\""COMPUTED_VALUE\""\""\""),\""Sesión Valoraciones \"")"", ""P"": ""IFERROR(__xludf.DUMMYFUNCTION(\""\""\""COMPUTED_VALUE\""\""\""),TRUE)"", ""Q"": ""IFERROR(__xludf.DUMMYFUNCTION(\""\""\""COMPUTED_VALUE\""\""\""),46265.0)"", ""R"": ""IFERROR(__xludf.DUMMYFUNCTION(\""\""\""COMPUTED_VALUE\""\""\""),\""N/A\"")""}",support,TASK_BELONGS_TO_PROJECT_TEMPLATE,HISTORICAL_TASK_BOUND_TO_PROJECT_TEMPLATE_NOT_TEMPLATE_ACTIVITY,,
tareas,TSK000069,task,✅Lista de Tareas,85,PRJ0015,KIAI,KIAI,Soporte,Schoolpack,support,Reuniones y coordinación,Actividad,TSK000069,Reunión de retoma de la integración,2.0,2025-08-13,2025-08-13,true,Hecho,Alto,Jhoec Camayo,N/A,Presencial en Upwaresoft,support:ACT-27,,,,,,,,,,,,,,,,,,,,,,,,,,,,,,,"{""B"": ""KIAI"", ""C"": ""Reunión de retoma de la integración "", ""D"": ""2.0"", ""E"": ""45882.0"", ""F"": true, ""G"": ""45882.0"", ""H"": ""Hecho"", ""I"": ""Alto"", ""J"": ""N/A"", ""K"": ""Jhoec Camayo"", ""L"": ""Presencial en Upwaresoft"", ""O"": ""Sesión completa integral"", ""P"": true, ""Q"": ""46274"", ""R"": ""N/A""}","{""J"": """", ""O"": ""IFERROR(__xludf.DUMMYFUNCTION(\""\""\""COMPUTED_VALUE\""\""\""),\""Sesión completa integral\"")"", ""P"": ""IFERROR(__xludf.DUMMYFUNCTION(\""\""\""COMPUTED_VALUE\""\""\""),TRUE)"", ""Q"": ""IFERROR(__xludf.DUMMYFUNCTION(\""\""\""COMPUTED_VALUE\""\""\""),46274.0)"", ""R"": ""IFERROR(__xludf.DUMMYFUNCTION(\""\""\""COMPUTED_VALUE\""\""\""),\""N/A\"")""}",support,TASK_BELONGS_TO_PROJECT_TEMPLATE,HISTORICAL_TASK_BOUND_TO_PROJECT_TEMPLATE_NOT_TEMPLATE_ACTIVITY,,
tareas,TSK000070,task,✅Lista de Tareas,86,PRJ0001,Academia MISI,Academia MISI,Implementación,Campuspack,implementation_campuspack,Pruebas / Auditoría,Actividad,TSK000070,Sesión de revisión de información importada en pruebas,2.0,2025-10-06,2025-10-06,true,Hecho,Alto,Julian Sanchez ,N/A,2pm,implementation_campuspack:ACT-36,,,,,,,,,,,,,,,,,,,,,,,,,,,,,,,"{""B"": ""Academia MISI"", ""C"": ""Sesión de revisión de información importada en pruebas "", ""D"": ""2.0"", ""E"": ""45936.0"", ""F"": true, ""G"": ""45936.0"", ""H"": ""Hecho"", ""I"": ""Alto"", ""J"": ""N/A"", ""K"": ""Julian Sanchez "", ""L"": ""2pm"", ""O"": ""Capacitación Docente "", ""P"": false, ""R"": ""N/A""}","{""J"": """", ""O"": ""IFERROR(__xludf.DUMMYFUNCTION(\""\""\""COMPUTED_VALUE\""\""\""),\""Capacitación Docente \"")"", ""P"": ""IFERROR(__xludf.DUMMYFUNCTION(\""\""\""COMPUTED_VALUE\""\""\""),FALSE)"", ""R"": ""IFERROR(__xludf.DUMMYFUNCTION(\""\""\""COMPUTED_VALUE\""\""\""),\""N/A\"")""}",implementation_campuspack,TASK_BELONGS_TO_PROJECT_TEMPLATE,HISTORICAL_TASK_BOUND_TO_PROJECT_TEMPLATE_NOT_TEMPLATE_ACTIVITY,,
tareas,TSK000071,task,✅Lista de Tareas,87,PRJ0022,INPEC,INPEC,Implementación,Campuspack,implementation_campuspack,Configuración / Parametrización,Actividad,TSK000071,Actualización del server de la ampliación de campos de los programas,1.0,2025-01-15,2025-01-15,true,Hecho,Alto,Desarrollo,N/A,,implementation_campuspack:ACT-37,,,,,,,,,,,,,,,,,,,,,,,,,,,,,,,"{""B"": ""INPEC"", ""C"": ""Actualización del server de la ampliación de campos de los programas"", ""D"": ""1.0"", ""E"": ""45672.0"", ""F"": true, ""G"": ""45672.0"", ""H"": ""Hecho"", ""I"": ""Alto"", ""J"": ""N/A"", ""K"": ""Desarrollo"", ""O"": ""Sesión 1: Configuración academica"", ""P"": true, ""Q"": ""46267"", ""R"": ""N/A""}","{""J"": """", ""O"": ""IFERROR(__xludf.DUMMYFUNCTION(\""\""\""COMPUTED_VALUE\""\""\""),\""Sesión 1: Configuración academica\"")"", ""P"": ""IFERROR(__xludf.DUMMYFUNCTION(\""\""\""COMPUTED_VALUE\""\""\""),TRUE)"", ""Q"": ""IFERROR(__xludf.DUMMYFUNCTION(\""\""\""COMPUTED_VALUE\""\""\""),46267.0)"", ""R"": ""IFERROR(__xludf.DUMMYFUNCTION(\""\""\""COMPUTED_VALUE\""\""\""),\""N/A\"")""}",implementation_campuspack,TASK_BELONGS_TO_PROJECT_TEMPLATE,HISTORICAL_TASK_BOUND_TO_PROJECT_TEMPLATE_NOT_TEMPLATE_ACTIVITY,,
tareas,TSK000072,task,✅Lista de Tareas,88,PRJ0043,Upwaresoft,Upwaresoft,Soporte,Implementado,support,Documentación / Actas / Entrega,Actividad,TSK000072,Entrega de la investigación de la conexión de chat GP con whatsapp,1.0,2025-08-13,2025-08-22,true,Hecho,Medio,Jhoec Camayo,N/A,CESAR,support:ACT-28,,,,,,,,,,,,,,,,,,,,,,,,,,,,,,,"{""B"": ""Upwaresoft"", ""C"": ""Entrega de la investigación de la conexión de chat GP con whatsapp"", ""D"": ""1.0"", ""E"": ""45882.0"", ""F"": true, ""G"": ""45891.0"", ""H"": ""Hecho"", ""I"": ""Medio"", ""J"": ""N/A"", ""K"": ""Jhoec Camayo"", ""L"": ""CESAR"", ""O"": ""Sesión 2: Configuración academica"", ""P"": true, ""Q"": ""46269"", ""R"": ""N/A""}","{""J"": """", ""O"": ""IFERROR(__xludf.DUMMYFUNCTION(\""\""\""COMPUTED_VALUE\""\""\""),\""Sesión 2: Configuración academica\"")"", ""P"": ""IFERROR(__xludf.DUMMYFUNCTION(\""\""\""COMPUTED_VALUE\""\""\""),TRUE)"", ""Q"": ""IFERROR(__xludf.DUMMYFUNCTION(\""\""\""COMPUTED_VALUE\""\""\""),46269.0)"", ""R"": ""IFERROR(__xludf.DUMMYFUNCTION(\""\""\""COMPUTED_VALUE\""\""\""),\""N/A\"")""}",support,TASK_BELONGS_TO_PROJECT_TEMPLATE,HISTORICAL_TASK_BOUND_TO_PROJECT_TEMPLATE_NOT_TEMPLATE_ACTIVITY,,
tareas,TSK000073,task,✅Lista de Tareas,89,PRJ0003,The English School,The English School,Soporte,Schoolpack,support,Desarrollos a la medida,Actividad,TSK000073,Pago empresarial entrega el martes Desarrollo,0.0,2025-08-11,2025-08-14,true,Hecho,Medio,Desarrollo,N/A,,support:ACT-29,,,,,,,,,,,,,,,,,,,,,,,,,,,,,,,"{""B"": ""The English School"", ""C"": ""Pago empresarial entrega el martes Desarrollo"", ""D"": ""0.0"", ""E"": ""45880.0"", ""F"": true, ""G"": ""45883.0"", ""H"": ""Hecho"", ""I"": ""Medio"", ""J"": ""N/A"", ""K"": ""Desarrollo"", ""O"": ""Documentación de reportes (Documentado)"", ""P"": true, ""Q"": ""46268"", ""R"": ""N/A""}","{""J"": """", ""O"": ""IFERROR(__xludf.DUMMYFUNCTION(\""\""\""COMPUTED_VALUE\""\""\""),\""Documentación de reportes (Documentado)\"")"", ""P"": ""IFERROR(__xludf.DUMMYFUNCTION(\""\""\""COMPUTED_VALUE\""\""\""),TRUE)"", ""Q"": ""IFERROR(__xludf.DUMMYFUNCTION(\""\""\""COMPUTED_VALUE\""\""\""),46268.0)"", ""R"": ""IFERROR(__xludf.DUMMYFUNCTION(\""\""\""COMPUTED_VALUE\""\""\""),\""N/A\"")""}",support,TASK_BELONGS_TO_PROJECT_TEMPLATE,HISTORICAL_TASK_BOUND_TO_PROJECT_TEMPLATE_NOT_TEMPLATE_ACTIVITY,,
tareas,TSK000074,task,✅Lista de Tareas,90,PRJ0002,Fundación Incolmotos Yamaha,Fundación Incolmotos Yamaha,Soporte,Campuspack,support,Matrículas,Actividad,TSK000074,Configuración y capacitación del módulo de matriculas,4.0,2025-06-27,2025-07-11,true,Hecho,Medio,Carmen Donoso,N/A,,support:ACT-30,,,,,,,,,,,,,,,,,,,,,,,,,,,,,,,"{""B"": ""Fundación Incolmotos Yamaha"", ""C"": ""Configuración y capacitación del módulo de matriculas"", ""D"": ""4.0"", ""E"": ""45835.0"", ""F"": true, ""G"": ""45849.0"", ""H"": ""Hecho"", ""I"": ""Medio"", ""J"": ""N/A"", ""K"": ""Carmen Donoso"", ""O"": ""Entrega de reporte documentado al cliente"", ""P"": false, ""R"": ""N/A""}","{""J"": """", ""O"": ""IFERROR(__xludf.DUMMYFUNCTION(\""\""\""COMPUTED_VALUE\""\""\""),\""Entrega de reporte documentado al cliente\"")"", ""P"": ""IFERROR(__xludf.DUMMYFUNCTION(\""\""\""COMPUTED_VALUE\""\""\""),FALSE)"", ""R"": ""IFERROR(__xludf.DUMMYFUNCTION(\""\""\""COMPUTED_VALUE\""\""\""),\""N/A\"")""}",support,TASK_BELONGS_TO_PROJECT_TEMPLATE,HISTORICAL_TASK_BOUND_TO_PROJECT_TEMPLATE_NOT_TEMPLATE_ACTIVITY,,
tareas,TSK000075,task,✅Lista de Tareas,91,PRJ0002,Fundación Incolmotos Yamaha,Fundación Incolmotos Yamaha,Soporte,Campuspack,support,Admisiones,Actividad,TSK000075,Sesión de Capacitación matriculas e Inscripciones,2.0,2025-08-20,2025-08-20,true,Hecho,Medio,Carmen Donoso,N/A,,support:ACT-31,,,,,,,,,,,,,,,,,,,,,,,,,,,,,,,"{""B"": ""Fundación Incolmotos Yamaha"", ""C"": ""Sesión de Capacitación matriculas e Inscripciones"", ""D"": ""2.0"", ""E"": ""45889.0"", ""F"": true, ""G"": ""45889.0"", ""H"": ""Hecho"", ""I"": ""Medio"", ""J"": ""N/A"", ""K"": ""Carmen Donoso""}","{""J"": """"}",support,TASK_BELONGS_TO_PROJECT_TEMPLATE,HISTORICAL_TASK_BOUND_TO_PROJECT_TEMPLATE_NOT_TEMPLATE_ACTIVITY,,
tareas,TSK000076,task,✅Lista de Tareas,92,PRJ0003,The English School,The English School,Soporte,Schoolpack,support,Desarrollos a la medida,Actividad,TSK000076,Pruebas del desarrollo Pago empresarial,3.0,2025-08-15,2025-08-20,true,Hecho,Alto,Sebastian Ballesteros,N/A,,support:ACT-32,,,,,,,,,,,,,,,,,,,,,,,,,,,,,,,"{""B"": ""The English School"", ""C"": ""Pruebas del desarrollo Pago empresarial "", ""D"": ""3.0"", ""E"": ""45884.0"", ""F"": true, ""G"": ""45889.0"", ""H"": ""Hecho"", ""I"": ""Alto"", ""J"": ""N/A"", ""K"": ""Sebastian Ballesteros""}","{""J"": """"}",support,TASK_BELONGS_TO_PROJECT_TEMPLATE,HISTORICAL_TASK_BOUND_TO_PROJECT_TEMPLATE_NOT_TEMPLATE_ACTIVITY,,
tareas,TSK000077,task,✅Lista de Tareas,93,PRJ0043,Upwaresoft,Upwaresoft,Soporte,Implementado,support,Desarrollos a la medida,Actividad,TSK000077,Pruebas del desarrollo Pago empresarial en todos los colegios,3.0,,2025-09-12,true,Hecho,Medio,Sebastian Ballesteros,N/A,,support:ACT-33,,,,,,,,,,,,,,,,,,,,,,,,,,,,,,,"{""B"": ""Upwaresoft"", ""C"": ""Pruebas del desarrollo Pago empresarial en todos los colegios"", ""D"": ""3.0"", ""F"": true, ""G"": ""45912.0"", ""H"": ""Hecho"", ""I"": ""Medio"", ""J"": ""N/A"", ""K"": ""Sebastian Ballesteros""}","{""J"": """"}",support,TASK_BELONGS_TO_PROJECT_TEMPLATE,HISTORICAL_TASK_BOUND_TO_PROJECT_TEMPLATE_NOT_TEMPLATE_ACTIVITY,,
tareas,TSK000078,task,✅Lista de Tareas,94,PRJ0004,Corp.Edu Dr. Amin Ariza,Corp.Edu Dr. Amin Ariza,Implementación,Campuspack,implementation_campuspack,Migración / Importadores,Actividad,TSK000078,"Recepción y auditoria de importadores: Estudiantes, Empleados y docentes y Plan de estudios",3.0,2025-07-31,2025-08-08,true,Hecho,Alto,Carmen Donoso,N/A,,implementation_campuspack:ACT-38,,,,,,,,,,,,,,,,,,,,,,,,,,,,,,,"{""B"": ""Corp.Edu Dr. Amin Ariza"", ""C"": ""Recepción y auditoria de importadores: Estudiantes, Empleados y docentes y Plan de estudios"", ""D"": ""3.0"", ""E"": ""45869.0"", ""F"": true, ""G"": ""45877.0"", ""H"": ""Hecho"", ""I"": ""Alto"", ""J"": ""N/A"", ""K"": ""Carmen Donoso""}","{""J"": """"}",implementation_campuspack,TASK_BELONGS_TO_PROJECT_TEMPLATE,HISTORICAL_TASK_BOUND_TO_PROJECT_TEMPLATE_NOT_TEMPLATE_ACTIVITY,,
tareas,TSK000079,task,✅Lista de Tareas,95,PRJ0006,Liceo Paternina,Liceo Paternina,Soporte,Schoolpack,support,Capacitación,Actividad,TSK000079,Capacitación adicionales: Recursos fisicos,2.0,2025-09-01,2025-09-01,true,Hecho,Medio,Carmen Donoso,N/A,,support:ACT-34,,,,,,,,,,,,,,,,,,,,,,,,,,,,,,,"{""B"": ""Liceo Paternina"", ""C"": ""Capacitación adicionales: Recursos fisicos"", ""D"": ""2.0"", ""E"": ""45901.0"", ""F"": true, ""G"": ""45901.0"", ""H"": ""Hecho"", ""I"": ""Medio"", ""J"": ""N/A"", ""K"": ""Carmen Donoso""}","{""J"": """"}",support,TASK_BELONGS_TO_PROJECT_TEMPLATE,HISTORICAL_TASK_BOUND_TO_PROJECT_TEMPLATE_NOT_TEMPLATE_ACTIVITY,,
tareas,TSK000080,task,✅Lista de Tareas,96,PRJ0006,Liceo Paternina,Liceo Paternina,Soporte,Schoolpack,support,Capacitación,Actividad,TSK000080,Capacitación adicionales: Bienestar,2.0,2025-09-02,2025-09-02,true,Hecho,Medio,Carmen Donoso,N/A,,support:ACT-35,,,,,,,,,,,,,,,,,,,,,,,,,,,,,,,"{""B"": ""Liceo Paternina"", ""C"": ""Capacitación adicionales: Bienestar"", ""D"": ""2.0"", ""E"": ""45902.0"", ""F"": true, ""G"": ""45902.0"", ""H"": ""Hecho"", ""I"": ""Medio"", ""J"": ""N/A"", ""K"": ""Carmen Donoso""}","{""J"": """"}",support,TASK_BELONGS_TO_PROJECT_TEMPLATE,HISTORICAL_TASK_BOUND_TO_PROJECT_TEMPLATE_NOT_TEMPLATE_ACTIVITY,,
tareas,TSK000081,task,✅Lista de Tareas,97,PRJ0006,Liceo Paternina,Liceo Paternina,Soporte,Schoolpack,support,Documentación / Actas / Entrega,Actividad,TSK000081,Sesión con el contador de Paternina (Acta firmada),2.0,2025-08-19,2025-08-19,true,Hecho,Alto,Sebastian Ballesteros,N/A,Financiero de forma manual,support:ACT-36,,,,,,,,,,,,,,,,,,,,,,,,,,,,,,,"{""B"": ""Liceo Paternina"", ""C"": ""Sesión con el contador de Paternina (Acta firmada)"", ""D"": ""2.0"", ""E"": ""45888.0"", ""F"": true, ""G"": ""45888.0"", ""H"": ""Hecho"", ""I"": ""Alto"", ""J"": ""N/A"", ""K"": ""Sebastian Ballesteros"", ""L"": ""Financiero de forma manual""}","{""J"": """"}",support,TASK_BELONGS_TO_PROJECT_TEMPLATE,HISTORICAL_TASK_BOUND_TO_PROJECT_TEMPLATE_NOT_TEMPLATE_ACTIVITY,,
tareas,TSK000082,task,✅Lista de Tareas,98,PRJ0043,Upwaresoft,Upwaresoft,Soporte,Implementado,support,Otros,Actividad,TSK000082,"Cronograma la CET (Doc Cotización Don Guille), ODS Jhoec",3.0,2025-08-19,2025-08-19,true,Hecho,Alto,Karina Porras,N/A,,support:ACT-37,,,,,,,,,,,,,,,,,,,,,,,,,,,,,,,"{""B"": ""Upwaresoft"", ""C"": ""Cronograma la CET (Doc Cotización Don Guille), ODS Jhoec"", ""D"": ""3.0"", ""E"": ""45888.0"", ""F"": true, ""G"": ""45888.0"", ""H"": ""Hecho"", ""I"": ""Alto"", ""J"": ""N/A"", ""K"": ""Karina Porras""}","{""J"": """"}",support,TASK_BELONGS_TO_PROJECT_TEMPLATE,HISTORICAL_TASK_BOUND_TO_PROJECT_TEMPLATE_NOT_TEMPLATE_ACTIVITY,,
tareas,TSK000083,task,✅Lista de Tareas,99,PRJ0004,Corp.Edu Dr. Amin Ariza,Corp.Edu Dr. Amin Ariza,Implementación,Campuspack,implementation_campuspack,Botón de pagos,Actividad,TSK000083,82698 - Botón de pagos: Activación en ambiente de pruebas,1.0,2026-04-06,2026-05-04,true,Hecho,Alto,Jhoec Camayo,N/A,,implementation_campuspack:ACT-39,,,,,,,,,,,,,,,,,,,,,,,,,,,,,,,"{""B"": ""Corp.Edu Dr. Amin Ariza"", ""C"": ""82698 - Botón de pagos: Activación en ambiente de pruebas "", ""D"": ""1.0"", ""E"": ""46118.0"", ""F"": true, ""G"": ""46146.0"", ""H"": ""Hecho"", ""I"": ""Alto"", ""J"": ""N/A"", ""K"": ""Jhoec Camayo"", ""O"": ""85936 - Cotización de requerimientos de los módulos Adicionales"", ""P"": false, ""Q"": ""46014.0"", ""R"": ""N/A""}","{""J"": """"}",implementation_campuspack,TASK_BELONGS_TO_PROJECT_TEMPLATE,HISTORICAL_TASK_BOUND_TO_PROJECT_TEMPLATE_NOT_TEMPLATE_ACTIVITY,,
tareas,TSK000084,task,✅Lista de Tareas,100,PRJ0004,Corp.Edu Dr. Amin Ariza,Corp.Edu Dr. Amin Ariza,Implementación,Campuspack,implementation_campuspack,Capacitación,Actividad,TSK000084,Programar capacitación Moodle con Carlos Fernando y Acta de entrega,0.0,2025-09-08,2026-05-25,true,Hecho,Alto,Jhoec Camayo,N/A,,implementation_campuspack:ACT-40,,,,,,,,,,,,,,,,,,,,,,,,,,,,,,,"{""B"": ""Corp.Edu Dr. Amin Ariza"", ""C"": ""Programar capacitación Moodle con Carlos Fernando y Acta de entrega"", ""D"": ""0.0"", ""E"": ""45908.0"", ""F"": true, ""G"": ""46167.0"", ""H"": ""Hecho"", ""I"": ""Alto"", ""J"": ""N/A"", ""K"": ""Jhoec Camayo""}","{""J"": """"}",implementation_campuspack,TASK_BELONGS_TO_PROJECT_TEMPLATE,HISTORICAL_TASK_BOUND_TO_PROJECT_TEMPLATE_NOT_TEMPLATE_ACTIVITY,,
tareas,TSK000085,task,✅Lista de Tareas,101,PRJ0006,Liceo Paternina,Liceo Paternina,Soporte,Schoolpack,support,Capacitación,Actividad,TSK000085,Capacitación comunicaciones: Atención al usuario,2.0,2025-09-03,2025-09-03,true,Hecho,Medio,Carmen Donoso,N/A,,support:ACT-38,,,,,,,,,,,,,,,,,,,,,,,,,,,,,,,"{""B"": ""Liceo Paternina"", ""C"": ""Capacitación comunicaciones: Atención al usuario "", ""D"": ""2.0"", ""E"": ""45903.0"", ""F"": true, ""G"": ""45903.0"", ""H"": ""Hecho"", ""I"": ""Medio"", ""J"": ""N/A"", ""K"": ""Carmen Donoso""}","{""J"": """"}",support,TASK_BELONGS_TO_PROJECT_TEMPLATE,HISTORICAL_TASK_BOUND_TO_PROJECT_TEMPLATE_NOT_TEMPLATE_ACTIVITY,,
tareas,TSK000086,task,✅Lista de Tareas,102,PRJ0016,Sigmund Freud,Sigmund Freud,Soporte,Implementado,support,Financiero,Actividad,TSK000086,85232 - Capacitación acompañamiento financiero,2.0,2025-09-02,2025-09-02,true,Hecho,Medio,Sebastian Ballesteros,N/A,0.4375,support:ACT-39,,,,,,,,,,,,,,,,,,,,,,,,,,,,,,,"{""B"": ""Sigmund Freud"", ""C"": ""85232 - Capacitación acompañamiento financiero"", ""D"": ""2.0"", ""E"": ""45902.0"", ""F"": true, ""G"": ""45902.0"", ""H"": ""Hecho"", ""I"": ""Medio"", ""J"": ""N/A"", ""K"": ""Sebastian Ballesteros"", ""L"": ""0.4375""}","{""J"": """"}",support,TASK_BELONGS_TO_PROJECT_TEMPLATE,HISTORICAL_TASK_BOUND_TO_PROJECT_TEMPLATE_NOT_TEMPLATE_ACTIVITY,,
tareas,TSK000087,task,✅Lista de Tareas,103,PRJ0002,Fundación Incolmotos Yamaha,Fundación Incolmotos Yamaha,Soporte,Campuspack,support,Financiero,Actividad,TSK000087,Sensibilización financiera Parte 1,1.0,2025-09-30,2025-09-30,true,Hecho,Alto,Sebastian Ballesteros,,3 a 4pm,support:ACT-40,,,,,,,,,,,,,,,,,,,,,,,,,,,,,,,"{""B"": ""Fundación Incolmotos Yamaha"", ""C"": ""Sensibilización financiera Parte 1"", ""D"": ""1.0"", ""E"": ""45930.0"", ""F"": true, ""G"": ""45930.0"", ""H"": ""Hecho"", ""I"": ""Alto"", ""K"": ""Sebastian Ballesteros"", ""L"": ""3 a 4pm""}",{},support,TASK_BELONGS_TO_PROJECT_TEMPLATE,HISTORICAL_TASK_BOUND_TO_PROJECT_TEMPLATE_NOT_TEMPLATE_ACTIVITY,,
tareas,TSK000088,task,✅Lista de Tareas,104,PRJ0001,Academia MISI,Academia MISI,Implementación,Campuspack,implementation_campuspack,Financiero,Actividad,TSK000088,Entrega del desarrollo al cliente en ambien de pruebas: Liquidación de matriculas con Manual incluido,3.0,2025-10-08,2025-10-09,true,Hecho,Alto,Julian Sanchez ,N/A,Pendiente: Afiliado como pecuniario,implementation_campuspack:ACT-41,,,,,,,,,,,,,,,,,,,,,,,,,,,,,,,"{""B"": ""Academia MISI"", ""C"": ""Entrega del desarrollo al cliente en ambien de pruebas: Liquidación de matriculas con Manual incluido"", ""D"": ""3.0"", ""E"": ""45938.0"", ""F"": true, ""G"": ""45939.0"", ""H"": ""Hecho"", ""I"": ""Alto"", ""J"": ""N/A"", ""K"": ""Julian Sanchez "", ""L"": ""Pendiente: Afiliado como pecuniario""}","{""J"": ""if(or(F104=TRUE,G104>0,H104=\""Done\"",isblank(E104)),\""N/A\"",if($B$5<=E104,\""N/A\"",\""Overdue\""))""}",implementation_campuspack,TASK_BELONGS_TO_PROJECT_TEMPLATE,HISTORICAL_TASK_BOUND_TO_PROJECT_TEMPLATE_NOT_TEMPLATE_ACTIVITY,,
tareas,TSK000089,task,✅Lista de Tareas,105,PRJ0001,Academia MISI,Academia MISI,Implementación,Campuspack,implementation_campuspack,Capacitación,Actividad,TSK000089,Capacitación Recuersos Fisicos,2.0,2025-10-08,2025-10-08,true,Hecho,Alto,Geraldine Araque,N/A,11:30 a 12:30 y 2 a 3pm,implementation_campuspack:ACT-42,,,,,,,,,,,,,,,,,,,,,,,,,,,,,,,"{""B"": ""Academia MISI"", ""C"": ""Capacitación Recuersos Fisicos"", ""D"": ""2.0"", ""E"": ""45938.0"", ""F"": true, ""G"": ""45938.0"", ""H"": ""Hecho"", ""I"": ""Alto"", ""J"": ""N/A"", ""K"": ""Geraldine Araque"", ""L"": ""11:30 a 12:30 y 2 a 3pm""}","{""J"": """"}",implementation_campuspack,TASK_BELONGS_TO_PROJECT_TEMPLATE,HISTORICAL_TASK_BOUND_TO_PROJECT_TEMPLATE_NOT_TEMPLATE_ACTIVITY,,
tareas,TSK000090,task,✅Lista de Tareas,106,PRJ0006,Liceo Paternina,Liceo Paternina,Soporte,Schoolpack,support,Académico,Actividad,TSK000090,Capacitación academico: Evaluación 360,2.0,2025-09-04,2025-09-04,true,Hecho,Alto,Carmen Donoso,N/A,,support:ACT-41,,,,,,,,,,,,,,,,,,,,,,,,,,,,,,,"{""B"": ""Liceo Paternina"", ""C"": ""Capacitación academico: Evaluación 360"", ""D"": ""2.0"", ""E"": ""45904.0"", ""F"": true, ""G"": ""45904.0"", ""H"": ""Hecho"", ""I"": ""Alto"", ""J"": ""N/A"", ""K"": ""Carmen Donoso""}","{""J"": """"}",support,TASK_BELONGS_TO_PROJECT_TEMPLATE,HISTORICAL_TASK_BOUND_TO_PROJECT_TEMPLATE_NOT_TEMPLATE_ACTIVITY,,
tareas,TSK000091,task,✅Lista de Tareas,107,PRJ0016,Sigmund Freud,Sigmund Freud,Soporte,Implementado,support,Admisiones,Actividad,TSK000091,85231 - Proceso de inscripción Sesión 1,2.0,2025-08-25,2025-08-25,true,Hecho,Medio,Carmen Donoso,N/A,Se genero la ODS con los 9 requerimientos,support:ACT-42,,,,,,,,,,,,,,,,,,,,,,,,,,,,,,,"{""B"": ""Sigmund Freud"", ""C"": ""85231 - Proceso de inscripción Sesión 1"", ""D"": ""2.0"", ""E"": ""45894.0"", ""F"": true, ""G"": ""45894.0"", ""H"": ""Hecho"", ""I"": ""Medio"", ""J"": ""N/A"", ""K"": ""Carmen Donoso"", ""L"": ""Se genero la ODS con los 9 requerimientos""}","{""J"": """"}",support,TASK_BELONGS_TO_PROJECT_TEMPLATE,HISTORICAL_TASK_BOUND_TO_PROJECT_TEMPLATE_NOT_TEMPLATE_ACTIVITY,,
tareas,TSK000092,task,✅Lista de Tareas,108,PRJ0006,Liceo Paternina,Liceo Paternina,Soporte,Schoolpack,support,Financiero,Actividad,TSK000092,Capacitación financiera,2.0,2025-09-04,2025-09-04,true,Hecho,Alto,Sebastian Ballesteros,N/A,Jue 4Sept de 11 a 1,support:ACT-43,,,,,,,,,,,,,,,,,,,,,,,,,,,,,,,"{""B"": ""Liceo Paternina"", ""C"": ""Capacitación financiera"", ""D"": ""2.0"", ""E"": ""45904.0"", ""F"": true, ""G"": ""45904.0"", ""H"": ""Hecho"", ""I"": ""Alto"", ""J"": ""N/A"", ""K"": ""Sebastian Ballesteros"", ""L"": ""Jue 4Sept de 11 a 1""}","{""J"": """"}",support,TASK_BELONGS_TO_PROJECT_TEMPLATE,HISTORICAL_TASK_BOUND_TO_PROJECT_TEMPLATE_NOT_TEMPLATE_ACTIVITY,,
tareas,TSK000093,task,✅Lista de Tareas,109,PRJ0003,The English School,The English School,Soporte,Schoolpack,support,Capacitación,Actividad,TSK000093,Configuración y capacitación del módulo adicional: Transporte,2.0,2025-07-03,2025-07-08,true,Hecho,Alto,Carmen Donoso,N/A,,support:ACT-44,,,,,,,,,,,,,,,,,,,,,,,,,,,,,,,"{""B"": ""The English School"", ""C"": ""Configuración y capacitación del módulo adicional: Transporte"", ""D"": ""2.0"", ""E"": ""45841.0"", ""F"": true, ""G"": ""45846.0"", ""H"": ""Hecho"", ""I"": ""Alto"", ""J"": ""N/A"", ""K"": ""Carmen Donoso""}","{""J"": """"}",support,TASK_BELONGS_TO_PROJECT_TEMPLATE,HISTORICAL_TASK_BOUND_TO_PROJECT_TEMPLATE_NOT_TEMPLATE_ACTIVITY,,
tareas,TSK000094,task,✅Lista de Tareas,110,PRJ0003,The English School,The English School,Soporte,Schoolpack,support,Capacitación,Actividad,TSK000094,"Configuración y capacitación de los módulo adicionales: Transporte, Bienestar, Extracurriculares, Eventos",4.0,2025-07-09,2025-08-01,true,Hecho,Alto,Carmen Donoso,N/A,,support:ACT-45,,,,,,,,,,,,,,,,,,,,,,,,,,,,,,,"{""B"": ""The English School"", ""C"": ""Configuración y capacitación de los módulo adicionales: Transporte, Bienestar, Extracurriculares, Eventos"", ""D"": ""4.0"", ""E"": ""45847.0"", ""F"": true, ""G"": ""45870.0"", ""H"": ""Hecho"", ""I"": ""Alto"", ""J"": ""N/A"", ""K"": ""Carmen Donoso""}","{""J"": """"}",support,TASK_BELONGS_TO_PROJECT_TEMPLATE,HISTORICAL_TASK_BOUND_TO_PROJECT_TEMPLATE_NOT_TEMPLATE_ACTIVITY,,
tareas,TSK000095,task,✅Lista de Tareas,111,PRJ0003,The English School,The English School,Soporte,Schoolpack,support,Capacitación,Actividad,TSK000095,85638 - Configuración inicial y capacitación del modulo de Comunicaciones: Manejo de PQR´s/Atención a padres (SPA),3.0,2025-07-17,2025-11-06,true,Hecho,Alto,Geraldine Araque,N/A,12:30 a 2:30,support:ACT-46,,,,,,,,,,,,,,,,,,,,,,,,,,,,,,,"{""B"": ""The English School"", ""C"": ""85638 - Configuración inicial y capacitación del modulo de Comunicaciones: Manejo de PQR´s/Atención a padres (SPA)"", ""D"": ""3.0"", ""E"": ""45855.0"", ""F"": true, ""G"": ""45967.0"", ""H"": ""Hecho"", ""I"": ""Alto"", ""J"": ""N/A"", ""K"": ""Geraldine Araque"", ""L"": ""12:30 a 2:30""}","{""J"": """"}",support,TASK_BELONGS_TO_PROJECT_TEMPLATE,HISTORICAL_TASK_BOUND_TO_PROJECT_TEMPLATE_NOT_TEMPLATE_ACTIVITY,,
tareas,TSK000096,task,✅Lista de Tareas,112,PRJ0043,Upwaresoft,Upwaresoft,Soporte,Implementado,support,Pruebas / Auditoría,Actividad,TSK000096,Auditoria y pruebas Pantalla Binet,2.0,2025-08-25,2025-08-29,true,Hecho,Medio,Carmen Donoso,N/A,Desarrollo la entrego el Lun 25Ago,support:ACT-47,,,,,,,,,,,,,,,,,,,,,,,,,,,,,,,"{""B"": ""Upwaresoft"", ""C"": ""Auditoria y pruebas Pantalla Binet"", ""D"": ""2.0"", ""E"": ""45894.0"", ""F"": true, ""G"": ""45898.0"", ""H"": ""Hecho"", ""I"": ""Medio"", ""J"": ""N/A"", ""K"": ""Carmen Donoso"", ""L"": ""Desarrollo la entrego el Lun 25Ago""}","{""J"": """"}",support,TASK_BELONGS_TO_PROJECT_TEMPLATE,HISTORICAL_TASK_BOUND_TO_PROJECT_TEMPLATE_NOT_TEMPLATE_ACTIVITY,,
tareas,TSK000097,task,✅Lista de Tareas,113,PRJ0003,The English School,The English School,Soporte,Schoolpack,support,Capacitación,Actividad,TSK000097,"85637 - Configuración inicial y capacitación del modulo Aplicación, análisis y resultados de encuentas de Evaluación 360",2.0,2025-09-09,2025-11-06,true,Hecho,Alto,Geraldine Araque,N/A,,support:ACT-48,,,,,,,,,,,,,,,,,,,,,,,,,,,,,,,"{""B"": ""The English School"", ""C"": ""85637 - Configuración inicial y capacitación del modulo Aplicación, análisis y resultados de encuentas de Evaluación 360"", ""D"": ""2.0"", ""E"": ""45909.0"", ""F"": true, ""G"": ""45967.0"", ""H"": ""Hecho"", ""I"": ""Alto"", ""J"": ""N/A"", ""K"": ""Geraldine Araque""}","{""J"": """"}",support,TASK_BELONGS_TO_PROJECT_TEMPLATE,HISTORICAL_TASK_BOUND_TO_PROJECT_TEMPLATE_NOT_TEMPLATE_ACTIVITY,,
tareas,TSK000098,task,✅Lista de Tareas,114,PRJ0002,Fundación Incolmotos Yamaha,Fundación Incolmotos Yamaha,Soporte,Campuspack,support,Facturación electrónica,Actividad,TSK000098,"Proceso de importación al aplicativo (Estudiantes, Empleados y docentes y Plan de estudios)",8.0,2025-04-24,2025-06-24,true,Hecho,Alto,Julian Sanchez ,,,support:ACT-49,,,,,,,,,,,,,,,,,,,,,,,,,,,,,,,"{""B"": ""Fundación Incolmotos Yamaha"", ""C"": ""Proceso de importación al aplicativo (Estudiantes, Empleados y docentes y Plan de estudios)"", ""D"": ""8.0"", ""E"": ""45771.0"", ""F"": true, ""G"": ""45832.0"", ""H"": ""Hecho"", ""I"": ""Alto"", ""K"": ""Julian Sanchez ""}",{},support,TASK_BELONGS_TO_PROJECT_TEMPLATE,HISTORICAL_TASK_BOUND_TO_PROJECT_TEMPLATE_NOT_TEMPLATE_ACTIVITY,,
tareas,TSK000099,task,✅Lista de Tareas,115,PRJ0002,Fundación Incolmotos Yamaha,Fundación Incolmotos Yamaha,Soporte,Campuspack,support,Académico,Actividad,TSK000099,"Proceso de importación al aplicativo (Pre y co requisitos, Grupos académicos)",4.0,2025-06-01,2025-08-14,true,Hecho,Alto,Julian Sanchez ,,,support:ACT-50,,,,,,,,,,,,,,,,,,,,,,,,,,,,,,,"{""B"": ""Fundación Incolmotos Yamaha"", ""C"": ""Proceso de importación al aplicativo (Pre y co requisitos, Grupos académicos)"", ""D"": ""4.0"", ""E"": ""45809.0"", ""F"": true, ""G"": ""45883.0"", ""H"": ""Hecho"", ""I"": ""Alto"", ""K"": ""Julian Sanchez ""}",{},support,TASK_BELONGS_TO_PROJECT_TEMPLATE,HISTORICAL_TASK_BOUND_TO_PROJECT_TEMPLATE_NOT_TEMPLATE_ACTIVITY,,
tareas,TSK000100,task,✅Lista de Tareas,116,PRJ0002,Fundación Incolmotos Yamaha,Fundación Incolmotos Yamaha,Soporte,Campuspack,support,Académico,Actividad,TSK000100,Sesión 1 Capacitación procesos académicos y adicionales,1.0,2025-09-01,2025-09-01,true,Hecho,Alto,Carmen Donoso,N/A,9-10am,support:ACT-51,,,,,,,,,,,,,,,,,,,,,,,,,,,,,,,"{""B"": ""Fundación Incolmotos Yamaha"", ""C"": ""Sesión 1 Capacitación procesos académicos y adicionales"", ""D"": ""1.0"", ""E"": ""45901.0"", ""F"": true, ""G"": ""45901.0"", ""H"": ""Hecho"", ""I"": ""Alto"", ""J"": ""N/A"", ""K"": ""Carmen Donoso"", ""L"": ""9-10am""}","{""J"": ""if(or(F116=TRUE,G116>0,H116=\""Done\"",isblank(E116)),\""N/A\"",if($B$5<=E116,\""N/A\"",\""Overdue\""))""}",support,TASK_BELONGS_TO_PROJECT_TEMPLATE,HISTORICAL_TASK_BOUND_TO_PROJECT_TEMPLATE_NOT_TEMPLATE_ACTIVITY,,
tareas,TSK000101,task,✅Lista de Tareas,117,PRJ0002,Fundación Incolmotos Yamaha,Fundación Incolmotos Yamaha,Soporte,Campuspack,support,Académico,Actividad,TSK000101,Sesión 2 Capacitación procesos académicos y adicionales,1.0,2025-09-02,2025-09-02,true,Hecho,Alto,Carmen Donoso,N/A,10-11am,support:ACT-52,,,,,,,,,,,,,,,,,,,,,,,,,,,,,,,"{""B"": ""Fundación Incolmotos Yamaha"", ""C"": ""Sesión 2 Capacitación procesos académicos y adicionales"", ""D"": ""1.0"", ""E"": ""45902.0"", ""F"": true, ""G"": ""45902.0"", ""H"": ""Hecho"", ""I"": ""Alto"", ""J"": ""N/A"", ""K"": ""Carmen Donoso"", ""L"": ""10-11am""}","{""J"": """"}",support,TASK_BELONGS_TO_PROJECT_TEMPLATE,HISTORICAL_TASK_BOUND_TO_PROJECT_TEMPLATE_NOT_TEMPLATE_ACTIVITY,,
tareas,TSK000102,task,✅Lista de Tareas,118,PRJ0002,Fundación Incolmotos Yamaha,Fundación Incolmotos Yamaha,Soporte,Campuspack,support,Académico,Actividad,TSK000102,Sesión 3 Capacitación procesos académicos y adicionales,2.0,2025-09-03,2025-09-09,true,Hecho,Alto,Carmen Donoso,N/A,10-12am (Practica empresaria),support:ACT-53,,,,,,,,,,,,,,,,,,,,,,,,,,,,,,,"{""B"": ""Fundación Incolmotos Yamaha"", ""C"": ""Sesión 3 Capacitación procesos académicos y adicionales"", ""D"": ""2.0"", ""E"": ""45903.0"", ""F"": true, ""G"": ""45909.0"", ""H"": ""Hecho"", ""I"": ""Alto"", ""J"": ""N/A"", ""K"": ""Carmen Donoso"", ""L"": ""10-12am (Practica empresaria)""}","{""J"": """"}",support,TASK_BELONGS_TO_PROJECT_TEMPLATE,HISTORICAL_TASK_BOUND_TO_PROJECT_TEMPLATE_NOT_TEMPLATE_ACTIVITY,,
tareas,TSK000103,task,✅Lista de Tareas,119,PRJ0002,Fundación Incolmotos Yamaha,Fundación Incolmotos Yamaha,Soporte,Campuspack,support,Académico,Actividad,TSK000103,Sesión 5 Capacitación procesos académicos y adicionales,1.0,2025-09-08,2025-09-08,true,Hecho,Alto,Carmen Donoso,N/A,9-10am,support:ACT-54,,,,,,,,,,,,,,,,,,,,,,,,,,,,,,,"{""B"": ""Fundación Incolmotos Yamaha"", ""C"": ""Sesión 5 Capacitación procesos académicos y adicionales"", ""D"": ""1.0"", ""E"": ""45908.0"", ""F"": true, ""G"": ""45908.0"", ""H"": ""Hecho"", ""I"": ""Alto"", ""J"": ""N/A"", ""K"": ""Carmen Donoso"", ""L"": ""9-10am""}","{""J"": """"}",support,TASK_BELONGS_TO_PROJECT_TEMPLATE,HISTORICAL_TASK_BOUND_TO_PROJECT_TEMPLATE_NOT_TEMPLATE_ACTIVITY,,
tareas,TSK000104,task,✅Lista de Tareas,120,PRJ0002,Fundación Incolmotos Yamaha,Fundación Incolmotos Yamaha,Soporte,Campuspack,support,Capacitación,Actividad,TSK000104,Sesión 6 Capacitación Evaluación Institucional,1.0,2025-09-10,2025-09-10,true,Hecho,Alto,Carmen Donoso,,1-2pm,support:ACT-55,,,,,,,,,,,,,,,,,,,,,,,,,,,,,,,"{""B"": ""Fundación Incolmotos Yamaha"", ""C"": ""Sesión 6 Capacitación Evaluación Institucional"", ""D"": ""1.0"", ""E"": ""45910.0"", ""F"": true, ""G"": ""45910.0"", ""H"": ""Hecho"", ""I"": ""Alto"", ""K"": ""Carmen Donoso"", ""L"": ""1-2pm""}",{},support,TASK_BELONGS_TO_PROJECT_TEMPLATE,HISTORICAL_TASK_BOUND_TO_PROJECT_TEMPLATE_NOT_TEMPLATE_ACTIVITY,,
tareas,TSK000105,task,✅Lista de Tareas,121,PRJ0001,Academia MISI,Academia MISI,Implementación,Campuspack,implementation_campuspack,Capacitación,Actividad,TSK000105,Capacitación Bienestar y ACTA,2.0,2025-10-09,2025-10-09,true,Hecho,Alto,Geraldine Araque,N/A,11:30 a 1pm,implementation_campuspack:ACT-43,,,,,,,,,,,,,,,,,,,,,,,,,,,,,,,"{""B"": ""Academia MISI"", ""C"": ""Capacitación Bienestar y ACTA"", ""D"": ""2.0"", ""E"": ""45939.0"", ""F"": true, ""G"": ""45939.0"", ""H"": ""Hecho"", ""I"": ""Alto"", ""J"": ""N/A"", ""K"": ""Geraldine Araque"", ""L"": ""11:30 a 1pm""}","{""J"": ""if(or(F121=TRUE,G121>0,H121=\""Done\"",isblank(E121)),\""N/A\"",if($B$5<=E121,\""N/A\"",\""Overdue\""))""}",implementation_campuspack,TASK_BELONGS_TO_PROJECT_TEMPLATE,HISTORICAL_TASK_BOUND_TO_PROJECT_TEMPLATE_NOT_TEMPLATE_ACTIVITY,,
tareas,TSK000106,task,✅Lista de Tareas,122,PRJ0003,The English School,The English School,Soporte,Schoolpack,support,Desarrollos a la medida,Actividad,TSK000106,Cotización de requerimientos desarrollos modulos adicionales: Extracurricular y Salud,0.0,2025-08-20,2025-08-20,true,Hecho,Alto,Jhoec Camayo,N/A,,support:ACT-56,,,,,,,,,,,,,,,,,,,,,,,,,,,,,,,"{""B"": ""The English School"", ""C"": ""Cotización de requerimientos desarrollos modulos adicionales: Extracurricular y Salud"", ""D"": ""0.0"", ""E"": ""45889.0"", ""F"": true, ""G"": ""45889.0"", ""H"": ""Hecho"", ""I"": ""Alto"", ""J"": ""N/A"", ""K"": ""Jhoec Camayo""}","{""J"": """"}",support,TASK_BELONGS_TO_PROJECT_TEMPLATE,HISTORICAL_TASK_BOUND_TO_PROJECT_TEMPLATE_NOT_TEMPLATE_ACTIVITY,,
tareas,TSK000107,task,✅Lista de Tareas,123,PRJ0003,The English School,The English School,Soporte,Schoolpack,support,Integraciones,Actividad,TSK000107,84326 - Conexión y pruebas del SSO,0.0,2025-08-25,2025-08-19,true,Hecho,Alto,Jhoec Camayo,N/A,Se envio 30Oct los links de pruebas ,support:ACT-57,,,,,,,,,,,,,,,,,,,,,,,,,,,,,,,"{""B"": ""The English School"", ""C"": ""84326 - Conexión y pruebas del SSO"", ""D"": ""0.0"", ""E"": ""45894.0"", ""F"": true, ""G"": ""45888.0"", ""H"": ""Hecho"", ""I"": ""Alto"", ""J"": ""N/A"", ""K"": ""Jhoec Camayo"", ""L"": ""Se envio 30Oct los links de pruebas ""}","{""J"": """"}",support,TASK_BELONGS_TO_PROJECT_TEMPLATE,HISTORICAL_TASK_BOUND_TO_PROJECT_TEMPLATE_NOT_TEMPLATE_ACTIVITY,,
tareas,TSK000108,task,✅Lista de Tareas,124,PRJ0004,Corp.Edu Dr. Amin Ariza,Corp.Edu Dr. Amin Ariza,Implementación,Campuspack,implementation_campuspack,Reuniones y coordinación,Actividad,TSK000108,Reunión tema contable,1.0,2025-08-20,2025-08-20,true,Hecho,Alto,Jhoec Camayo,N/A,,implementation_campuspack:ACT-44,,,,,,,,,,,,,,,,,,,,,,,,,,,,,,,"{""B"": ""Corp.Edu Dr. Amin Ariza"", ""C"": ""Reunión tema contable"", ""D"": ""1.0"", ""E"": ""45889.0"", ""F"": true, ""G"": ""45889.0"", ""H"": ""Hecho"", ""I"": ""Alto"", ""J"": ""N/A"", ""K"": ""Jhoec Camayo""}","{""J"": """"}",implementation_campuspack,TASK_BELONGS_TO_PROJECT_TEMPLATE,HISTORICAL_TASK_BOUND_TO_PROJECT_TEMPLATE_NOT_TEMPLATE_ACTIVITY,,
tareas,TSK000109,task,✅Lista de Tareas,125,PRJ0004,Corp.Edu Dr. Amin Ariza,Corp.Edu Dr. Amin Ariza,Implementación,Campuspack,implementation_campuspack,Capacitación,Actividad,TSK000109,Configuración inicial y capacitación: Academia y Protección,2.0,2025-09-02,2025-09-02,true,Hecho,Alto,Geraldine Araque,N/A,,implementation_campuspack:ACT-45,,,,,,,,,,,,,,,,,,,,,,,,,,,,,,,"{""B"": ""Corp.Edu Dr. Amin Ariza"", ""C"": ""Configuración inicial y capacitación: Academia y Protección"", ""D"": ""2.0"", ""E"": ""45902.0"", ""F"": true, ""G"": ""45902.0"", ""H"": ""Hecho"", ""I"": ""Alto"", ""J"": ""N/A"", ""K"": ""Geraldine Araque""}","{""J"": """"}",implementation_campuspack,TASK_BELONGS_TO_PROJECT_TEMPLATE,HISTORICAL_TASK_BOUND_TO_PROJECT_TEMPLATE_NOT_TEMPLATE_ACTIVITY,,
tareas,TSK000110,task,✅Lista de Tareas,126,PRJ0004,Corp.Edu Dr. Amin Ariza,Corp.Edu Dr. Amin Ariza,Implementación,Campuspack,implementation_campuspack,Capacitación,Actividad,TSK000110,Configuración inicial y capacitación: Personas,2.0,2025-09-03,2025-09-05,true,Hecho,Alto,Geraldine Araque,N/A,10:30am,implementation_campuspack:ACT-46,,,,,,,,,,,,,,,,,,,,,,,,,,,,,,,"{""B"": ""Corp.Edu Dr. Amin Ariza"", ""C"": ""Configuración inicial y capacitación: Personas"", ""D"": ""2.0"", ""E"": ""45903.0"", ""F"": true, ""G"": ""45905.0"", ""H"": ""Hecho"", ""I"": ""Alto"", ""J"": ""N/A"", ""K"": ""Geraldine Araque"", ""L"": ""10:30am""}","{""J"": """"}",implementation_campuspack,TASK_BELONGS_TO_PROJECT_TEMPLATE,HISTORICAL_TASK_BOUND_TO_PROJECT_TEMPLATE_NOT_TEMPLATE_ACTIVITY,,
tareas,TSK000111,task,✅Lista de Tareas,127,PRJ0003,The English School,The English School,Soporte,Schoolpack,support,Integraciones,Actividad,TSK000111,Interfaz Contalbe - Pruebas de funcionalidad PRUEBAS 2,4.0,2025-09-29,2025-11-24,true,Hecho,Alto,Sebastian Ballesteros,,,support:ACT-58,,,,,,,,,,,,,,,,,,,,,,,,,,,,,,,"{""B"": ""The English School"", ""C"": ""Interfaz Contalbe - Pruebas de funcionalidad PRUEBAS 2"", ""D"": ""4.0"", ""E"": ""45929.0"", ""F"": true, ""G"": ""45985.0"", ""H"": ""Hecho"", ""I"": ""Alto"", ""K"": ""Sebastian Ballesteros""}",{},support,TASK_BELONGS_TO_PROJECT_TEMPLATE,HISTORICAL_TASK_BOUND_TO_PROJECT_TEMPLATE_NOT_TEMPLATE_ACTIVITY,,
tareas,TSK000112,task,✅Lista de Tareas,128,PRJ0003,The English School,The English School,Soporte,Schoolpack,support,Integraciones,Actividad,TSK000112,Interfaz Contable - Ajustes de las pruebas de funcionalidad,3.0,2025-09-30,2025-09-30,true,Hecho,Alto,Sebastian Ballesteros,,,support:ACT-59,,,,,,,,,,,,,,,,,,,,,,,,,,,,,,,"{""B"": ""The English School"", ""C"": ""Interfaz Contable - Ajustes de las pruebas de funcionalidad "", ""D"": ""3.0"", ""E"": ""45930.0"", ""F"": true, ""G"": ""45930.0"", ""H"": ""Hecho"", ""I"": ""Alto"", ""K"": ""Sebastian Ballesteros""}",{},support,TASK_BELONGS_TO_PROJECT_TEMPLATE,HISTORICAL_TASK_BOUND_TO_PROJECT_TEMPLATE_NOT_TEMPLATE_ACTIVITY,,
tareas,TSK000113,task,✅Lista de Tareas,129,PRJ0001,Academia MISI,Academia MISI,Implementación,Campuspack,implementation_campuspack,Capacitación,Actividad,TSK000113,Capacitación SNIES y ACTA,0.0,2025-10-14,2025-10-14,true,Hecho,Alto,Geraldine Araque,N/A,Cancelada por Mario,implementation_campuspack:ACT-47,,,,,,,,,,,,,,,,,,,,,,,,,,,,,,,"{""B"": ""Academia MISI"", ""C"": ""Capacitación SNIES y ACTA"", ""D"": ""0.0"", ""E"": ""45944.0"", ""F"": true, ""G"": ""45944.0"", ""H"": ""Hecho"", ""I"": ""Alto"", ""J"": ""N/A"", ""K"": ""Geraldine Araque"", ""L"": ""Cancelada por Mario""}","{""J"": ""if(or(F129=TRUE,G129>0,H129=\""Done\"",isblank(E129)),\""N/A\"",if($B$5<=E129,\""N/A\"",\""Overdue\""))""}",implementation_campuspack,TASK_BELONGS_TO_PROJECT_TEMPLATE,HISTORICAL_TASK_BOUND_TO_PROJECT_TEMPLATE_NOT_TEMPLATE_ACTIVITY,,
tareas,TSK000114,task,✅Lista de Tareas,130,PRJ0001,Academia MISI,Academia MISI,Implementación,Campuspack,implementation_campuspack,Capacitación,Actividad,TSK000114,Capacitación Evaluación Institucional y ACTA,2.0,2025-10-15,2025-10-15,true,Hecho,Alto,Geraldine Araque,N/A,11:30 a 1:30,implementation_campuspack:ACT-48,,,,,,,,,,,,,,,,,,,,,,,,,,,,,,,"{""B"": ""Academia MISI"", ""C"": ""Capacitación Evaluación Institucional y ACTA"", ""D"": ""2.0"", ""E"": ""45945.0"", ""F"": true, ""G"": ""45945.0"", ""H"": ""Hecho"", ""I"": ""Alto"", ""J"": ""N/A"", ""K"": ""Geraldine Araque"", ""L"": ""11:30 a 1:30""}","{""J"": """"}",implementation_campuspack,TASK_BELONGS_TO_PROJECT_TEMPLATE,HISTORICAL_TASK_BOUND_TO_PROJECT_TEMPLATE_NOT_TEMPLATE_ACTIVITY,,
tareas,TSK000115,task,✅Lista de Tareas,131,PRJ0002,Fundación Incolmotos Yamaha,Fundación Incolmotos Yamaha,Soporte,Campuspack,support,Documentación / Actas / Entrega,Actividad,TSK000115,"PRIORITARIO: Botón de pago en linea: Conexión con Zona pagos en producción, pendiente ACTA DE ENTREGA",1.0,2025-08-15,2025-11-27,true,Hecho,Urgente,Jhoec Camayo,N/A,"Sesión con Liliana y Cesar 25NOV, HACER PRUEBAS PRIORITARIO",support:ACT-60,,,,,,,,,,,,,,,,,,,,,,,,,,,,,,,"{""B"": ""Fundación Incolmotos Yamaha"", ""C"": ""PRIORITARIO: Botón de pago en linea: Conexión con Zona pagos en producción, pendiente ACTA DE ENTREGA"", ""D"": ""1.0"", ""E"": ""45884.0"", ""F"": true, ""G"": ""45988.0"", ""H"": ""Hecho"", ""I"": ""Urgente"", ""J"": ""N/A"", ""K"": ""Jhoec Camayo"", ""L"": ""Sesión con Liliana y Cesar 25NOV, HACER PRUEBAS PRIORITARIO""}","{""J"": """"}",support,TASK_BELONGS_TO_PROJECT_TEMPLATE,HISTORICAL_TASK_BOUND_TO_PROJECT_TEMPLATE_NOT_TEMPLATE_ACTIVITY,,
tareas,TSK000116,task,✅Lista de Tareas,132,PRJ0001,Academia MISI,Academia MISI,Implementación,Campuspack,implementation_campuspack,Documentación / Actas / Entrega,Actividad,TSK000116,Sesión de acompañamiento Checklist actividades para Salida a producción,2.0,2025-10-30,2025-10-30,true,Hecho,Urgente,Julian Sanchez ,N/A,,implementation_campuspack:ACT-49,,,,,,,,,,,,,,,,,,,,,,,,,,,,,,,"{""B"": ""Academia MISI"", ""C"": ""Sesión de acompañamiento Checklist actividades para Salida a producción "", ""D"": ""2.0"", ""E"": ""45960.0"", ""F"": true, ""G"": ""45960.0"", ""H"": ""Hecho"", ""I"": ""Urgente"", ""J"": ""N/A"", ""K"": ""Julian Sanchez ""}","{""J"": """"}",implementation_campuspack,TASK_BELONGS_TO_PROJECT_TEMPLATE,HISTORICAL_TASK_BOUND_TO_PROJECT_TEMPLATE_NOT_TEMPLATE_ACTIVITY,,
tareas,TSK000117,task,✅Lista de Tareas,133,PRJ0001,Academia MISI,Academia MISI,Implementación,Campuspack,implementation_campuspack,Pruebas / Auditoría,Actividad,TSK000117,Sesión de acompañamiento Prueba integral Salida a producción,4.0,2025-10-31,2025-10-31,true,Hecho,Urgente,Julian Sanchez ,N/A,,implementation_campuspack:ACT-50,,,,,,,,,,,,,,,,,,,,,,,,,,,,,,,"{""B"": ""Academia MISI"", ""C"": ""Sesión de acompañamiento Prueba integral Salida a producción "", ""D"": ""4.0"", ""E"": ""45961.0"", ""F"": true, ""G"": ""45961.0"", ""H"": ""Hecho"", ""I"": ""Urgente"", ""J"": ""N/A"", ""K"": ""Julian Sanchez ""}","{""J"": """"}",implementation_campuspack,TASK_BELONGS_TO_PROJECT_TEMPLATE,HISTORICAL_TASK_BOUND_TO_PROJECT_TEMPLATE_NOT_TEMPLATE_ACTIVITY,,
tareas,TSK000118,task,✅Lista de Tareas,134,PRJ0001,Academia MISI,Academia MISI,Implementación,Campuspack,implementation_campuspack,Documentación / Actas / Entrega,Actividad,TSK000118,PRIORIDAD: Manual en video de acceso a padres Campuspack (ENVIAR POR CORREO),2.0,2025-11-10,2025-11-14,true,Hecho,Alto,Geraldine Araque,N/A,,implementation_campuspack:ACT-51,,,,,,,,,,,,,,,,,,,,,,,,,,,,,,,"{""B"": ""Academia MISI"", ""C"": ""PRIORIDAD: Manual en video de acceso a padres Campuspack (ENVIAR POR CORREO)"", ""D"": ""2.0"", ""E"": ""45971.0"", ""F"": true, ""G"": ""45975.0"", ""H"": ""Hecho"", ""I"": ""Alto"", ""J"": ""N/A"", ""K"": ""Geraldine Araque""}","{""J"": """"}",implementation_campuspack,TASK_BELONGS_TO_PROJECT_TEMPLATE,HISTORICAL_TASK_BOUND_TO_PROJECT_TEMPLATE_NOT_TEMPLATE_ACTIVITY,,
tareas,TSK000119,task,✅Lista de Tareas,135,PRJ0007,Seminario de Faca,Seminario de Faca,Soporte,Implementado,support,Capacitación,Actividad,TSK000119,Capacitación de docentes y migración de pantalla plus,6.0,2026-01-23,2026-01-23,true,Hecho,Alto,Carmen Donoso,,,support:ACT-61,,,,,,,,,,,,,,,,,,,,,,,,,,,,,,,"{""B"": ""Seminario de Faca"", ""C"": ""Capacitación de docentes y migración de pantalla plus"", ""D"": ""6.0"", ""E"": ""46045.0"", ""F"": true, ""G"": ""46045.0"", ""H"": ""Hecho"", ""I"": ""Alto"", ""K"": ""Carmen Donoso""}",{},support,TASK_BELONGS_TO_PROJECT_TEMPLATE,HISTORICAL_TASK_BOUND_TO_PROJECT_TEMPLATE_NOT_TEMPLATE_ACTIVITY,,
tareas,TSK000120,task,✅Lista de Tareas,136,PRJ0013,Aspaen,Aspaen,Soporte,Schoolpack,support,Otros,Actividad,TSK000120,86422 - Cambio del modelo de ALCAZARES jornada adicional a SEPA NOVUS,0.0,2025-01-15,2026-02-13,true,Hecho,Alto,Carmen Donoso,,"CANCELADO, NO LO VAN A HACER ESTE AÑO (Confirmaron en reunión el 13 de feb Angelica)",support:ACT-62,,,,,,,,,,,,,,,,,,,,,,,,,,,,,,,"{""B"": ""Aspaen"", ""C"": ""86422 - Cambio del modelo de ALCAZARES jornada adicional a SEPA NOVUS"", ""D"": ""0.0"", ""E"": ""45672.0"", ""F"": true, ""G"": ""46066.0"", ""H"": ""Hecho"", ""I"": ""Alto"", ""K"": ""Carmen Donoso"", ""L"": ""CANCELADO, NO LO VAN A HACER ESTE AÑO (Confirmaron en reunión el 13 de feb Angelica)""}",{},support,TASK_BELONGS_TO_PROJECT_TEMPLATE,HISTORICAL_TASK_BOUND_TO_PROJECT_TEMPLATE_NOT_TEMPLATE_ACTIVITY,,
tareas,TSK000121,task,✅Lista de Tareas,137,PRJ0016,Sigmund Freud,Sigmund Freud,Soporte,Implementado,support,Acompañamiento / Seguimiento,Actividad,TSK000121,Seguimiento a la ODS firmadada,1.0,2025-09-01,2025-09-05,true,Hecho,Alto,Jhoec Camayo,N/A,,support:ACT-63,,,,,,,,,,,,,,,,,,,,,,,,,,,,,,,"{""B"": ""Sigmund Freud"", ""C"": ""Seguimiento a la ODS firmadada "", ""D"": ""1.0"", ""E"": ""45901.0"", ""F"": true, ""G"": ""45905.0"", ""H"": ""Hecho"", ""I"": ""Alto"", ""J"": ""N/A"", ""K"": ""Jhoec Camayo""}","{""J"": ""if(or(F137=TRUE,G137>0,H137=\""Done\"",isblank(E137)),\""N/A\"",if($B$5<=E137,\""N/A\"",\""Overdue\""))""}",support,TASK_BELONGS_TO_PROJECT_TEMPLATE,HISTORICAL_TASK_BOUND_TO_PROJECT_TEMPLATE_NOT_TEMPLATE_ACTIVITY,,
tareas,TSK000122,task,✅Lista de Tareas,138,PRJ0029,UNITEC,UNITEC,Soporte,Campuspack,support,Desarrollos a la medida,Actividad,TSK000122,86296 - Desarrollo: Practica empresarial - Documentación,8.0,2025-01-15,2026-02-03,true,Hecho,Alto,Carmen Donoso,N/A,,support:ACT-64,,,,,,,,,,,,,,,,,,,,,,,,,,,,,,,"{""B"": ""UNITEC"", ""C"": ""86296 - Desarrollo: Practica empresarial - Documentación"", ""D"": ""8.0"", ""E"": ""45672.0"", ""F"": true, ""G"": ""46056.0"", ""H"": ""Hecho"", ""I"": ""Alto"", ""J"": ""N/A"", ""K"": ""Carmen Donoso""}","{""J"": """"}",support,TASK_BELONGS_TO_PROJECT_TEMPLATE,HISTORICAL_TASK_BOUND_TO_PROJECT_TEMPLATE_NOT_TEMPLATE_ACTIVITY,,
tareas,TSK000123,task,✅Lista de Tareas,139,PRJ0001,Academia MISI,Academia MISI,Implementación,Campuspack,implementation_campuspack,Otros,Actividad,TSK000123,Sesión de creación de perfiles,1.0,2025-11-11,2025-11-11,true,Hecho,Alto,Jhoec Camayo,N/A,"10am, se ha realizado a completo",implementation_campuspack:ACT-52,,,,,,,,,,,,,,,,,,,,,,,,,,,,,,,"{""B"": ""Academia MISI"", ""C"": ""Sesión de creación de perfiles "", ""D"": ""1.0"", ""E"": ""45972.0"", ""F"": true, ""G"": ""45972.0"", ""H"": ""Hecho"", ""I"": ""Alto"", ""J"": ""N/A"", ""K"": ""Jhoec Camayo"", ""L"": ""10am, se ha realizado a completo""}","{""J"": """"}",implementation_campuspack,TASK_BELONGS_TO_PROJECT_TEMPLATE,HISTORICAL_TASK_BOUND_TO_PROJECT_TEMPLATE_NOT_TEMPLATE_ACTIVITY,,
tareas,TSK000124,task,✅Lista de Tareas,140,PRJ0016,Sigmund Freud,Sigmund Freud,Soporte,Implementado,support,Otros,Actividad,TSK000124,85229 - Actualización de escudos,1.0,2025-08-20,2025-09-09,true,Hecho,Alto,Jhoec Camayo,N/A,,support:ACT-65,,,,,,,,,,,,,,,,,,,,,,,,,,,,,,,"{""B"": ""Sigmund Freud"", ""C"": ""85229 - Actualización de escudos"", ""D"": ""1.0"", ""E"": ""45889.0"", ""F"": true, ""G"": ""45909.0"", ""H"": ""Hecho"", ""I"": ""Alto"", ""J"": ""N/A"", ""K"": ""Jhoec Camayo""}","{""J"": """"}",support,TASK_BELONGS_TO_PROJECT_TEMPLATE,HISTORICAL_TASK_BOUND_TO_PROJECT_TEMPLATE_NOT_TEMPLATE_ACTIVITY,,
tareas,TSK000125,task,✅Lista de Tareas,141,PRJ0013,Aspaen,Aspaen,Soporte,Schoolpack,support,Integraciones,Actividad,TSK000125,Web Service PAT y Presectoria,0.0,2025-10-17,2025-10-23,true,Hecho,Alto,Desarrollo,N/A,,support:ACT-66,,,,,,,,,,,,,,,,,,,,,,,,,,,,,,,"{""B"": ""Aspaen"", ""C"": ""Web Service PAT y Presectoria "", ""D"": ""0.0"", ""E"": ""45947.0"", ""F"": true, ""G"": ""45953.0"", ""H"": ""Hecho"", ""I"": ""Alto"", ""J"": ""N/A"", ""K"": ""Desarrollo""}","{""J"": """"}",support,TASK_BELONGS_TO_PROJECT_TEMPLATE,HISTORICAL_TASK_BOUND_TO_PROJECT_TEMPLATE_NOT_TEMPLATE_ACTIVITY,,
tareas,TSK000126,task,✅Lista de Tareas,142,PRJ0016,Sigmund Freud,Sigmund Freud,Soporte,Implementado,support,Matrículas,Actividad,TSK000126,85233 - Capacitación Matriculas (Firma electronica),2.0,2025-08-22,2025-08-22,true,Hecho,Alto,Jhoec Camayo,N/A,,support:ACT-67,,,,,,,,,,,,,,,,,,,,,,,,,,,,,,,"{""B"": ""Sigmund Freud"", ""C"": ""85233 - Capacitación Matriculas (Firma electronica)"", ""D"": ""2.0"", ""E"": ""45891.0"", ""F"": true, ""G"": ""45891.0"", ""H"": ""Hecho"", ""I"": ""Alto"", ""J"": ""N/A"", ""K"": ""Jhoec Camayo""}","{""J"": """"}",support,TASK_BELONGS_TO_PROJECT_TEMPLATE,HISTORICAL_TASK_BOUND_TO_PROJECT_TEMPLATE_NOT_TEMPLATE_ACTIVITY,,
tareas,TSK000127,task,✅Lista de Tareas,143,PRJ0004,Corp.Edu Dr. Amin Ariza,Corp.Edu Dr. Amin Ariza,Implementación,Campuspack,implementation_campuspack,Reuniones y coordinación,Actividad,TSK000127,Parametrización y configuración académica (VISITA PRESENCIAL),12.0,2025-09-22,2025-09-23,true,Hecho,Alto,Carmen Donoso,,2 dias,implementation_campuspack:ACT-53,,,,,,,,,,,,,,,,,,,,,,,,,,,,,,,"{""B"": ""Corp.Edu Dr. Amin Ariza"", ""C"": ""Parametrización y configuración académica (VISITA PRESENCIAL)"", ""D"": ""12.0"", ""E"": ""45922.0"", ""F"": true, ""G"": ""45923.0"", ""H"": ""Hecho"", ""I"": ""Alto"", ""K"": ""Carmen Donoso"", ""L"": ""2 dias""}",{},implementation_campuspack,TASK_BELONGS_TO_PROJECT_TEMPLATE,HISTORICAL_TASK_BOUND_TO_PROJECT_TEMPLATE_NOT_TEMPLATE_ACTIVITY,,
tareas,TSK000128,task,✅Lista de Tareas,144,PRJ0004,Corp.Edu Dr. Amin Ariza,Corp.Edu Dr. Amin Ariza,Implementación,Campuspack,implementation_campuspack,Reuniones y coordinación,Actividad,TSK000128,Visita presencial programar,0.0,2025-09-08,2025-09-08,true,Hecho,Alto,Administrativo,N/A,Programada,implementation_campuspack:ACT-54,,,,,,,,,,,,,,,,,,,,,,,,,,,,,,,"{""B"": ""Corp.Edu Dr. Amin Ariza"", ""C"": ""Visita presencial programar "", ""D"": ""0.0"", ""E"": ""45908.0"", ""F"": true, ""G"": ""45908.0"", ""H"": ""Hecho"", ""I"": ""Alto"", ""J"": ""N/A"", ""K"": ""Administrativo"", ""L"": ""Programada""}","{""J"": ""if(or(F144=TRUE,G144>0,H144=\""Done\"",isblank(E144)),\""N/A\"",if($B$5<=E144,\""N/A\"",\""Overdue\""))""}",implementation_campuspack,TASK_BELONGS_TO_PROJECT_TEMPLATE,HISTORICAL_TASK_BOUND_TO_PROJECT_TEMPLATE_NOT_TEMPLATE_ACTIVITY,,
tareas,TSK000129,task,✅Lista de Tareas,145,PRJ0015,KIAI,KIAI,Soporte,Schoolpack,support,Integraciones,Actividad,TSK000129,"Integración Firma electrónica (LA EMPRESA SE VENDIO, NO SE CONTINUA)",0.0,2026-03-18,2026-04-20,true,Hecho,Alto,Jhoec Camayo,N/A,,support:ACT-68,,,,,,,,,,,,,,,,,,,,,,,,,,,,,,,"{""B"": ""KIAI"", ""C"": ""Integración Firma electrónica (LA EMPRESA SE VENDIO, NO SE CONTINUA)"", ""D"": ""0.0"", ""E"": ""46099.0"", ""F"": true, ""G"": ""46132.0"", ""H"": ""Hecho"", ""I"": ""Alto"", ""J"": ""N/A"", ""K"": ""Jhoec Camayo""}","{""J"": """"}",support,TASK_BELONGS_TO_PROJECT_TEMPLATE,HISTORICAL_TASK_BOUND_TO_PROJECT_TEMPLATE_NOT_TEMPLATE_ACTIVITY,,
tareas,TSK000130,task,✅Lista de Tareas,146,PRJ0002,Fundación Incolmotos Yamaha,Fundación Incolmotos Yamaha,Soporte,Campuspack,support,Admisiones,Actividad,TSK000130,Acta Pantalla de Inscripción,1.0,2025-09-01,2025-09-02,true,Hecho,Urgente,Jhoec Camayo,N/A,hecho,support:ACT-69,,,,,,,,,,,,,,,,,,,,,,,,,,,,,,,"{""B"": ""Fundación Incolmotos Yamaha"", ""C"": ""Acta Pantalla de Inscripción"", ""D"": ""1.0"", ""E"": ""45901.0"", ""F"": true, ""G"": ""45902.0"", ""H"": ""Hecho"", ""I"": ""Urgente"", ""J"": ""N/A"", ""K"": ""Jhoec Camayo"", ""L"": ""hecho""}","{""J"": """"}",support,TASK_BELONGS_TO_PROJECT_TEMPLATE,HISTORICAL_TASK_BOUND_TO_PROJECT_TEMPLATE_NOT_TEMPLATE_ACTIVITY,,
tareas,TSK000131,task,✅Lista de Tareas,147,PRJ0043,Upwaresoft,Upwaresoft,Soporte,Implementado,support,Documentación / Actas / Entrega,Actividad,TSK000131,85495 - Acta Pantalla a Binet,1.0,2025-09-01,2025-09-02,true,Hecho,Urgente,Jhoec Camayo,N/A,se autorizó en sac 85494,support:ACT-70,,,,,,,,,,,,,,,,,,,,,,,,,,,,,,,"{""B"": ""Upwaresoft"", ""C"": ""85495 - Acta Pantalla a Binet"", ""D"": ""1.0"", ""E"": ""45901.0"", ""F"": true, ""G"": ""45902.0"", ""H"": ""Hecho"", ""I"": ""Urgente"", ""J"": ""N/A"", ""K"": ""Jhoec Camayo"", ""L"": ""se autorizó en sac 85494""}","{""J"": """"}",support,TASK_BELONGS_TO_PROJECT_TEMPLATE,HISTORICAL_TASK_BOUND_TO_PROJECT_TEMPLATE_NOT_TEMPLATE_ACTIVITY,,
tareas,TSK000132,task,✅Lista de Tareas,148,PRJ0009,Calasanzs,Calasanzs,Soporte,Implementado,support,Reuniones y coordinación,Actividad,TSK000132,Visita Presencial,1.0,2025-11-21,2025-11-21,true,Hecho,Medio,Carmen Donoso,N/A,Con Geraldine ,support:ACT-71,,,,,,,,,,,,,,,,,,,,,,,,,,,,,,,"{""B"": ""Calasanzs"", ""C"": ""Visita Presencial "", ""D"": ""1.0"", ""E"": ""45982.0"", ""F"": true, ""G"": ""45982.0"", ""H"": ""Hecho"", ""I"": ""Medio"", ""J"": ""N/A"", ""K"": ""Carmen Donoso"", ""L"": ""Con Geraldine ""}","{""J"": """"}",support,TASK_BELONGS_TO_PROJECT_TEMPLATE,HISTORICAL_TASK_BOUND_TO_PROJECT_TEMPLATE_NOT_TEMPLATE_ACTIVITY,,
tareas,TSK000133,task,✅Lista de Tareas,149,PRJ0003,The English School,The English School,Soporte,Schoolpack,support,Admisiones,Actividad,TSK000133,85459 - Acta Proceso de admisiones y matriculas,1.0,2025-07-31,2025-07-31,true,Hecho,Urgente,Jhoec Camayo,N/A,,support:ACT-72,,,,,,,,,,,,,,,,,,,,,,,,,,,,,,,"{""B"": ""The English School"", ""C"": ""85459 - Acta Proceso de admisiones y matriculas"", ""D"": ""1.0"", ""E"": ""45869.0"", ""F"": true, ""G"": ""45869.0"", ""H"": ""Hecho"", ""I"": ""Urgente"", ""J"": ""N/A"", ""K"": ""Jhoec Camayo""}","{""J"": """"}",support,TASK_BELONGS_TO_PROJECT_TEMPLATE,HISTORICAL_TASK_BOUND_TO_PROJECT_TEMPLATE_NOT_TEMPLATE_ACTIVITY,,
tareas,TSK000134,task,✅Lista de Tareas,150,PRJ0012,Col Pres,Col Pres,Soporte,Marco común curricular,support,Documentación / Actas / Entrega,Actividad,TSK000134,Actas reportes entregados,1.0,2025-09-15,2025-10-07,true,Hecho,Alto,Carmen Donoso,N/A,POSPUESTO,support:ACT-73,,,,,,,,,,,,,,,,,,,,,,,,,,,,,,,"{""B"": ""Col Pres"", ""C"": ""Actas reportes entregados"", ""D"": ""1.0"", ""E"": ""45915.0"", ""F"": true, ""G"": ""45937.0"", ""H"": ""Hecho"", ""I"": ""Alto"", ""J"": ""N/A"", ""K"": ""Carmen Donoso"", ""L"": ""POSPUESTO""}","{""J"": """"}",support,TASK_BELONGS_TO_PROJECT_TEMPLATE,HISTORICAL_TASK_BOUND_TO_PROJECT_TEMPLATE_NOT_TEMPLATE_ACTIVITY,,
tareas,TSK000135,task,✅Lista de Tareas,151,PRJ0043,Upwaresoft,Upwaresoft,Soporte,Implementado,support,Integraciones,Actividad,TSK000135,Hacer protoco del proceso de pruebas de las Integración: Bank Agent,4.0,2025-10-08,2025-10-17,false,En espera,Alto,Sebastian Ballesteros,N/A,,support:ACT-74,,,,,,,,,,,,,,,,,,,,,,,,,,,,,,,"{""B"": ""Upwaresoft"", ""C"": ""Hacer protoco del proceso de pruebas de las Integración: Bank Agent"", ""D"": ""4.0"", ""E"": ""45938.0"", ""F"": false, ""G"": ""45947.0"", ""H"": ""En espera"", ""I"": ""Alto"", ""J"": ""N/A"", ""K"": ""Sebastian Ballesteros""}","{""J"": """"}",support,TASK_BELONGS_TO_PROJECT_TEMPLATE,HISTORICAL_TASK_BOUND_TO_PROJECT_TEMPLATE_NOT_TEMPLATE_ACTIVITY,,
tareas,TSK000136,task,✅Lista de Tareas,152,,Cet - Evolutivo inscripción,Cet - Evolutivo inscripción,,,,,Actividad,TSK000136,Sesión de avance de compromisos con Claudia,1.0,2025-11-18,2025-11-18,true,Hecho,Alto,Carmen Donoso,,"Sesión presencial 4DIC (Plantillas diferenciadas por materia desean ellos, Desarrollo)",,,,,,,,,,,,,,,,,,,,,,,,,,,,,,,,"{""B"": ""Cet - Evolutivo inscripción"", ""C"": ""Sesión de avance de compromisos con Claudia "", ""D"": ""1.0"", ""E"": ""45979.0"", ""F"": true, ""G"": ""45979.0"", ""H"": ""Hecho"", ""I"": ""Alto"", ""K"": ""Carmen Donoso"", ""L"": ""Sesión presencial 4DIC (Plantillas diferenciadas por materia desean ellos, Desarrollo)""}",{},,TASK_BELONGS_TO_PROJECT_TEMPLATE,NOT_APPLICABLE,,
tareas,TSK000137,task,✅Lista de Tareas,153,PRJ0018,Colegio Gimnasio del Saber,Colegio Gimnasio del Saber,Soporte,Schoolpack,support,Académico,Actividad,TSK000137,Capacitación 2 Revisión Pantalla de valoraciones Inquietudes,1.0,2025-10-01,2025-10-01,true,Hecho,Alto,Carmen Donoso,N/A,9 a 10am,support:ACT-75,,,,,,,,,,,,,,,,,,,,,,,,,,,,,,,"{""B"": ""Colegio Gimnasio del Saber"", ""C"": ""Capacitación 2 Revisión Pantalla de valoraciones Inquietudes "", ""D"": ""1.0"", ""E"": ""45931.0"", ""F"": true, ""G"": ""45931.0"", ""H"": ""Hecho"", ""I"": ""Alto"", ""J"": ""N/A"", ""K"": ""Carmen Donoso"", ""L"": ""9 a 10am""}","{""J"": ""if(or(F153=TRUE,G153>0,H153=\""Done\"",isblank(E153)),\""N/A\"",if($B$5<=E153,\""N/A\"",\""Overdue\""))""}",support,TASK_BELONGS_TO_PROJECT_TEMPLATE,HISTORICAL_TASK_BOUND_TO_PROJECT_TEMPLATE_NOT_TEMPLATE_ACTIVITY,,
tareas,TSK000138,task,✅Lista de Tareas,154,PRJ0004,Corp.Edu Dr. Amin Ariza,Corp.Edu Dr. Amin Ariza,Implementación,Campuspack,implementation_campuspack,Reuniones y coordinación,Actividad,TSK000138,"Programar acompañamientos los días 22,23,24 de septiembre",2.0,2025-09-08,2025-09-17,true,Hecho,Alto,Karina Porras,N/A,,implementation_campuspack:ACT-55,,,,,,,,,,,,,,,,,,,,,,,,,,,,,,,"{""B"": ""Corp.Edu Dr. Amin Ariza"", ""C"": ""Programar acompañamientos los días 22,23,24 de septiembre"", ""D"": ""2.0"", ""E"": ""45908.0"", ""F"": true, ""G"": ""45917.0"", ""H"": ""Hecho"", ""I"": ""Alto"", ""J"": ""N/A"", ""K"": ""Karina Porras""}","{""J"": """"}",implementation_campuspack,TASK_BELONGS_TO_PROJECT_TEMPLATE,HISTORICAL_TASK_BOUND_TO_PROJECT_TEMPLATE_NOT_TEMPLATE_ACTIVITY,,
tareas,TSK000139,task,✅Lista de Tareas,155,PRJ0017,Nuevo colegio del Prado,Nuevo colegio del Prado,Soporte,Schoolpack,support,Financiero,Actividad,TSK000139,Mensaje recordatorio de pago por edad de cartera,1.0,2025-09-08,2025-09-26,true,Hecho,Medio,Jhoec Camayo,N/A,"Pendiente SAC, sesión la otra semana ",support:ACT-76,,,,,,,,,,,,,,,,,,,,,,,,,,,,,,,"{""B"": ""Nuevo colegio del Prado"", ""C"": ""Mensaje recordatorio de pago por edad de cartera"", ""D"": ""1.0"", ""E"": ""45908.0"", ""F"": true, ""G"": ""45926.0"", ""H"": ""Hecho"", ""I"": ""Medio"", ""J"": ""N/A"", ""K"": ""Jhoec Camayo"", ""L"": ""Pendiente SAC, sesión la otra semana ""}","{""J"": """"}",support,TASK_BELONGS_TO_PROJECT_TEMPLATE,HISTORICAL_TASK_BOUND_TO_PROJECT_TEMPLATE_NOT_TEMPLATE_ACTIVITY,,
tareas,TSK000140,task,✅Lista de Tareas,156,PRJ0017,Nuevo colegio del Prado,Nuevo colegio del Prado,Soporte,Schoolpack,support,Financiero,Actividad,TSK000140,"Documentación del tablero con indicadores financieros (Morosidad, índice de recaudo, recambio de alumnos, ingresos)",1.0,2025-09-08,2025-09-26,true,Hecho,Medio,Jhoec Camayo,N/A,Empieza la siguiente llamada,support:ACT-77,,,,,,,,,,,,,,,,,,,,,,,,,,,,,,,"{""B"": ""Nuevo colegio del Prado"", ""C"": ""Documentación del tablero con indicadores financieros (Morosidad, índice de recaudo, recambio de alumnos, ingresos)"", ""D"": ""1.0"", ""E"": ""45908.0"", ""F"": true, ""G"": ""45926.0"", ""H"": ""Hecho"", ""I"": ""Medio"", ""J"": ""N/A"", ""K"": ""Jhoec Camayo"", ""L"": ""Empieza la siguiente llamada""}","{""J"": """"}",support,TASK_BELONGS_TO_PROJECT_TEMPLATE,HISTORICAL_TASK_BOUND_TO_PROJECT_TEMPLATE_NOT_TEMPLATE_ACTIVITY,,
tareas,TSK000141,task,✅Lista de Tareas,157,PRJ0017,Nuevo colegio del Prado,Nuevo colegio del Prado,Soporte,Schoolpack,support,Otros,Actividad,TSK000141,Sesión con el cliente,1.0,2025-09-15,2025-09-30,true,Hecho,Alto,Geraldine Araque,,ya quedop programada para el dia martes ,support:ACT-78,,,,,,,,,,,,,,,,,,,,,,,,,,,,,,,"{""B"": ""Nuevo colegio del Prado"", ""C"": ""Sesión con el cliente"", ""D"": ""1.0"", ""E"": ""45915.0"", ""F"": true, ""G"": ""45930.0"", ""H"": ""Hecho"", ""I"": ""Alto"", ""K"": ""Geraldine Araque"", ""L"": ""ya quedop programada para el dia martes ""}",{},support,TASK_BELONGS_TO_PROJECT_TEMPLATE,HISTORICAL_TASK_BOUND_TO_PROJECT_TEMPLATE_NOT_TEMPLATE_ACTIVITY,,
tareas,TSK000142,task,✅Lista de Tareas,158,PRJ0017,Nuevo colegio del Prado,Nuevo colegio del Prado,Soporte,Schoolpack,support,Financiero,Actividad,TSK000142,Correo de ingresos diarios para Guillermo (Financiero),1.0,2025-09-08,2025-09-26,true,Hecho,Medio,Jhoec Camayo,N/A,,support:ACT-79,,,,,,,,,,,,,,,,,,,,,,,,,,,,,,,"{""B"": ""Nuevo colegio del Prado"", ""C"": ""Correo de ingresos diarios para Guillermo (Financiero)"", ""D"": ""1.0"", ""E"": ""45908.0"", ""F"": true, ""G"": ""45926.0"", ""H"": ""Hecho"", ""I"": ""Medio"", ""J"": ""N/A"", ""K"": ""Jhoec Camayo""}","{""J"": ""if(or(F158=TRUE,G158>0,H158=\""Done\"",isblank(E158)),\""N/A\"",if($B$5<=E158,\""N/A\"",\""Overdue\""))""}",support,TASK_BELONGS_TO_PROJECT_TEMPLATE,HISTORICAL_TASK_BOUND_TO_PROJECT_TEMPLATE_NOT_TEMPLATE_ACTIVITY,,
tareas,TSK000143,task,✅Lista de Tareas,159,PRJ0017,Nuevo colegio del Prado,Nuevo colegio del Prado,Soporte,Schoolpack,support,Otros,Actividad,TSK000143,Impresión etiqueta gris plata,1.0,2025-09-08,2025-09-26,true,Hecho,Medio,Jhoec Camayo,N/A,Para activos fijos (Tema de Cesar y Don Guille) ,support:ACT-80,,,,,,,,,,,,,,,,,,,,,,,,,,,,,,,"{""B"": ""Nuevo colegio del Prado"", ""C"": ""Impresión etiqueta gris plata"", ""D"": ""1.0"", ""E"": ""45908.0"", ""F"": true, ""G"": ""45926.0"", ""H"": ""Hecho"", ""I"": ""Medio"", ""J"": ""N/A"", ""K"": ""Jhoec Camayo"", ""L"": ""Para activos fijos (Tema de Cesar y Don Guille) ""}","{""J"": """"}",support,TASK_BELONGS_TO_PROJECT_TEMPLATE,HISTORICAL_TASK_BOUND_TO_PROJECT_TEMPLATE_NOT_TEMPLATE_ACTIVITY,,
tareas,TSK000144,task,✅Lista de Tareas,160,PRJ0017,Nuevo colegio del Prado,Nuevo colegio del Prado,Soporte,Schoolpack,support,Acompañamiento / Seguimiento,Actividad,TSK000144,Sesión de resolución de dudas recursos físicos,1.0,2025-09-08,2025-09-30,true,Hecho,Medio,Geraldine Araque,N/A,Enviar manual del proceso,support:ACT-81,,,,,,,,,,,,,,,,,,,,,,,,,,,,,,,"{""B"": ""Nuevo colegio del Prado"", ""C"": ""Sesión de resolución de dudas recursos físicos"", ""D"": ""1.0"", ""E"": ""45908.0"", ""F"": true, ""G"": ""45930.0"", ""H"": ""Hecho"", ""I"": ""Medio"", ""J"": ""N/A"", ""K"": ""Geraldine Araque"", ""L"": ""Enviar manual del proceso""}","{""J"": """"}",support,TASK_BELONGS_TO_PROJECT_TEMPLATE,HISTORICAL_TASK_BOUND_TO_PROJECT_TEMPLATE_NOT_TEMPLATE_ACTIVITY,,
tareas,TSK000145,task,✅Lista de Tareas,161,PRJ0002,Fundación Incolmotos Yamaha,Fundación Incolmotos Yamaha,Soporte,Campuspack,support,Documentación / Actas / Entrega,Actividad,TSK000145,ACTAS TODOS LOS PROCESOS,4.0,2025-09-08,2025-09-12,true,Hecho,Urgente,Carmen Donoso,N/A,Se enviaron por correo,support:ACT-82,,,,,,,,,,,,,,,,,,,,,,,,,,,,,,,"{""B"": ""Fundación Incolmotos Yamaha"", ""C"": ""ACTAS TODOS LOS PROCESOS"", ""D"": ""4.0"", ""E"": ""45908.0"", ""F"": true, ""G"": ""45912.0"", ""H"": ""Hecho"", ""I"": ""Urgente"", ""J"": ""N/A"", ""K"": ""Carmen Donoso"", ""L"": ""Se enviaron por correo""}","{""J"": """"}",support,TASK_BELONGS_TO_PROJECT_TEMPLATE,HISTORICAL_TASK_BOUND_TO_PROJECT_TEMPLATE_NOT_TEMPLATE_ACTIVITY,,
tareas,TSK000146,task,✅Lista de Tareas,162,PRJ0017,Nuevo colegio del Prado,Nuevo colegio del Prado,Soporte,Schoolpack,support,Financiero,Actividad,TSK000146,"Cotización de desarrollos : Mensaje recordatorio de pago por edad de cartera, Documentación del tablero con indicadores financieros, Impresión etiqueta gris plata, ENVIO DE LA OSE",1.0,2025-09-29,2025-09-29,true,Hecho,Medio,Jhoec Camayo,,SE CREARON 2 OSE,support:ACT-83,,,,,,,,,,,,,,,,,,,,,,,,,,,,,,,"{""B"": ""Nuevo colegio del Prado"", ""C"": ""Cotización de desarrollos : Mensaje recordatorio de pago por edad de cartera, Documentación del tablero con indicadores financieros, Impresión etiqueta gris plata, ENVIO DE LA OSE"", ""D"": ""1.0"", ""E"": ""45929.0"", ""F"": true, ""G"": ""45929.0"", ""H"": ""Hecho"", ""I"": ""Medio"", ""K"": ""Jhoec Camayo"", ""L"": ""SE CREARON 2 OSE""}",{},support,TASK_BELONGS_TO_PROJECT_TEMPLATE,HISTORICAL_TASK_BOUND_TO_PROJECT_TEMPLATE_NOT_TEMPLATE_ACTIVITY,,
tareas,TSK000147,task,✅Lista de Tareas,163,PRJ0027,Casa sobre la Roca - Nuevo Gimnasio Cristiano,Casa sobre la Roca - Nuevo Gimnasio Cristiano,Soporte,Schoolpack,support,Reuniones y coordinación,Actividad,TSK000147,Sesión 2: Academica (Socialización a migración de la nueva pantalla),3.0,2026-01-26,2026-01-26,true,Hecho,Alto,Carmen Donoso,N/A,reunioon lunes a medio día,support:ACT-84,,,,,,,,,,,,,,,,,,,,,,,,,,,,,,,"{""B"": ""Casa sobre la Roca - Nuevo Gimnasio Cristiano"", ""C"": ""Sesión 2: Academica (Socialización a migración de la nueva pantalla)"", ""D"": ""3.0"", ""E"": ""46048.0"", ""F"": true, ""G"": ""46048.0"", ""H"": ""Hecho"", ""I"": ""Alto"", ""J"": ""N/A"", ""K"": ""Carmen Donoso"", ""L"": ""reunioon lunes a medio día""}","{""J"": ""if(or(F163=TRUE,G163>0,H163=\""Done\"",isblank(E163)),\""N/A\"",if($B$5<=E163,\""N/A\"",\""Overdue\""))""}",support,TASK_BELONGS_TO_PROJECT_TEMPLATE,HISTORICAL_TASK_BOUND_TO_PROJECT_TEMPLATE_NOT_TEMPLATE_ACTIVITY,,
tareas,TSK000148,task,✅Lista de Tareas,164,PRJ0043,Upwaresoft,Upwaresoft,Soporte,Implementado,support,Financiero,Actividad,TSK000148,Pruebas doble responsable financiero: COMFABOY-CAJA DE COMPENSACIÓN FAMILIAR DE BOYACÁ,2.0,2025-09-09,2025-09-19,true,Hecho,Alto,Sebastian Ballesteros,N/A,Aumenta el tiempo de Desarrollo,support:ACT-85,,,,,,,,,,,,,,,,,,,,,,,,,,,,,,,"{""B"": ""Upwaresoft"", ""C"": ""Pruebas doble responsable financiero: COMFABOY-CAJA DE COMPENSACIÓN FAMILIAR DE BOYACÁ"", ""D"": ""2.0"", ""E"": ""45909.0"", ""F"": true, ""G"": ""45919.0"", ""H"": ""Hecho"", ""I"": ""Alto"", ""J"": ""N/A"", ""K"": ""Sebastian Ballesteros"", ""L"": ""Aumenta el tiempo de Desarrollo""}","{""J"": """"}",support,TASK_BELONGS_TO_PROJECT_TEMPLATE,HISTORICAL_TASK_BOUND_TO_PROJECT_TEMPLATE_NOT_TEMPLATE_ACTIVITY,,
tareas,TSK000149,task,✅Lista de Tareas,165,PRJ0010,Colsubsidio - Respaldo Schoolpack,Colsubsidio - Respaldo Schoolpack,Soporte,Respaldo Schoolpack,support,Desarrollos a la medida,Actividad,TSK000149,"Entrega del Desarrollo Integral de exportación de datos - 
Colsubsidio",0.0,2026-01-07,2026-01-07,false,En progreso,Alto,Desarrollo,N/A,,support:ACT-86,,,,,,,,,,,,,,,,,,,,,,,,,,,,,,,"{""B"": ""Colsubsidio - Respaldo Schoolpack"", ""C"": ""Entrega del Desarrollo Integral de exportación de datos - \nColsubsidio"", ""D"": ""0.0"", ""E"": ""46029.0"", ""F"": false, ""G"": ""46029.0"", ""H"": ""En progreso"", ""I"": ""Alto"", ""J"": ""N/A"", ""K"": ""Desarrollo""}","{""J"": """"}",support,TASK_BELONGS_TO_PROJECT_TEMPLATE,HISTORICAL_TASK_BOUND_TO_PROJECT_TEMPLATE_NOT_TEMPLATE_ACTIVITY,,
tareas,TSK000150,task,✅Lista de Tareas,166,PRJ0006,Liceo Paternina,Liceo Paternina,Soporte,Schoolpack,support,Admisiones,Actividad,TSK000150,Capacitación Admisiones y Matriculas Web Sesión 1,2.0,2025-09-12,2025-09-12,true,Hecho,Alto,Carmen Donoso,N/A,10:30 a 1,support:ACT-87,,,,,,,,,,,,,,,,,,,,,,,,,,,,,,,"{""B"": ""Liceo Paternina"", ""C"": ""Capacitación Admisiones y Matriculas Web Sesión 1 "", ""D"": ""2.0"", ""E"": ""45912.0"", ""F"": true, ""G"": ""45912.0"", ""H"": ""Hecho"", ""I"": ""Alto"", ""J"": ""N/A"", ""K"": ""Carmen Donoso"", ""L"": ""10:30 a 1""}","{""J"": """"}",support,TASK_BELONGS_TO_PROJECT_TEMPLATE,HISTORICAL_TASK_BOUND_TO_PROJECT_TEMPLATE_NOT_TEMPLATE_ACTIVITY,,
tareas,TSK000151,task,✅Lista de Tareas,167,PRJ0020,Comfaboy,Comfaboy,Soporte,Schoolpack,support,Matrículas,Actividad,TSK000151,"Configuración de matriculas en cada colegio (Tunja, Chiquinquira y Sogamoso), Configuración recibo en producción",3.0,2025-10-21,2025-11-26,true,Hecho,Alto,Sebastian Ballesteros,,Pendiente confirmación de mesa tecnica del cliente ,support:ACT-88,,,,,,,,,,,,,,,,,,,,,,,,,,,,,,,"{""B"": ""Comfaboy"", ""C"": ""Configuración de matriculas en cada colegio (Tunja, Chiquinquira y Sogamoso), Configuración recibo en producción"", ""D"": ""3.0"", ""E"": ""45951.0"", ""F"": true, ""G"": ""45987.0"", ""H"": ""Hecho"", ""I"": ""Alto"", ""K"": ""Sebastian Ballesteros"", ""L"": ""Pendiente confirmación de mesa tecnica del cliente ""}",{},support,TASK_BELONGS_TO_PROJECT_TEMPLATE,HISTORICAL_TASK_BOUND_TO_PROJECT_TEMPLATE_NOT_TEMPLATE_ACTIVITY,,
tareas,TSK000152,task,✅Lista de Tareas,168,PRJ0017,Nuevo colegio del Prado,Nuevo colegio del Prado,Soporte,Schoolpack,support,Otros,Actividad,TSK000152,Caracterizacion de la nueva pantalla de valoración,3.0,2025-09-08,2025-09-08,true,Hecho,Alto,Carmen Donoso,N/A,,support:ACT-89,,,,,,,,,,,,,,,,,,,,,,,,,,,,,,,"{""B"": ""Nuevo colegio del Prado"", ""C"": ""Caracterizacion de la nueva pantalla de valoración "", ""D"": ""3.0"", ""E"": ""45908.0"", ""F"": true, ""G"": ""45908.0"", ""H"": ""Hecho"", ""I"": ""Alto"", ""J"": ""N/A"", ""K"": ""Carmen Donoso""}","{""J"": ""if(or(F168=TRUE,G168>0,H168=\""Done\"",isblank(E168)),\""N/A\"",if($B$5<=E168,\""N/A\"",\""Overdue\""))""}",support,TASK_BELONGS_TO_PROJECT_TEMPLATE,HISTORICAL_TASK_BOUND_TO_PROJECT_TEMPLATE_NOT_TEMPLATE_ACTIVITY,,
tareas,TSK000153,task,✅Lista de Tareas,169,PRJ0017,Nuevo colegio del Prado,Nuevo colegio del Prado,Soporte,Schoolpack,support,Capacitación,Actividad,TSK000153,Capacitación de docentes,2.0,2025-09-16,2025-09-16,true,Hecho,Medio,Carmen Donoso,N/A,,support:ACT-90,,,,,,,,,,,,,,,,,,,,,,,,,,,,,,,"{""B"": ""Nuevo colegio del Prado"", ""C"": ""Capacitación de docentes "", ""D"": ""2.0"", ""E"": ""45916.0"", ""F"": true, ""G"": ""45916.0"", ""H"": ""Hecho"", ""I"": ""Medio"", ""J"": ""N/A"", ""K"": ""Carmen Donoso""}","{""J"": """"}",support,TASK_BELONGS_TO_PROJECT_TEMPLATE,HISTORICAL_TASK_BOUND_TO_PROJECT_TEMPLATE_NOT_TEMPLATE_ACTIVITY,,
tareas,TSK000154,task,✅Lista de Tareas,170,PRJ0018,Colegio Gimnasio del Saber,Colegio Gimnasio del Saber,Soporte,Schoolpack,support,Otros,Actividad,TSK000154,Precisar modulos del licenciamiento actual,2.0,2025-09-29,2025-10-01,true,Hecho,Alto,Carmen Donoso,N/A,,support:ACT-91,,,,,,,,,,,,,,,,,,,,,,,,,,,,,,,"{""B"": ""Colegio Gimnasio del Saber"", ""C"": ""Precisar modulos del licenciamiento actual"", ""D"": ""2.0"", ""E"": ""45929.0"", ""F"": true, ""G"": ""45931.0"", ""H"": ""Hecho"", ""I"": ""Alto"", ""J"": ""N/A"", ""K"": ""Carmen Donoso""}","{""J"": """"}",support,TASK_BELONGS_TO_PROJECT_TEMPLATE,HISTORICAL_TASK_BOUND_TO_PROJECT_TEMPLATE_NOT_TEMPLATE_ACTIVITY,,
tareas,TSK000155,task,✅Lista de Tareas,171,PRJ0013,Aspaen,Aspaen,Soporte,Schoolpack,support,Otros,Actividad,TSK000155,85537 - WS para información a sistema de entrevistas DAIP: 1er y 2do WS,1.0,2025-09-30,2025-11-06,true,Hecho,Medio,Jhoec Camayo,N/A,se entreg+o el 5 de noviembre el web service de aspaen por medio del equipo de desarrollo,support:ACT-92,,,,,,,,,,,,,,,,,,,,,,,,,,,,,,,"{""B"": ""Aspaen"", ""C"": ""85537 - WS para información a sistema de entrevistas DAIP: 1er y 2do WS "", ""D"": ""1.0"", ""E"": ""45930.0"", ""F"": true, ""G"": ""45967.0"", ""H"": ""Hecho"", ""I"": ""Medio"", ""J"": ""N/A"", ""K"": ""Jhoec Camayo"", ""L"": ""se entreg+o el 5 de noviembre el web service de aspaen por medio del equipo de desarrollo""}","{""J"": """"}",support,TASK_BELONGS_TO_PROJECT_TEMPLATE,HISTORICAL_TASK_BOUND_TO_PROJECT_TEMPLATE_NOT_TEMPLATE_ACTIVITY,,
tareas,TSK000156,task,✅Lista de Tareas,172,PRJ0020,Comfaboy,Comfaboy,Soporte,Schoolpack,support,Matrículas,Actividad,TSK000156,PRIORITARIO: Capacitación Proceso matriculas y entrega en producción,6.0,2025-11-07,2025-11-20,true,Hecho,Urgente,Jhoec Camayo,,Pendiente Sogamoso y Chiquinquira en producción,support:ACT-93,,,,,,,,,,,,,,,,,,,,,,,,,,,,,,,"{""B"": ""Comfaboy"", ""C"": ""PRIORITARIO: Capacitación Proceso matriculas y entrega en producción "", ""D"": ""6.0"", ""E"": ""45968.0"", ""F"": true, ""G"": ""45981.0"", ""H"": ""Hecho"", ""I"": ""Urgente"", ""K"": ""Jhoec Camayo"", ""L"": ""Pendiente Sogamoso y Chiquinquira en producción""}",{},support,TASK_BELONGS_TO_PROJECT_TEMPLATE,HISTORICAL_TASK_BOUND_TO_PROJECT_TEMPLATE_NOT_TEMPLATE_ACTIVITY,,
tareas,TSK000157,task,✅Lista de Tareas,173,PRJ0020,Comfaboy,Comfaboy,Soporte,Schoolpack,support,Matrículas,Actividad,TSK000157,Revisión y aprobación de los reportes de matricula,2.0,2025-10-08,2025-10-09,true,Hecho,Alto,Jhoec Camayo,N/A,,support:ACT-94,,,,,,,,,,,,,,,,,,,,,,,,,,,,,,,"{""B"": ""Comfaboy"", ""C"": ""Revisión y aprobación de los reportes de matricula"", ""D"": ""2.0"", ""E"": ""45938.0"", ""F"": true, ""G"": ""45939.0"", ""H"": ""Hecho"", ""I"": ""Alto"", ""J"": ""N/A"", ""K"": ""Jhoec Camayo""}","{""J"": ""if(or(F173=TRUE,G173>0,H173=\""Done\"",isblank(E173)),\""N/A\"",if($B$5<=E173,\""N/A\"",\""Overdue\""))""}",support,TASK_BELONGS_TO_PROJECT_TEMPLATE,HISTORICAL_TASK_BOUND_TO_PROJECT_TEMPLATE_NOT_TEMPLATE_ACTIVITY,,
tareas,TSK000158,task,✅Lista de Tareas,174,PRJ0001,Academia MISI,Academia MISI,Implementación,Campuspack,implementation_campuspack,Configuración / Parametrización,Actividad,TSK000158,Sesión Configuración Correo electronico retrasmisión,2.0,2025-11-13,2025-11-14,true,Hecho,Alto,Geraldine Araque,N/A,10:30am,implementation_campuspack:ACT-56,,,,,,,,,,,,,,,,,,,,,,,,,,,,,,,"{""B"": ""Academia MISI"", ""C"": ""Sesión Configuración Correo electronico retrasmisión "", ""D"": ""2.0"", ""E"": ""45974.0"", ""F"": true, ""G"": ""45975.0"", ""H"": ""Hecho"", ""I"": ""Alto"", ""J"": ""N/A"", ""K"": ""Geraldine Araque"", ""L"": ""10:30am""}","{""J"": """"}",implementation_campuspack,TASK_BELONGS_TO_PROJECT_TEMPLATE,HISTORICAL_TASK_BOUND_TO_PROJECT_TEMPLATE_NOT_TEMPLATE_ACTIVITY,,
tareas,TSK000159,task,✅Lista de Tareas,175,PRJ0023,Contraloria,Contraloria,Soporte,Schoolpack,support,Matrículas,Actividad,TSK000159,Sesión de Capacitación de Matriculas automatizada en producción - Firma electronica,2.0,2025-11-14,2025-11-19,true,Hecho,Alto,Jhoec Camayo,,12pm,support:ACT-95,,,,,,,,,,,,,,,,,,,,,,,,,,,,,,,"{""B"": ""Contraloria"", ""C"": ""Sesión de Capacitación de Matriculas automatizada en producción - Firma electronica"", ""D"": ""2.0"", ""E"": ""45975.0"", ""F"": true, ""G"": ""45980.0"", ""H"": ""Hecho"", ""I"": ""Alto"", ""K"": ""Jhoec Camayo"", ""L"": ""12pm""}",{},support,TASK_BELONGS_TO_PROJECT_TEMPLATE,HISTORICAL_TASK_BOUND_TO_PROJECT_TEMPLATE_NOT_TEMPLATE_ACTIVITY,,
tareas,TSK000160,task,✅Lista de Tareas,176,PRJ0020,Comfaboy,Comfaboy,Soporte,Schoolpack,support,Matrículas,Actividad,TSK000160,Sesión de definición reportes de matriculas y cantidad de firmas,2.0,2025-10-09,2025-10-10,true,Hecho,Urgente,Jhoec Camayo,,,support:ACT-96,,,,,,,,,,,,,,,,,,,,,,,,,,,,,,,"{""B"": ""Comfaboy"", ""C"": ""Sesión de definición reportes de matriculas y cantidad de firmas"", ""D"": ""2.0"", ""E"": ""45939.0"", ""F"": true, ""G"": ""45940.0"", ""H"": ""Hecho"", ""I"": ""Urgente"", ""K"": ""Jhoec Camayo""}",{},support,TASK_BELONGS_TO_PROJECT_TEMPLATE,HISTORICAL_TASK_BOUND_TO_PROJECT_TEMPLATE_NOT_TEMPLATE_ACTIVITY,,
tareas,TSK000161,task,✅Lista de Tareas,177,PRJ0013,Aspaen,Aspaen,Soporte,Schoolpack,support,Otros,Actividad,TSK000161,"85499 - Cotización: Mejoras al pat y preceptoria, enviar ODS",1.0,2025-09-09,2025-09-09,true,Hecho,Alto,Jhoec Camayo,N/A,se envio la ose a Sandy para aprobación y envio al cliente,support:ACT-97,,,,,,,,,,,,,,,,,,,,,,,,,,,,,,,"{""B"": ""Aspaen"", ""C"": ""85499 - Cotización: Mejoras al pat y preceptoria, enviar ODS"", ""D"": ""1.0"", ""E"": ""45909.0"", ""F"": true, ""G"": ""45909.0"", ""H"": ""Hecho"", ""I"": ""Alto"", ""J"": ""N/A"", ""K"": ""Jhoec Camayo"", ""L"": ""se envio la ose a Sandy para aprobación y envio al cliente""}","{""J"": ""if(or(F177=TRUE,G177>0,H177=\""Done\"",isblank(E177)),\""N/A\"",if($B$5<=E177,\""N/A\"",\""Overdue\""))""}",support,TASK_BELONGS_TO_PROJECT_TEMPLATE,HISTORICAL_TASK_BOUND_TO_PROJECT_TEMPLATE_NOT_TEMPLATE_ACTIVITY,,
tareas,TSK000162,task,✅Lista de Tareas,178,PRJ0002,Fundación Incolmotos Yamaha,Fundación Incolmotos Yamaha,Soporte,Campuspack,support,Admisiones,Actividad,TSK000162,Capacitación Admisiones Sesión 2,1.0,2025-09-16,2025-09-16,true,Hecho,Alto,Carmen Donoso,N/A,1-2pm hecho,support:ACT-98,,,,,,,,,,,,,,,,,,,,,,,,,,,,,,,"{""B"": ""Fundación Incolmotos Yamaha"", ""C"": ""Capacitación Admisiones Sesión 2 "", ""D"": ""1.0"", ""E"": ""45916.0"", ""F"": true, ""G"": ""45916.0"", ""H"": ""Hecho"", ""I"": ""Alto"", ""J"": ""N/A"", ""K"": ""Carmen Donoso"", ""L"": ""1-2pm hecho""}","{""J"": """"}",support,TASK_BELONGS_TO_PROJECT_TEMPLATE,HISTORICAL_TASK_BOUND_TO_PROJECT_TEMPLATE_NOT_TEMPLATE_ACTIVITY,,
tareas,TSK000163,task,✅Lista de Tareas,179,PRJ0043,Upwaresoft,Upwaresoft,Soporte,Implementado,support,Reuniones y coordinación,Actividad,TSK000163,Reunión virtual Gimnasio del Saber Cierre de año y mejoras del aplicativo,2.0,2025-09-25,2025-09-25,true,Hecho,Alto,Karina Porras,N/A,Miercoles 24 Sept 8 a 9:30am,support:ACT-99,,,,,,,,,,,,,,,,,,,,,,,,,,,,,,,"{""B"": ""Upwaresoft"", ""C"": ""Reunión virtual Gimnasio del Saber Cierre de año y mejoras del aplicativo"", ""D"": ""2.0"", ""E"": ""45925.0"", ""F"": true, ""G"": ""45925.0"", ""H"": ""Hecho"", ""I"": ""Alto"", ""J"": ""N/A"", ""K"": ""Karina Porras"", ""L"": ""Miercoles 24 Sept 8 a 9:30am""}","{""J"": """"}",support,TASK_BELONGS_TO_PROJECT_TEMPLATE,HISTORICAL_TASK_BOUND_TO_PROJECT_TEMPLATE_NOT_TEMPLATE_ACTIVITY,,
tareas,TSK000164,task,✅Lista de Tareas,180,PRJ0043,Upwaresoft,Upwaresoft,Soporte,Implementado,support,Otros,Actividad,TSK000164,Invitación Comunidad Franciscana,1.0,2025-09-17,2025-09-17,true,Hecho,Urgente,Karina Porras,N/A,,support:ACT-100,,,,,,,,,,,,,,,,,,,,,,,,,,,,,,,"{""B"": ""Upwaresoft"", ""C"": ""Invitación Comunidad Franciscana"", ""D"": ""1.0"", ""E"": ""45917.0"", ""F"": true, ""G"": ""45917.0"", ""H"": ""Hecho"", ""I"": ""Urgente"", ""J"": ""N/A"", ""K"": ""Karina Porras""}","{""J"": """"}",support,TASK_BELONGS_TO_PROJECT_TEMPLATE,HISTORICAL_TASK_BOUND_TO_PROJECT_TEMPLATE_NOT_TEMPLATE_ACTIVITY,,
tareas,TSK000165,task,✅Lista de Tareas,181,PRJ0007,Seminario de Faca,Seminario de Faca,Soporte,Implementado,support,Integraciones,Actividad,TSK000165,Realización de ajustes Interfaz contable,0.0,2025-10-28,2026-05-14,false,En progreso,Medio,Sebastian Ballesteros,N/A,,support:ACT-101,,,,,,,,,,,,,,,,,,,,,,,,,,,,,,,"{""B"": ""Seminario de Faca"", ""C"": ""Realización de ajustes Interfaz contable"", ""D"": ""0.0"", ""E"": ""45958.0"", ""F"": false, ""G"": ""46156.0"", ""H"": ""En progreso"", ""I"": ""Medio"", ""J"": ""N/A"", ""K"": ""Sebastian Ballesteros""}","{""J"": """"}",support,TASK_BELONGS_TO_PROJECT_TEMPLATE,HISTORICAL_TASK_BOUND_TO_PROJECT_TEMPLATE_NOT_TEMPLATE_ACTIVITY,,
tareas,TSK000166,task,✅Lista de Tareas,182,PRJ0020,Comfaboy,Comfaboy,Soporte,Schoolpack,support,Otros,Actividad,TSK000166,Envio de la OSE al cliente,0.0,2025-10-15,2025-10-15,true,Hecho,Urgente,Jhoec Camayo,,Una sola por todos los colegios a la Caja,support:ACT-102,,,,,,,,,,,,,,,,,,,,,,,,,,,,,,,"{""B"": ""Comfaboy"", ""C"": ""Envio de la OSE al cliente "", ""D"": ""0.0"", ""E"": ""45945.0"", ""F"": true, ""G"": ""45945.0"", ""H"": ""Hecho"", ""I"": ""Urgente"", ""K"": ""Jhoec Camayo"", ""L"": ""Una sola por todos los colegios a la Caja""}",{},support,TASK_BELONGS_TO_PROJECT_TEMPLATE,HISTORICAL_TASK_BOUND_TO_PROJECT_TEMPLATE_NOT_TEMPLATE_ACTIVITY,,
tareas,TSK000167,task,✅Lista de Tareas,183,PRJ0020,Comfaboy,Comfaboy,Soporte,Schoolpack,support,Firma electrónica,Actividad,TSK000167,Verificación FOR ADM firma electrónica,3.0,2025-10-17,2025-10-23,true,Hecho,Alto,Sebastian Ballesteros,,,support:ACT-103,,,,,,,,,,,,,,,,,,,,,,,,,,,,,,,"{""B"": ""Comfaboy"", ""C"": ""Verificación FOR ADM firma electrónica"", ""D"": ""3.0"", ""E"": ""45947.0"", ""F"": true, ""G"": ""45953.0"", ""H"": ""Hecho"", ""I"": ""Alto"", ""K"": ""Sebastian Ballesteros""}",{},support,TASK_BELONGS_TO_PROJECT_TEMPLATE,HISTORICAL_TASK_BOUND_TO_PROJECT_TEMPLATE_NOT_TEMPLATE_ACTIVITY,,
tareas,TSK000168,task,✅Lista de Tareas,184,PRJ0020,Comfaboy,Comfaboy,Soporte,Schoolpack,support,Matrículas,Actividad,TSK000168,Hacer Checklist de matriculas para el cierre de año,2.0,2025-10-20,2025-10-23,true,Hecho,Alto,Sebastian Ballesteros,,,support:ACT-104,,,,,,,,,,,,,,,,,,,,,,,,,,,,,,,"{""B"": ""Comfaboy"", ""C"": ""Hacer Checklist de matriculas para el cierre de año "", ""D"": ""2.0"", ""E"": ""45950.0"", ""F"": true, ""G"": ""45953.0"", ""H"": ""Hecho"", ""I"": ""Alto"", ""K"": ""Sebastian Ballesteros""}",{},support,TASK_BELONGS_TO_PROJECT_TEMPLATE,HISTORICAL_TASK_BOUND_TO_PROJECT_TEMPLATE_NOT_TEMPLATE_ACTIVITY,,
tareas,TSK000169,task,✅Lista de Tareas,185,PRJ0020,Comfaboy,Comfaboy,Soporte,Schoolpack,support,Firma electrónica,Actividad,TSK000169,Configuración de firma electrónica (Tenant),3.0,2025-10-20,2025-10-24,true,Hecho,Alto,Jhoec Camayo,,Sesión hoy 31OCT,support:ACT-105,,,,,,,,,,,,,,,,,,,,,,,,,,,,,,,"{""B"": ""Comfaboy"", ""C"": ""Configuración de firma electrónica (Tenant) "", ""D"": ""3.0"", ""E"": ""45950.0"", ""F"": true, ""G"": ""45954.0"", ""H"": ""Hecho"", ""I"": ""Alto"", ""K"": ""Jhoec Camayo"", ""L"": ""Sesión hoy 31OCT""}",{},support,TASK_BELONGS_TO_PROJECT_TEMPLATE,HISTORICAL_TASK_BOUND_TO_PROJECT_TEMPLATE_NOT_TEMPLATE_ACTIVITY,,
tareas,TSK000170,task,✅Lista de Tareas,186,PRJ0020,Comfaboy,Comfaboy,Soporte,Schoolpack,support,Matrículas,Actividad,TSK000170,85549 - Desarrollo de las plantillas de matriculas,4.0,2025-10-21,2025-10-27,true,Hecho,Alto,Jhoec Camayo,N/A,se haran el día viernes 7 de nov y lunes 10 de nov,support:ACT-106,,,,,,,,,,,,,,,,,,,,,,,,,,,,,,,"{""B"": ""Comfaboy"", ""C"": ""85549 - Desarrollo de las plantillas de matriculas"", ""D"": ""4.0"", ""E"": ""45951.0"", ""F"": true, ""G"": ""45957.0"", ""H"": ""Hecho"", ""I"": ""Alto"", ""J"": ""N/A"", ""K"": ""Jhoec Camayo"", ""L"": ""se haran el día viernes 7 de nov y lunes 10 de nov""}","{""J"": ""if(or(F186=TRUE,G186>0,H186=\""Done\"",isblank(E186)),\""N/A\"",if($B$5<=E186,\""N/A\"",\""Overdue\""))""}",support,TASK_BELONGS_TO_PROJECT_TEMPLATE,HISTORICAL_TASK_BOUND_TO_PROJECT_TEMPLATE_NOT_TEMPLATE_ACTIVITY,,
tareas,TSK000171,task,✅Lista de Tareas,187,PRJ0001,Academia MISI,Academia MISI,Implementación,Campuspack,implementation_campuspack,Configuración / Parametrización,Actividad,TSK000171,Configuración y paso a producción,2.0,2025-11-19,2025-11-19,true,Hecho,Alto,Carmen Donoso,N/A,1:30pm,implementation_campuspack:ACT-57,,,,,,,,,,,,,,,,,,,,,,,,,,,,,,,"{""B"": ""Academia MISI"", ""C"": ""Configuración y paso a producción "", ""D"": ""2.0"", ""E"": ""45980.0"", ""F"": true, ""G"": ""45980.0"", ""H"": ""Hecho"", ""I"": ""Alto"", ""J"": ""N/A"", ""K"": ""Carmen Donoso"", ""L"": ""1:30pm""}","{""J"": """"}",implementation_campuspack,TASK_BELONGS_TO_PROJECT_TEMPLATE,HISTORICAL_TASK_BOUND_TO_PROJECT_TEMPLATE_NOT_TEMPLATE_ACTIVITY,,
tareas,TSK000172,task,✅Lista de Tareas,188,PRJ0018,Colegio Gimnasio del Saber,Colegio Gimnasio del Saber,Soporte,Schoolpack,support,Académico,Actividad,TSK000172,Capacitación Revisión Pantalla de valoraciones,1.0,2025-09-29,2025-09-29,true,Hecho,Alto,Carmen Donoso,N/A,8 a 9am,support:ACT-107,,,,,,,,,,,,,,,,,,,,,,,,,,,,,,,"{""B"": ""Colegio Gimnasio del Saber"", ""C"": ""Capacitación Revisión Pantalla de valoraciones"", ""D"": ""1.0"", ""E"": ""45929.0"", ""F"": true, ""G"": ""45929.0"", ""H"": ""Hecho"", ""I"": ""Alto"", ""J"": ""N/A"", ""K"": ""Carmen Donoso"", ""L"": ""8 a 9am""}","{""J"": """"}",support,TASK_BELONGS_TO_PROJECT_TEMPLATE,HISTORICAL_TASK_BOUND_TO_PROJECT_TEMPLATE_NOT_TEMPLATE_ACTIVITY,,
tareas,TSK000173,task,✅Lista de Tareas,189,PRJ0020,Comfaboy,Comfaboy,Soporte,Schoolpack,support,Documentación / Actas / Entrega,Actividad,TSK000173,Despliegue en sitio de producción y entrega al cliente,2.0,2025-10-29,2025-10-30,true,Hecho,Alto,Jhoec Camayo,N/A,,support:ACT-108,,,,,,,,,,,,,,,,,,,,,,,,,,,,,,,"{""B"": ""Comfaboy"", ""C"": ""Despliegue en sitio de producción y entrega al cliente "", ""D"": ""2.0"", ""E"": ""45959.0"", ""F"": true, ""G"": ""45960.0"", ""H"": ""Hecho"", ""I"": ""Alto"", ""J"": ""N/A"", ""K"": ""Jhoec Camayo""}","{""J"": """"}",support,TASK_BELONGS_TO_PROJECT_TEMPLATE,HISTORICAL_TASK_BOUND_TO_PROJECT_TEMPLATE_NOT_TEMPLATE_ACTIVITY,,
tareas,TSK000174,task,✅Lista de Tareas,190,PRJ0015,KIAI,KIAI,Soporte,Schoolpack,support,Integraciones,Actividad,TSK000174,"Integración Facturación electrónica (Ya construcción de Jason), Pruebas en postman y verificar que se cree en el entorno de KIAI",5.0,2026-03-26,2026-05-29,false,En progreso,Alto,Jhoec Camayo,N/A,Sesión con KIAI de prueba,support:ACT-109,,,,,,,,,,,,,,,,,,,,,,,,,,,,,,,"{""B"": ""KIAI"", ""C"": ""Integración Facturación electrónica (Ya construcción de Jason), Pruebas en postman y verificar que se cree en el entorno de KIAI  "", ""D"": ""5.0"", ""E"": ""46107.0"", ""F"": false, ""G"": ""46171.0"", ""H"": ""En progreso"", ""I"": ""Alto"", ""J"": ""N/A"", ""K"": ""Jhoec Camayo"", ""L"": ""Sesión con KIAI de prueba""}","{""J"": """"}",support,TASK_BELONGS_TO_PROJECT_TEMPLATE,HISTORICAL_TASK_BOUND_TO_PROJECT_TEMPLATE_NOT_TEMPLATE_ACTIVITY,,
tareas,TSK000175,task,✅Lista de Tareas,191,PRJ0008,Corazonistas,Corazonistas,Soporte,Implementado,support,Otros,Actividad,TSK000175,Plan de trabajo: Visitas a cada ciudad,3.0,2025-10-16,2025-10-20,true,Hecho,Medio,Karina Porras,N/A,,support:ACT-110,,,,,,,,,,,,,,,,,,,,,,,,,,,,,,,"{""B"": ""Corazonistas"", ""C"": ""Plan de trabajo: Visitas a cada ciudad"", ""D"": ""3.0"", ""E"": ""45946.0"", ""F"": true, ""G"": ""45950.0"", ""H"": ""Hecho"", ""I"": ""Medio"", ""J"": ""N/A"", ""K"": ""Karina Porras""}","{""J"": """"}",support,TASK_BELONGS_TO_PROJECT_TEMPLATE,HISTORICAL_TASK_BOUND_TO_PROJECT_TEMPLATE_NOT_TEMPLATE_ACTIVITY,,
tareas,TSK000176,task,✅Lista de Tareas,192,PRJ0008,Corazonistas,Corazonistas,Soporte,Implementado,support,Otros,Actividad,TSK000176,Visita Comunidad Corazonistas Barranquilla,6.0,2025-10-16,2025-10-16,true,Hecho,Alto,Carmen Donoso,N/A,,support:ACT-111,,,,,,,,,,,,,,,,,,,,,,,,,,,,,,,"{""B"": ""Corazonistas"", ""C"": ""Visita Comunidad Corazonistas Barranquilla"", ""D"": ""6.0"", ""E"": ""45946.0"", ""F"": true, ""G"": ""45946.0"", ""H"": ""Hecho"", ""I"": ""Alto"", ""J"": ""N/A"", ""K"": ""Carmen Donoso""}","{""J"": """"}",support,TASK_BELONGS_TO_PROJECT_TEMPLATE,HISTORICAL_TASK_BOUND_TO_PROJECT_TEMPLATE_NOT_TEMPLATE_ACTIVITY,,
tareas,TSK000177,task,✅Lista de Tareas,193,PRJ0001,Academia MISI,Academia MISI,Implementación,Campuspack,implementation_campuspack,Matrículas,Actividad,TSK000177,Sesión 2: Prueba integral proceso completo de pago matriculas - Realizar un pago en ambiente de producción,2.0,2025-11-27,2025-11-27,true,Hecho,Alto,Sebastian Ballesteros,N/A,11:30am a 1pm,implementation_campuspack:ACT-58,,,,,,,,,,,,,,,,,,,,,,,,,,,,,,,"{""B"": ""Academia MISI"", ""C"": ""Sesión 2: Prueba integral proceso completo de pago matriculas - Realizar un pago en ambiente de producción "", ""D"": ""2.0"", ""E"": ""45988.0"", ""F"": true, ""G"": ""45988.0"", ""H"": ""Hecho"", ""I"": ""Alto"", ""J"": ""N/A"", ""K"": ""Sebastian Ballesteros"", ""L"": ""11:30am a 1pm""}","{""J"": """"}",implementation_campuspack,TASK_BELONGS_TO_PROJECT_TEMPLATE,HISTORICAL_TASK_BOUND_TO_PROJECT_TEMPLATE_NOT_TEMPLATE_ACTIVITY,,
tareas,TSK000178,task,✅Lista de Tareas,194,PRJ0008,Corazonistas,Corazonistas,Soporte,Implementado,support,Otros,Actividad,TSK000178,Visita Comunidad Corazonistas Medellín,6.0,2025-10-17,2025-10-17,true,Hecho,Alto,Carmen Donoso,N/A,,support:ACT-112,,,,,,,,,,,,,,,,,,,,,,,,,,,,,,,"{""B"": ""Corazonistas"", ""C"": ""Visita Comunidad Corazonistas Medellín"", ""D"": ""6.0"", ""E"": ""45947.0"", ""F"": true, ""G"": ""45947.0"", ""H"": ""Hecho"", ""I"": ""Alto"", ""J"": ""N/A"", ""K"": ""Carmen Donoso""}","{""J"": """"}",support,TASK_BELONGS_TO_PROJECT_TEMPLATE,HISTORICAL_TASK_BOUND_TO_PROJECT_TEMPLATE_NOT_TEMPLATE_ACTIVITY,,
tareas,TSK000179,task,✅Lista de Tareas,195,PRJ0008,Corazonistas,Corazonistas,Soporte,Implementado,support,Otros,Actividad,TSK000179,Visita Comunidad Corazonistas Bogotá,6.0,2025-10-20,2025-10-20,true,Hecho,Alto,Carmen Donoso,N/A,,support:ACT-113,,,,,,,,,,,,,,,,,,,,,,,,,,,,,,,"{""B"": ""Corazonistas"", ""C"": ""Visita Comunidad Corazonistas Bogotá"", ""D"": ""6.0"", ""E"": ""45950.0"", ""F"": true, ""G"": ""45950.0"", ""H"": ""Hecho"", ""I"": ""Alto"", ""J"": ""N/A"", ""K"": ""Carmen Donoso""}","{""J"": """"}",support,TASK_BELONGS_TO_PROJECT_TEMPLATE,HISTORICAL_TASK_BOUND_TO_PROJECT_TEMPLATE_NOT_TEMPLATE_ACTIVITY,,
tareas,TSK000180,task,✅Lista de Tareas,196,PRJ0004,Corp.Edu Dr. Amin Ariza,Corp.Edu Dr. Amin Ariza,Implementación,Campuspack,implementation_campuspack,Financiero,Actividad,TSK000180,Capacitación financiera Parte 1,2.0,2025-09-29,2025-11-10,true,Hecho,Alto,Sebastian Ballesteros,N/A,11am,implementation_campuspack:ACT-59,,,,,,,,,,,,,,,,,,,,,,,,,,,,,,,"{""B"": ""Corp.Edu Dr. Amin Ariza"", ""C"": ""Capacitación financiera Parte 1"", ""D"": ""2.0"", ""E"": ""45929.0"", ""F"": true, ""G"": ""45971.0"", ""H"": ""Hecho"", ""I"": ""Alto"", ""J"": ""N/A"", ""K"": ""Sebastian Ballesteros"", ""L"": ""11am""}","{""J"": """"}",implementation_campuspack,TASK_BELONGS_TO_PROJECT_TEMPLATE,HISTORICAL_TASK_BOUND_TO_PROJECT_TEMPLATE_NOT_TEMPLATE_ACTIVITY,,
tareas,TSK000181,task,✅Lista de Tareas,197,PRJ0004,Corp.Edu Dr. Amin Ariza,Corp.Edu Dr. Amin Ariza,Implementación,Campuspack,implementation_campuspack,Reuniones y coordinación,Actividad,TSK000181,Llamada a Juan David para acompañamiento (mostrarle archivo asobancaria),1.0,2025-10-09,2025-11-05,true,Hecho,Urgente,Sebastian Ballesteros,,LLAMAR HOY 24OCT A CANDELARIA,implementation_campuspack:ACT-60,,,,,,,,,,,,,,,,,,,,,,,,,,,,,,,"{""B"": ""Corp.Edu Dr. Amin Ariza"", ""C"": ""Llamada a Juan David para acompañamiento (mostrarle archivo asobancaria) "", ""D"": ""1.0"", ""E"": ""45939.0"", ""F"": true, ""G"": ""45966.0"", ""H"": ""Hecho"", ""I"": ""Urgente"", ""K"": ""Sebastian Ballesteros"", ""L"": ""LLAMAR HOY 24OCT A CANDELARIA""}",{},implementation_campuspack,TASK_BELONGS_TO_PROJECT_TEMPLATE,HISTORICAL_TASK_BOUND_TO_PROJECT_TEMPLATE_NOT_TEMPLATE_ACTIVITY,,
tareas,TSK000182,task,✅Lista de Tareas,198,PRJ0003,The English School,The English School,Soporte,Schoolpack,support,Documentación / Actas / Entrega,Actividad,TSK000182,PRIORIDAD: 85924 - Manuales e instructivos (FORMATO DE LA EMPRESA),7.0,2025-06-10,2025-12-23,true,Hecho,Urgente,Geraldine Araque,N/A,"Pendiente: SPA, Control de acceso. TODOS para TES, agregar los puntos mencionados por Carmencilla de los desarrollos exclusives de TES",support:ACT-114,,,,,,,,,,,,,,,,,,,,,,,,,,,,,,,"{""B"": ""The English School"", ""C"": ""PRIORIDAD: 85924 - Manuales e instructivos (FORMATO DE LA EMPRESA)"", ""D"": ""7.0"", ""E"": ""45818.0"", ""F"": true, ""G"": ""46014.0"", ""H"": ""Hecho"", ""I"": ""Urgente"", ""J"": ""N/A"", ""K"": ""Geraldine Araque"", ""L"": ""Pendiente: SPA, Control de acceso. TODOS para TES, agregar los puntos mencionados por Carmencilla de los desarrollos exclusives de TES""}","{""J"": ""if(or(F198=TRUE,G198>0,H198=\""Done\"",isblank(E198)),\""N/A\"",if($B$5<=E198,\""N/A\"",\""Overdue\""))""}",support,TASK_BELONGS_TO_PROJECT_TEMPLATE,HISTORICAL_TASK_BOUND_TO_PROJECT_TEMPLATE_NOT_TEMPLATE_ACTIVITY,,
tareas,TSK000183,task,✅Lista de Tareas,199,PRJ0021,FESA,FESA,Soporte,Schoolpack,support,Otros,Actividad,TSK000183,En ROSARIO y SAN ANDRES ayudarlos a generar los libros del año 2023 y 2024 en los respectivos sitios de esos años,3.0,2025-10-14,2025-10-17,true,Hecho,Medio,Carmen Donoso,N/A,,support:ACT-115,,,,,,,,,,,,,,,,,,,,,,,,,,,,,,,"{""B"": ""FESA"", ""C"": ""En ROSARIO y SAN ANDRES ayudarlos a generar los libros del año 2023 y 2024 en los respectivos sitios de esos años"", ""D"": ""3.0"", ""E"": ""45944.0"", ""F"": true, ""G"": ""45947.0"", ""H"": ""Hecho"", ""I"": ""Medio"", ""J"": ""N/A"", ""K"": ""Carmen Donoso""}","{""J"": """"}",support,TASK_BELONGS_TO_PROJECT_TEMPLATE,HISTORICAL_TASK_BOUND_TO_PROJECT_TEMPLATE_NOT_TEMPLATE_ACTIVITY,,
tareas,TSK000184,task,✅Lista de Tareas,200,PRJ0021,FESA,FESA,Soporte,Schoolpack,support,Otros,Actividad,TSK000184,Enviar los links de los sitios de años 2023 y 2024 a las secretarias,1.0,2025-10-14,2025-10-23,true,Hecho,Medio,Carmen Donoso,N/A,,support:ACT-116,,,,,,,,,,,,,,,,,,,,,,,,,,,,,,,"{""B"": ""FESA"", ""C"": ""Enviar los links de los sitios de años 2023 y 2024 a las secretarias"", ""D"": ""1.0"", ""E"": ""45944.0"", ""F"": true, ""G"": ""45953.0"", ""H"": ""Hecho"", ""I"": ""Medio"", ""J"": ""N/A"", ""K"": ""Carmen Donoso""}","{""J"": """"}",support,TASK_BELONGS_TO_PROJECT_TEMPLATE,HISTORICAL_TASK_BOUND_TO_PROJECT_TEMPLATE_NOT_TEMPLATE_ACTIVITY,,
tareas,TSK000185,task,✅Lista de Tareas,201,PRJ0021,FESA,FESA,Soporte,Schoolpack,support,Otros,Actividad,TSK000185,Pantalla preescolar que sea cualitativa,3.0,2025-10-14,2025-10-27,true,Hecho,Medio,Carmen Donoso,N/A,Sesión el Lunes 27Oct de 3h,support:ACT-117,,,,,,,,,,,,,,,,,,,,,,,,,,,,,,,"{""B"": ""FESA"", ""C"": ""Pantalla preescolar que sea cualitativa"", ""D"": ""3.0"", ""E"": ""45944.0"", ""F"": true, ""G"": ""45957.0"", ""H"": ""Hecho"", ""I"": ""Medio"", ""J"": ""N/A"", ""K"": ""Carmen Donoso"", ""L"": ""Sesión el Lunes 27Oct de 3h""}","{""J"": """"}",support,TASK_BELONGS_TO_PROJECT_TEMPLATE,HISTORICAL_TASK_BOUND_TO_PROJECT_TEMPLATE_NOT_TEMPLATE_ACTIVITY,,
tareas,TSK000186,task,✅Lista de Tareas,202,PRJ0018,Colegio Gimnasio del Saber,Colegio Gimnasio del Saber,Soporte,Schoolpack,support,Pruebas / Auditoría,Actividad,TSK000186,Solicitar actualización del ambiente de pruebas sin logros para pruebas por parte del usuario,1.0,2025-09-29,2025-09-25,true,Hecho,Alto,Carmen Donoso,N/A,,support:ACT-118,,,,,,,,,,,,,,,,,,,,,,,,,,,,,,,"{""B"": ""Colegio Gimnasio del Saber"", ""C"": ""Solicitar actualización del ambiente de pruebas sin logros para pruebas por parte del usuario"", ""D"": ""1.0"", ""E"": ""45929.0"", ""F"": true, ""G"": ""45925.0"", ""H"": ""Hecho"", ""I"": ""Alto"", ""J"": ""N/A"", ""K"": ""Carmen Donoso""}","{""J"": """"}",support,TASK_BELONGS_TO_PROJECT_TEMPLATE,HISTORICAL_TASK_BOUND_TO_PROJECT_TEMPLATE_NOT_TEMPLATE_ACTIVITY,,
tareas,TSK000187,task,✅Lista de Tareas,203,PRJ0021,FESA,FESA,Soporte,Schoolpack,support,Otros,Actividad,TSK000187,Validar que se bloqueen las notas a los padres deudores,2.0,2025-10-14,2025-10-30,true,Hecho,Medio,Sebastian Ballesteros,N/A,,support:ACT-119,,,,,,,,,,,,,,,,,,,,,,,,,,,,,,,"{""B"": ""FESA"", ""C"": ""Validar que se bloqueen las notas a los padres deudores"", ""D"": ""2.0"", ""E"": ""45944.0"", ""F"": true, ""G"": ""45960.0"", ""H"": ""Hecho"", ""I"": ""Medio"", ""J"": ""N/A"", ""K"": ""Sebastian Ballesteros""}","{""J"": """"}",support,TASK_BELONGS_TO_PROJECT_TEMPLATE,HISTORICAL_TASK_BOUND_TO_PROJECT_TEMPLATE_NOT_TEMPLATE_ACTIVITY,,
tareas,TSK000188,task,✅Lista de Tareas,204,PRJ0021,FESA,FESA,Soporte,Schoolpack,support,Otros,Actividad,TSK000188,Actualizar a la última versión,1.0,2025-10-14,2025-10-17,true,Hecho,Medio,Jhoec Camayo,N/A,,support:ACT-120,,,,,,,,,,,,,,,,,,,,,,,,,,,,,,,"{""B"": ""FESA"", ""C"": ""Actualizar a la última versión"", ""D"": ""1.0"", ""E"": ""45944.0"", ""F"": true, ""G"": ""45947.0"", ""H"": ""Hecho"", ""I"": ""Medio"", ""J"": ""N/A"", ""K"": ""Jhoec Camayo""}","{""J"": """"}",support,TASK_BELONGS_TO_PROJECT_TEMPLATE,HISTORICAL_TASK_BOUND_TO_PROJECT_TEMPLATE_NOT_TEMPLATE_ACTIVITY,,
tareas,TSK000189,task,✅Lista de Tareas,205,PRJ0002,Fundación Incolmotos Yamaha,Fundación Incolmotos Yamaha,Soporte,Campuspack,support,Botón de pagos,Actividad,TSK000189,Pruebas Botón de pagos con Zona Virtual,2.0,2025-10-10,2025-10-15,true,Hecho,Urgente,Sebastian Ballesteros,N/A,No funciono,support:ACT-121,,,,,,,,,,,,,,,,,,,,,,,,,,,,,,,"{""B"": ""Fundación Incolmotos Yamaha"", ""C"": ""Pruebas Botón de pagos con Zona Virtual "", ""D"": ""2.0"", ""E"": ""45940.0"", ""F"": true, ""G"": ""45945.0"", ""H"": ""Hecho"", ""I"": ""Urgente"", ""J"": ""N/A"", ""K"": ""Sebastian Ballesteros"", ""L"": ""No funciono""}","{""J"": """"}",support,TASK_BELONGS_TO_PROJECT_TEMPLATE,HISTORICAL_TASK_BOUND_TO_PROJECT_TEMPLATE_NOT_TEMPLATE_ACTIVITY,,
tareas,TSK000190,task,✅Lista de Tareas,206,PRJ0018,Colegio Gimnasio del Saber,Colegio Gimnasio del Saber,Soporte,Schoolpack,support,Otros,Actividad,TSK000190,Cotización: Validar el alcance de notificación de school web a mensaje de texto y/o whatsapp,1.0,2025-09-29,2025-09-29,true,Hecho,Alto,Jhoec Camayo,N/A,Ya no es viable META CERRO SU API A SOLO ELLOS MISMOS,support:ACT-122,,,,,,,,,,,,,,,,,,,,,,,,,,,,,,,"{""B"": ""Colegio Gimnasio del Saber"", ""C"": ""Cotización: Validar el alcance de notificación de school web a mensaje de texto y/o whatsapp"", ""D"": ""1.0"", ""E"": ""45929.0"", ""F"": true, ""G"": ""45929.0"", ""H"": ""Hecho"", ""I"": ""Alto"", ""J"": ""N/A"", ""K"": ""Jhoec Camayo"", ""L"": ""Ya no es viable META CERRO SU API A SOLO ELLOS MISMOS""}","{""J"": """"}",support,TASK_BELONGS_TO_PROJECT_TEMPLATE,HISTORICAL_TASK_BOUND_TO_PROJECT_TEMPLATE_NOT_TEMPLATE_ACTIVITY,,
tareas,TSK000191,task,✅Lista de Tareas,207,PRJ0001,Academia MISI,Academia MISI,Implementación,Campuspack,implementation_campuspack,Pruebas / Auditoría,Actividad,TSK000191,Acompañamiento Inquietudes Recursos Fisicos (Actualizar sitio de pruebas para que se corrija el error),1.0,2025-12-01,2025-12-01,true,Hecho,Medio,Geraldine Araque,,,implementation_campuspack:ACT-61,,,,,,,,,,,,,,,,,,,,,,,,,,,,,,,"{""B"": ""Academia MISI"", ""C"": ""Acompañamiento Inquietudes Recursos Fisicos (Actualizar sitio de pruebas para que se corrija el error)"", ""D"": ""1.0"", ""E"": ""45992.0"", ""F"": true, ""G"": ""45992.0"", ""H"": ""Hecho"", ""I"": ""Medio"", ""K"": ""Geraldine Araque""}",{},implementation_campuspack,TASK_BELONGS_TO_PROJECT_TEMPLATE,HISTORICAL_TASK_BOUND_TO_PROJECT_TEMPLATE_NOT_TEMPLATE_ACTIVITY,,
tareas,TSK000192,task,✅Lista de Tareas,208,PRJ0002,Fundación Incolmotos Yamaha,Fundación Incolmotos Yamaha,Soporte,Campuspack,support,Matrículas,Actividad,TSK000192,Sesión para ver todo el proceso de matriculas,2.0,2025-09-30,2025-10-22,true,Hecho,Alto,Carmen Donoso,N/A,2:30PM,support:ACT-123,,,,,,,,,,,,,,,,,,,,,,,,,,,,,,,"{""B"": ""Fundación Incolmotos Yamaha"", ""C"": ""Sesión para ver todo el proceso de matriculas"", ""D"": ""2.0"", ""E"": ""45930.0"", ""F"": true, ""G"": ""45952.0"", ""H"": ""Hecho"", ""I"": ""Alto"", ""J"": ""N/A"", ""K"": ""Carmen Donoso"", ""L"": ""2:30PM""}","{""J"": ""if(or(F208=TRUE,G208>0,H208=\""Done\"",isblank(E208)),\""N/A\"",if($B$5<=E208,\""N/A\"",\""Overdue\""))""}",support,TASK_BELONGS_TO_PROJECT_TEMPLATE,HISTORICAL_TASK_BOUND_TO_PROJECT_TEMPLATE_NOT_TEMPLATE_ACTIVITY,,
tareas,TSK000193,task,✅Lista de Tareas,209,PRJ0006,Liceo Paternina,Liceo Paternina,Soporte,Schoolpack,support,Otros,Actividad,TSK000193,"Proceso de importación (Personas, Empleados y docentes, Planes de estudios)",10.0,2026-03-13,2026-03-18,true,Hecho,Alto,Carmen Donoso,,,support:ACT-124,,,,,,,,,,,,,,,,,,,,,,,,,,,,,,,"{""B"": ""Liceo Paternina"", ""C"": ""Proceso de importación (Personas, Empleados y docentes, Planes de estudios)"", ""D"": ""10.0"", ""E"": ""46094.0"", ""F"": true, ""G"": ""46099.0"", ""H"": ""Hecho"", ""I"": ""Alto"", ""K"": ""Carmen Donoso""}",{},support,TASK_BELONGS_TO_PROJECT_TEMPLATE,HISTORICAL_TASK_BOUND_TO_PROJECT_TEMPLATE_NOT_TEMPLATE_ACTIVITY,,
tareas,TSK000194,task,✅Lista de Tareas,210,PRJ0006,Liceo Paternina,Liceo Paternina,Soporte,Schoolpack,support,Matrículas,Actividad,TSK000194,Auditoria y Entrega al cliente de los reportes de matricula en producción,3.0,2025-10-14,2025-11-06,true,Hecho,Alto,Geraldine Araque,N/A,Revisión de incidentes con Lorena,support:ACT-125,,,,,,,,,,,,,,,,,,,,,,,,,,,,,,,"{""B"": ""Liceo Paternina"", ""C"": ""Auditoria y Entrega al cliente de los reportes de matricula en producción"", ""D"": ""3.0"", ""E"": ""45944.0"", ""F"": true, ""G"": ""45967.0"", ""H"": ""Hecho"", ""I"": ""Alto"", ""J"": ""N/A"", ""K"": ""Geraldine Araque"", ""L"": ""Revisión de incidentes con Lorena""}","{""J"": ""if(or(F210=TRUE,G210>0,H210=\""Done\"",isblank(E210)),\""N/A\"",if($B$5<=E210,\""N/A\"",\""Overdue\""))""}",support,TASK_BELONGS_TO_PROJECT_TEMPLATE,HISTORICAL_TASK_BOUND_TO_PROJECT_TEMPLATE_NOT_TEMPLATE_ACTIVITY,,
tareas,TSK000195,task,✅Lista de Tareas,211,PRJ0002,Fundación Incolmotos Yamaha,Fundación Incolmotos Yamaha,Soporte,Campuspack,support,Reuniones y coordinación,Actividad,TSK000195,Reunión de sensibilización de inicio Escuelas musicales,2.0,2025-10-21,2025-10-21,true,Hecho,Alto,Julian Sanchez ,N/A,,support:ACT-126,,,,,,,,,,,,,,,,,,,,,,,,,,,,,,,"{""B"": ""Fundación Incolmotos Yamaha"", ""C"": ""Reunión de sensibilización de inicio Escuelas musicales"", ""D"": ""2.0"", ""E"": ""45951.0"", ""F"": true, ""G"": ""45951.0"", ""H"": ""Hecho"", ""I"": ""Alto"", ""J"": ""N/A"", ""K"": ""Julian Sanchez ""}","{""J"": """"}",support,TASK_BELONGS_TO_PROJECT_TEMPLATE,HISTORICAL_TASK_BOUND_TO_PROJECT_TEMPLATE_NOT_TEMPLATE_ACTIVITY,,
tareas,TSK000196,task,✅Lista de Tareas,212,PRJ0002,Fundación Incolmotos Yamaha,Fundación Incolmotos Yamaha,Soporte,Campuspack,support,Reuniones y coordinación,Actividad,TSK000196,Reunión de sensibilización y poblamiento de información inicial (importadores) Escuelas musicales,2.0,2025-10-23,2025-10-23,true,Hecho,Alto,Julian Sanchez ,N/A,,support:ACT-127,,,,,,,,,,,,,,,,,,,,,,,,,,,,,,,"{""B"": ""Fundación Incolmotos Yamaha"", ""C"": ""Reunión de sensibilización y poblamiento de información inicial (importadores) Escuelas musicales"", ""D"": ""2.0"", ""E"": ""45953.0"", ""F"": true, ""G"": ""45953.0"", ""H"": ""Hecho"", ""I"": ""Alto"", ""J"": ""N/A"", ""K"": ""Julian Sanchez ""}","{""J"": """"}",support,TASK_BELONGS_TO_PROJECT_TEMPLATE,HISTORICAL_TASK_BOUND_TO_PROJECT_TEMPLATE_NOT_TEMPLATE_ACTIVITY,,
tareas,TSK000197,task,✅Lista de Tareas,213,PRJ0004,Corp.Edu Dr. Amin Ariza,Corp.Edu Dr. Amin Ariza,Implementación,Campuspack,implementation_campuspack,Acompañamiento / Seguimiento,Actividad,TSK000197,Acompañamiento (mostrarle archivo asobancaria),2.0,2026-02-18,2026-02-18,true,Hecho,Urgente,Sebastian Ballesteros,,,implementation_campuspack:ACT-62,,,,,,,,,,,,,,,,,,,,,,,,,,,,,,,"{""B"": ""Corp.Edu Dr. Amin Ariza"", ""C"": ""Acompañamiento (mostrarle archivo asobancaria) "", ""D"": ""2.0"", ""E"": ""46071.0"", ""F"": true, ""G"": ""46071.0"", ""H"": ""Hecho"", ""I"": ""Urgente"", ""K"": ""Sebastian Ballesteros""}",{},implementation_campuspack,TASK_BELONGS_TO_PROJECT_TEMPLATE,HISTORICAL_TASK_BOUND_TO_PROJECT_TEMPLATE_NOT_TEMPLATE_ACTIVITY,,
tareas,TSK000198,task,✅Lista de Tareas,214,PRJ0004,Corp.Edu Dr. Amin Ariza,Corp.Edu Dr. Amin Ariza,Implementación,Campuspack,implementation_campuspack,Financiero,Actividad,TSK000198,Sesión financiera con la Contadora,2.0,2026-02-18,2026-02-18,true,Hecho,Alto,Sebastian Ballesteros,,,implementation_campuspack:ACT-63,,,,,,,,,,,,,,,,,,,,,,,,,,,,,,,"{""B"": ""Corp.Edu Dr. Amin Ariza"", ""C"": ""Sesión financiera con la Contadora"", ""D"": ""2.0"", ""E"": ""46071.0"", ""F"": true, ""G"": ""46071.0"", ""H"": ""Hecho"", ""I"": ""Alto"", ""K"": ""Sebastian Ballesteros""}",{},implementation_campuspack,TASK_BELONGS_TO_PROJECT_TEMPLATE,HISTORICAL_TASK_BOUND_TO_PROJECT_TEMPLATE_NOT_TEMPLATE_ACTIVITY,,
tareas,TSK000199,task,✅Lista de Tareas,215,PRJ0004,Corp.Edu Dr. Amin Ariza,Corp.Edu Dr. Amin Ariza,Implementación,Campuspack,implementation_campuspack,Integraciones,Actividad,TSK000199,83181 - Interfaz Contable: Solicitar documentación inicial,1.0,2025-11-18,2026-05-14,false,Hecho,Alto,Sebastian Ballesteros,,,implementation_campuspack:ACT-64,,,,,,,,,,,,,,,,,,,,,,,,,,,,,,,"{""B"": ""Corp.Edu Dr. Amin Ariza"", ""C"": ""83181 - Interfaz Contable: Solicitar documentación inicial"", ""D"": ""1.0"", ""E"": ""45979.0"", ""F"": false, ""G"": ""46156.0"", ""H"": ""Hecho"", ""I"": ""Alto"", ""K"": ""Sebastian Ballesteros""}",{},implementation_campuspack,TASK_BELONGS_TO_PROJECT_TEMPLATE,HISTORICAL_TASK_BOUND_TO_PROJECT_TEMPLATE_NOT_TEMPLATE_ACTIVITY,,
tareas,TSK000200,task,✅Lista de Tareas,216,PRJ0004,Corp.Edu Dr. Amin Ariza,Corp.Edu Dr. Amin Ariza,Implementación,Campuspack,implementation_campuspack,Otros,Actividad,TSK000200,Sesibilización de horarios,3.0,2025-10-22,2025-10-22,true,Hecho,Medio,Carmen Donoso,,,implementation_campuspack:ACT-65,,,,,,,,,,,,,,,,,,,,,,,,,,,,,,,"{""B"": ""Corp.Edu Dr. Amin Ariza"", ""C"": ""Sesibilización de horarios "", ""D"": ""3.0"", ""E"": ""45952.0"", ""F"": true, ""G"": ""45952.0"", ""H"": ""Hecho"", ""I"": ""Medio"", ""K"": ""Carmen Donoso""}",{},implementation_campuspack,TASK_BELONGS_TO_PROJECT_TEMPLATE,HISTORICAL_TASK_BOUND_TO_PROJECT_TEMPLATE_NOT_TEMPLATE_ACTIVITY,,
tareas,TSK000201,task,✅Lista de Tareas,217,PRJ0018,Colegio Gimnasio del Saber,Colegio Gimnasio del Saber,Soporte,Schoolpack,support,Académico,Actividad,TSK000201,Tableros de academico (Ellos envian los diseños): Documentacion,15.0,2025-01-16,2025-01-15,true,Hecho,Alto,Carmen Donoso,N/A,Pendiente cotización,support:ACT-128,,,,,,,,,,,,,,,,,,,,,,,,,,,,,,,"{""B"": ""Colegio Gimnasio del Saber"", ""C"": ""Tableros de academico (Ellos envian los diseños): Documentacion"", ""D"": ""15.0"", ""E"": ""45673.0"", ""F"": true, ""G"": ""45672.0"", ""H"": ""Hecho"", ""I"": ""Alto"", ""J"": ""N/A"", ""K"": ""Carmen Donoso"", ""L"": ""Pendiente cotización""}","{""J"": ""if(or(F217=TRUE,G217>0,H217=\""Done\"",isblank(E217)),\""N/A\"",if($B$5<=E217,\""N/A\"",\""Overdue\""))""}",support,TASK_BELONGS_TO_PROJECT_TEMPLATE,HISTORICAL_TASK_BOUND_TO_PROJECT_TEMPLATE_NOT_TEMPLATE_ACTIVITY,,
tareas,TSK000202,task,✅Lista de Tareas,218,PRJ0008,Corazonistas,Corazonistas,Soporte,Implementado,support,Financiero,Actividad,TSK000202,PRIORITARIO: Segunda entrega de las Actividades de la automatización financiera Corazonistas,2.0,2025-12-10,2025-12-11,true,Hecho,Urgente,Sebastian Ballesteros,N/A,Con las correcciones de realizo CESAR,support:ACT-129,,,,,,,,,,,,,,,,,,,,,,,,,,,,,,,"{""B"": ""Corazonistas"", ""C"": ""PRIORITARIO: Segunda entrega de las Actividades de la automatización financiera Corazonistas"", ""D"": ""2.0"", ""E"": ""46001.0"", ""F"": true, ""G"": ""46002.0"", ""H"": ""Hecho"", ""I"": ""Urgente"", ""J"": ""N/A"", ""K"": ""Sebastian Ballesteros"", ""L"": ""Con las correcciones de realizo CESAR""}","{""J"": """"}",support,TASK_BELONGS_TO_PROJECT_TEMPLATE,HISTORICAL_TASK_BOUND_TO_PROJECT_TEMPLATE_NOT_TEMPLATE_ACTIVITY,,
tareas,TSK000203,task,✅Lista de Tareas,219,PRJ0004,Corp.Edu Dr. Amin Ariza,Corp.Edu Dr. Amin Ariza,Implementación,Campuspack,implementation_campuspack,Financiero,Actividad,TSK000203,86068 - Abrir sac con Acta de la Capacitación financiera,1.0,2025-11-14,2025-11-20,true,Hecho,Urgente,Sebastian Ballesteros,N/A,PEndiente firma de Candelaria,implementation_campuspack:ACT-66,,,,,,,,,,,,,,,,,,,,,,,,,,,,,,,"{""B"": ""Corp.Edu Dr. Amin Ariza"", ""C"": ""86068 - Abrir sac con Acta de la Capacitación financiera "", ""D"": ""1.0"", ""E"": ""45975.0"", ""F"": true, ""G"": ""45981.0"", ""H"": ""Hecho"", ""I"": ""Urgente"", ""J"": ""N/A"", ""K"": ""Sebastian Ballesteros"", ""L"": ""PEndiente firma de Candelaria""}","{""J"": """"}",implementation_campuspack,TASK_BELONGS_TO_PROJECT_TEMPLATE,HISTORICAL_TASK_BOUND_TO_PROJECT_TEMPLATE_NOT_TEMPLATE_ACTIVITY,,
tareas,TSK000204,task,✅Lista de Tareas,220,PRJ0003,The English School,The English School,Soporte,Schoolpack,support,Acompañamiento / Seguimiento,Actividad,TSK000204,Seguimiento a la cotización del PAP (CORREO),1.0,2025-11-24,2026-01-20,true,Hecho,Urgente,Sebastian Ballesteros,N/A,Se entrego a manuel la cotización de PAP de dos maneras Cesar directamnete por whastappp y project por correo 20 enero,support:ACT-130,,,,,,,,,,,,,,,,,,,,,,,,,,,,,,,"{""B"": ""The English School"", ""C"": ""Seguimiento a la cotización del PAP (CORREO)"", ""D"": ""1.0"", ""E"": ""45985.0"", ""F"": true, ""G"": ""46042.0"", ""H"": ""Hecho"", ""I"": ""Urgente"", ""J"": ""N/A"", ""K"": ""Sebastian Ballesteros"", ""L"": ""Se entrego a manuel la cotización de PAP de dos maneras Cesar directamnete por whastappp y project por correo 20 enero""}","{""J"": """"}",support,TASK_BELONGS_TO_PROJECT_TEMPLATE,HISTORICAL_TASK_BOUND_TO_PROJECT_TEMPLATE_NOT_TEMPLATE_ACTIVITY,,
tareas,TSK000205,task,✅Lista de Tareas,221,PRJ0019,Instituto Alberto Merani,Instituto Alberto Merani,Soporte,Schoolpack,support,Reuniones y coordinación,Actividad,TSK000205,Configuración FOR ADM English en el sitio de pruebas de Merani (Reunión de sensibilización),1.0,2025-09-26,2025-10-01,true,Hecho,Alto,Jhoec Camayo,N/A,Desarrollo entrego hoy 30 de Sept,support:ACT-131,,,,,,,,,,,,,,,,,,,,,,,,,,,,,,,"{""B"": ""Instituto Alberto Merani"", ""C"": ""Configuración FOR ADM English en el sitio de pruebas de Merani (Reunión de sensibilización)"", ""D"": ""1.0"", ""E"": ""45926.0"", ""F"": true, ""G"": ""45931.0"", ""H"": ""Hecho"", ""I"": ""Alto"", ""J"": ""N/A"", ""K"": ""Jhoec Camayo"", ""L"": ""Desarrollo entrego hoy 30 de Sept""}","{""J"": """"}",support,TASK_BELONGS_TO_PROJECT_TEMPLATE,HISTORICAL_TASK_BOUND_TO_PROJECT_TEMPLATE_NOT_TEMPLATE_ACTIVITY,,
tareas,TSK000206,task,✅Lista de Tareas,222,PRJ0006,Liceo Paternina,Liceo Paternina,Soporte,Schoolpack,support,Documentación / Actas / Entrega,Actividad,TSK000206,Acta entrega implementación Schoolpack,1.0,2025-09-17,2025-10-06,true,Hecho,Alto,Jhoec Camayo,N/A,,support:ACT-132,,,,,,,,,,,,,,,,,,,,,,,,,,,,,,,"{""B"": ""Liceo Paternina"", ""C"": ""Acta entrega implementación Schoolpack"", ""D"": ""1.0"", ""E"": ""45917.0"", ""F"": true, ""G"": ""45936.0"", ""H"": ""Hecho"", ""I"": ""Alto"", ""J"": ""N/A"", ""K"": ""Jhoec Camayo""}","{""J"": """"}",support,TASK_BELONGS_TO_PROJECT_TEMPLATE,HISTORICAL_TASK_BOUND_TO_PROJECT_TEMPLATE_NOT_TEMPLATE_ACTIVITY,,
tareas,TSK000207,task,✅Lista de Tareas,223,PRJ0006,Liceo Paternina,Liceo Paternina,Soporte,Schoolpack,support,Matrículas,Actividad,TSK000207,85007 - Solictud de documentación de modelos de matricula y entrega a desarrollo para reportes,1.0,2025-10-06,2025-10-10,true,Hecho,Urgente,Geraldine Araque,N/A,Urgente para poder Cerrar la implementación,support:ACT-133,,,,,,,,,,,,,,,,,,,,,,,,,,,,,,,"{""B"": ""Liceo Paternina"", ""C"": ""85007 - Solictud de documentación de modelos de matricula y entrega a desarrollo para reportes"", ""D"": ""1.0"", ""E"": ""45936.0"", ""F"": true, ""G"": ""45940.0"", ""H"": ""Hecho"", ""I"": ""Urgente"", ""J"": ""N/A"", ""K"": ""Geraldine Araque"", ""L"": ""Urgente para poder Cerrar la implementación""}","{""J"": """"}",support,TASK_BELONGS_TO_PROJECT_TEMPLATE,HISTORICAL_TASK_BOUND_TO_PROJECT_TEMPLATE_NOT_TEMPLATE_ACTIVITY,,
tareas,TSK000208,task,✅Lista de Tareas,224,PRJ0003,The English School,The English School,Soporte,Schoolpack,support,Acompañamiento / Seguimiento,Actividad,TSK000208,86248- Envio de la OSE: 1.Reporte de inventarios 2. Reporte Nota Credito (Sesión de inquietudes 15abril),1.0,2026-03-13,2026-04-15,true,Hecho,Urgente,Sebastian Ballesteros,,2pm,support:ACT-134,,,,,,,,,,,,,,,,,,,,,,,,,,,,,,,"{""B"": ""The English School"", ""C"": ""86248- Envio de la OSE: 1.Reporte de inventarios 2. Reporte Nota Credito (Sesión de inquietudes 15abril)"", ""D"": ""1.0"", ""E"": ""46094.0"", ""F"": true, ""G"": ""46127.0"", ""H"": ""Hecho"", ""I"": ""Urgente"", ""K"": ""Sebastian Ballesteros"", ""L"": ""2pm""}",{},support,TASK_BELONGS_TO_PROJECT_TEMPLATE,HISTORICAL_TASK_BOUND_TO_PROJECT_TEMPLATE_NOT_TEMPLATE_ACTIVITY,,
tareas,TSK000209,task,✅Lista de Tareas,225,PRJ0006,Liceo Paternina,Liceo Paternina,Soporte,Schoolpack,support,Admisiones,Actividad,TSK000209,Capacitación Admisiones y Matriculas Web Sesión 2,2.0,2025-09-15,2025-10-06,true,Hecho,Alto,Carmen Donoso,N/A,,support:ACT-135,,,,,,,,,,,,,,,,,,,,,,,,,,,,,,,"{""B"": ""Liceo Paternina"", ""C"": ""Capacitación Admisiones y Matriculas Web Sesión 2"", ""D"": ""2.0"", ""E"": ""45915.0"", ""F"": true, ""G"": ""45936.0"", ""H"": ""Hecho"", ""I"": ""Alto"", ""J"": ""N/A"", ""K"": ""Carmen Donoso""}","{""J"": ""if(or(F225=TRUE,G225>0,H225=\""Done\"",isblank(E225)),\""N/A\"",if($B$5<=E225,\""N/A\"",\""Overdue\""))""}",support,TASK_BELONGS_TO_PROJECT_TEMPLATE,HISTORICAL_TASK_BOUND_TO_PROJECT_TEMPLATE_NOT_TEMPLATE_ACTIVITY,,
tareas,TSK000210,task,✅Lista de Tareas,226,PRJ0017,Nuevo colegio del Prado,Nuevo colegio del Prado,Soporte,Schoolpack,support,Otros,Actividad,TSK000210,Correo del proceso Impresión de plaquetas,1.0,2025-10-01,2025-10-27,true,Hecho,Alto,Sebastian Ballesteros,,En cotización (hoy 24OCT),support:ACT-136,,,,,,,,,,,,,,,,,,,,,,,,,,,,,,,"{""B"": ""Nuevo colegio del Prado"", ""C"": ""Correo del proceso Impresión de plaquetas"", ""D"": ""1.0"", ""E"": ""45931.0"", ""F"": true, ""G"": ""45957.0"", ""H"": ""Hecho"", ""I"": ""Alto"", ""K"": ""Sebastian Ballesteros"", ""L"": ""En cotización (hoy 24OCT)""}",{},support,TASK_BELONGS_TO_PROJECT_TEMPLATE,HISTORICAL_TASK_BOUND_TO_PROJECT_TEMPLATE_NOT_TEMPLATE_ACTIVITY,,
tareas,TSK000211,task,✅Lista de Tareas,227,PRJ0020,Comfaboy,Comfaboy,Soporte,Schoolpack,support,Matrículas,Actividad,TSK000211,Entrega y auditoria de los reportes de matricula en ambiente de pruebas de parte del cliente,4.0,2025-10-28,2025-11-06,true,Hecho,Alto,Jhoec Camayo,N/A,,support:ACT-137,,,,,,,,,,,,,,,,,,,,,,,,,,,,,,,"{""B"": ""Comfaboy"", ""C"": ""Entrega y auditoria de los reportes de matricula en ambiente de pruebas de parte del cliente"", ""D"": ""4.0"", ""E"": ""45958.0"", ""F"": true, ""G"": ""45967.0"", ""H"": ""Hecho"", ""I"": ""Alto"", ""J"": ""N/A"", ""K"": ""Jhoec Camayo""}","{""J"": ""if(or(F227=TRUE,G227>0,H227=\""Done\"",isblank(E227)),\""N/A\"",if($B$5<=E227,\""N/A\"",\""Overdue\""))""}",support,TASK_BELONGS_TO_PROJECT_TEMPLATE,HISTORICAL_TASK_BOUND_TO_PROJECT_TEMPLATE_NOT_TEMPLATE_ACTIVITY,,
tareas,TSK000212,task,✅Lista de Tareas,228,PRJ0021,FESA,FESA,Soporte,Schoolpack,support,Matrículas,Actividad,TSK000212,Ajuste al recibo de matricula para impresión,2.0,2025-11-07,2025-11-25,true,Hecho,Medio,Sebastian Ballesteros,N/A,,support:ACT-138,,,,,,,,,,,,,,,,,,,,,,,,,,,,,,,"{""B"": ""FESA"", ""C"": ""Ajuste al recibo de matricula para impresión"", ""D"": ""2.0"", ""E"": ""45968.0"", ""F"": true, ""G"": ""45986.0"", ""H"": ""Hecho"", ""I"": ""Medio"", ""J"": ""N/A"", ""K"": ""Sebastian Ballesteros""}","{""J"": """"}",support,TASK_BELONGS_TO_PROJECT_TEMPLATE,HISTORICAL_TASK_BOUND_TO_PROJECT_TEMPLATE_NOT_TEMPLATE_ACTIVITY,,
tareas,TSK000213,task,✅Lista de Tareas,229,PRJ0017,Nuevo colegio del Prado,Nuevo colegio del Prado,Soporte,Schoolpack,support,Otros,Actividad,TSK000213,Control de cambio al Boletin periodico y Boletin preescolar,2.0,2025-09-15,2025-10-01,true,Hecho,Medio,Carmen Donoso,N/A,8am,support:ACT-139,,,,,,,,,,,,,,,,,,,,,,,,,,,,,,,"{""B"": ""Nuevo colegio del Prado"", ""C"": ""Control de cambio al Boletin periodico y Boletin preescolar"", ""D"": ""2.0"", ""E"": ""45915.0"", ""F"": true, ""G"": ""45931.0"", ""H"": ""Hecho"", ""I"": ""Medio"", ""J"": ""N/A"", ""K"": ""Carmen Donoso"", ""L"": ""8am""}","{""J"": """"}",support,TASK_BELONGS_TO_PROJECT_TEMPLATE,HISTORICAL_TASK_BOUND_TO_PROJECT_TEMPLATE_NOT_TEMPLATE_ACTIVITY,,
tareas,TSK000214,task,✅Lista de Tareas,230,PRJ0014,San Jose de las Vegas,San Jose de las Vegas,Soporte,Schoolpack,support,Admisiones,Actividad,TSK000214,Envio de la OSE firmada Desarrollo: Agregar campo de Sede en preinscripción,1.0,2025-10-15,2025-10-20,true,Hecho,Alto,Jhoec Camayo,N/A,OSE firmada el 15Oct,support:ACT-140,,,,,,,,,,,,,,,,,,,,,,,,,,,,,,,"{""B"": ""San Jose de las Vegas"", ""C"": ""Envio de la OSE firmada Desarrollo: Agregar campo de Sede en preinscripción"", ""D"": ""1.0"", ""E"": ""45945.0"", ""F"": true, ""G"": ""45950.0"", ""H"": ""Hecho"", ""I"": ""Alto"", ""J"": ""N/A"", ""K"": ""Jhoec Camayo"", ""L"": ""OSE firmada el 15Oct""}","{""J"": """"}",support,TASK_BELONGS_TO_PROJECT_TEMPLATE,HISTORICAL_TASK_BOUND_TO_PROJECT_TEMPLATE_NOT_TEMPLATE_ACTIVITY,,
tareas,TSK000215,task,✅Lista de Tareas,231,PRJ0014,San Jose de las Vegas,San Jose de las Vegas,Soporte,Schoolpack,support,Admisiones,Actividad,TSK000215,Desarrollo: Agregar campo de Sede en preinscripción,0.0,2025-10-20,2025-10-22,true,Hecho,Alto,Desarrollo,N/A,,support:ACT-141,,,,,,,,,,,,,,,,,,,,,,,,,,,,,,,"{""B"": ""San Jose de las Vegas"", ""C"": ""Desarrollo: Agregar campo de Sede en preinscripción"", ""D"": ""0.0"", ""E"": ""45950.0"", ""F"": true, ""G"": ""45952.0"", ""H"": ""Hecho"", ""I"": ""Alto"", ""J"": ""N/A"", ""K"": ""Desarrollo""}","{""J"": """"}",support,TASK_BELONGS_TO_PROJECT_TEMPLATE,HISTORICAL_TASK_BOUND_TO_PROJECT_TEMPLATE_NOT_TEMPLATE_ACTIVITY,,
tareas,TSK000216,task,✅Lista de Tareas,232,PRJ0014,San Jose de las Vegas,San Jose de las Vegas,Soporte,Schoolpack,support,Admisiones,Actividad,TSK000216,Auditoria del Desarrollo: Agregar campo de Sede en preinscripción,2.0,2025-10-22,2025-10-23,true,Hecho,Alto,Geraldine Araque,N/A,,support:ACT-142,,,,,,,,,,,,,,,,,,,,,,,,,,,,,,,"{""B"": ""San Jose de las Vegas"", ""C"": ""Auditoria del Desarrollo: Agregar campo de Sede en preinscripción"", ""D"": ""2.0"", ""E"": ""45952.0"", ""F"": true, ""G"": ""45953.0"", ""H"": ""Hecho"", ""I"": ""Alto"", ""J"": ""N/A"", ""K"": ""Geraldine Araque""}","{""J"": """"}",support,TASK_BELONGS_TO_PROJECT_TEMPLATE,HISTORICAL_TASK_BOUND_TO_PROJECT_TEMPLATE_NOT_TEMPLATE_ACTIVITY,,
tareas,TSK000217,task,✅Lista de Tareas,233,PRJ0007,Seminario de Faca,Seminario de Faca,Soporte,Implementado,support,Integraciones,Actividad,TSK000217,Interfaz de faca (Aprobación del documento Correo Jhoec),1.0,2025-08-21,2025-10-27,true,Hecho,Alto,Jhoec Camayo,N/A,Aprobaron la OSE el 27 OCT,support:ACT-143,,,,,,,,,,,,,,,,,,,,,,,,,,,,,,,"{""B"": ""Seminario de Faca"", ""C"": ""Interfaz de faca (Aprobación del documento Correo Jhoec)"", ""D"": ""1.0"", ""E"": ""45890.0"", ""F"": true, ""G"": ""45957.0"", ""H"": ""Hecho"", ""I"": ""Alto"", ""J"": ""N/A"", ""K"": ""Jhoec Camayo"", ""L"": ""Aprobaron la OSE el 27 OCT""}","{""J"": """"}",support,TASK_BELONGS_TO_PROJECT_TEMPLATE,HISTORICAL_TASK_BOUND_TO_PROJECT_TEMPLATE_NOT_TEMPLATE_ACTIVITY,,
tareas,TSK000218,task,✅Lista de Tareas,234,PRJ0016,Sigmund Freud,Sigmund Freud,Soporte,Implementado,support,Financiero,Actividad,TSK000218,85232 - Capacitación financiera sesión 2,2.0,2025-09-11,2025-10-08,true,Hecho,Alto,Sebastian Ballesteros,N/A,9:30 a 10:30am,support:ACT-144,,,,,,,,,,,,,,,,,,,,,,,,,,,,,,,"{""B"": ""Sigmund Freud"", ""C"": ""85232 - Capacitación financiera sesión 2"", ""D"": ""2.0"", ""E"": ""45911.0"", ""F"": true, ""G"": ""45938.0"", ""H"": ""Hecho"", ""I"": ""Alto"", ""J"": ""N/A"", ""K"": ""Sebastian Ballesteros"", ""L"": ""9:30 a 10:30am""}","{""J"": """"}",support,TASK_BELONGS_TO_PROJECT_TEMPLATE,HISTORICAL_TASK_BOUND_TO_PROJECT_TEMPLATE_NOT_TEMPLATE_ACTIVITY,,
tareas,TSK000219,task,✅Lista de Tareas,235,PRJ0016,Sigmund Freud,Sigmund Freud,Soporte,Implementado,support,Matrículas,Actividad,TSK000219,Configurar un formato recibo de matriculas (Sesión),1.0,2025-10-14,2025-10-14,true,Hecho,Alto,Geraldine Araque,,9 a 10am,support:ACT-145,,,,,,,,,,,,,,,,,,,,,,,,,,,,,,,"{""B"": ""Sigmund Freud"", ""C"": ""Configurar un formato recibo de matriculas (Sesión)"", ""D"": ""1.0"", ""E"": ""45944.0"", ""F"": true, ""G"": ""45944.0"", ""H"": ""Hecho"", ""I"": ""Alto"", ""K"": ""Geraldine Araque"", ""L"": ""9 a 10am""}",{},support,TASK_BELONGS_TO_PROJECT_TEMPLATE,HISTORICAL_TASK_BOUND_TO_PROJECT_TEMPLATE_NOT_TEMPLATE_ACTIVITY,,
tareas,TSK000220,task,✅Lista de Tareas,236,PRJ0002,Fundación Incolmotos Yamaha,Fundación Incolmotos Yamaha,Soporte,Campuspack,support,Integraciones,Actividad,TSK000220,Integración Moodle,2.0,2025-08-19,2025-12-08,true,Hecho,Urgente,Jhoec Camayo,N/A,Pruebas de parte del cliente,support:ACT-146,,,,,,,,,,,,,,,,,,,,,,,,,,,,,,,"{""B"": ""Fundación Incolmotos Yamaha"", ""C"": ""Integración Moodle "", ""D"": ""2.0"", ""E"": ""45888.0"", ""F"": true, ""G"": ""45999.0"", ""H"": ""Hecho"", ""I"": ""Urgente"", ""J"": ""N/A"", ""K"": ""Jhoec Camayo"", ""L"": ""Pruebas de parte del cliente""}","{""J"": ""if(or(F236=TRUE,G236>0,H236=\""Done\"",isblank(E236)),\""N/A\"",if($B$5<=E236,\""N/A\"",\""Overdue\""))""}",support,TASK_BELONGS_TO_PROJECT_TEMPLATE,HISTORICAL_TASK_BOUND_TO_PROJECT_TEMPLATE_NOT_TEMPLATE_ACTIVITY,,
tareas,TSK000221,task,✅Lista de Tareas,237,PRJ0004,Corp.Edu Dr. Amin Ariza,Corp.Edu Dr. Amin Ariza,Implementación,Campuspack,implementation_campuspack,Migración / Importadores,Actividad,TSK000221,83182 - Intefaz bancaria: Configurar Importador bancario temporal en producción PENDIENTE ACTA,2.0,2025-12-02,2025-12-03,true,Hecho,Alto,Sebastian Ballesteros,N/A,,implementation_campuspack:ACT-67,,,,,,,,,,,,,,,,,,,,,,,,,,,,,,,"{""B"": ""Corp.Edu Dr. Amin Ariza"", ""C"": ""83182 - Intefaz bancaria: Configurar Importador bancario temporal en producción PENDIENTE ACTA"", ""D"": ""2.0"", ""E"": ""45993.0"", ""F"": true, ""G"": ""45994.0"", ""H"": ""Hecho"", ""I"": ""Alto"", ""J"": ""N/A"", ""K"": ""Sebastian Ballesteros""}","{""J"": """"}",implementation_campuspack,TASK_BELONGS_TO_PROJECT_TEMPLATE,HISTORICAL_TASK_BOUND_TO_PROJECT_TEMPLATE_NOT_TEMPLATE_ACTIVITY,,
tareas,TSK000222,task,✅Lista de Tareas,238,PRJ0002,Fundación Incolmotos Yamaha,Fundación Incolmotos Yamaha,Soporte,Campuspack,support,Integraciones,Actividad,TSK000222,Integración Firma electronica matriculas WEB - Signio o KIAI,0.0,2025-09-24,2025-09-24,false,En espera,Alto,Jhoec Camayo,N/A,"Paquete de 1000firmas, SOLICITAR REPORTES ",support:ACT-147,,,,,,,,,,,,,,,,,,,,,,,,,,,,,,,"{""B"": ""Fundación Incolmotos Yamaha"", ""C"": ""Integración Firma electronica matriculas WEB - Signio o KIAI"", ""D"": ""0.0"", ""E"": ""45924.0"", ""F"": false, ""G"": ""45924.0"", ""H"": ""En espera"", ""I"": ""Alto"", ""J"": ""N/A"", ""K"": ""Jhoec Camayo"", ""L"": ""Paquete de 1000firmas, SOLICITAR REPORTES ""}","{""J"": """"}",support,TASK_BELONGS_TO_PROJECT_TEMPLATE,HISTORICAL_TASK_BOUND_TO_PROJECT_TEMPLATE_NOT_TEMPLATE_ACTIVITY,,
tareas,TSK000223,task,✅Lista de Tareas,239,PRJ0006,Liceo Paternina,Liceo Paternina,Soporte,Schoolpack,support,Matrículas,Actividad,TSK000223,Prueba Integral de Matriculas,2.0,2025-12-02,2025-12-15,true,Hecho,Alto,Carmen Donoso,,En el cierre,support:ACT-148,,,,,,,,,,,,,,,,,,,,,,,,,,,,,,,"{""B"": ""Liceo Paternina"", ""C"": ""Prueba Integral de Matriculas"", ""D"": ""2.0"", ""E"": ""45993.0"", ""F"": true, ""G"": ""46006.0"", ""H"": ""Hecho"", ""I"": ""Alto"", ""K"": ""Carmen Donoso"", ""L"": ""En el cierre""}",{},support,TASK_BELONGS_TO_PROJECT_TEMPLATE,HISTORICAL_TASK_BOUND_TO_PROJECT_TEMPLATE_NOT_TEMPLATE_ACTIVITY,,
tareas,TSK000224,task,✅Lista de Tareas,240,PRJ0016,Sigmund Freud,Sigmund Freud,Soporte,Implementado,support,Capacitación,Actividad,TSK000224,85234 - Capacitación para mostrar el modulo de recursos fisicos y su funcionalidad,2.0,2025-08-20,2025-10-28,true,Hecho,Medio,Geraldine Araque,N/A,PENDIENTE ACTA,support:ACT-149,,,,,,,,,,,,,,,,,,,,,,,,,,,,,,,"{""B"": ""Sigmund Freud"", ""C"": ""85234 - Capacitación para mostrar el modulo de recursos fisicos y su funcionalidad "", ""D"": ""2.0"", ""E"": ""45889.0"", ""F"": true, ""G"": ""45958.0"", ""H"": ""Hecho"", ""I"": ""Medio"", ""J"": ""N/A"", ""K"": ""Geraldine Araque"", ""L"": ""PENDIENTE ACTA""}","{""J"": ""if(or(F240=TRUE,G240>0,H240=\""Done\"",isblank(E240)),\""N/A\"",if($B$5<=E240,\""N/A\"",\""Overdue\""))""}",support,TASK_BELONGS_TO_PROJECT_TEMPLATE,HISTORICAL_TASK_BOUND_TO_PROJECT_TEMPLATE_NOT_TEMPLATE_ACTIVITY,,
tareas,TSK000225,task,✅Lista de Tareas,241,PRJ0013,Aspaen,Aspaen,Soporte,Schoolpack,support,Otros,Actividad,TSK000225,Mejoras en Ws de encuentas CANCELADO,2.0,2025-01-22,2025-01-22,true,Hecho,Alto,Carmen Donoso,,Esta pendiente por cotización de desarrollo,support:ACT-150,,,,,,,,,,,,,,,,,,,,,,,,,,,,,,,"{""B"": ""Aspaen"", ""C"": ""Mejoras en Ws de encuentas CANCELADO"", ""D"": ""2.0"", ""E"": ""45679.0"", ""F"": true, ""G"": ""45679.0"", ""H"": ""Hecho"", ""I"": ""Alto"", ""K"": ""Carmen Donoso"", ""L"": ""Esta pendiente por cotización de desarrollo""}",{},support,TASK_BELONGS_TO_PROJECT_TEMPLATE,HISTORICAL_TASK_BOUND_TO_PROJECT_TEMPLATE_NOT_TEMPLATE_ACTIVITY,,
tareas,TSK000226,task,✅Lista de Tareas,242,PRJ0003,The English School,The English School,Soporte,Schoolpack,support,Integraciones,Actividad,TSK000226,Interfaz Contable - Pruebas segunda fase y ajustes,4.0,2025-10-01,2025-10-02,true,Hecho,Alto,Sebastian Ballesteros,,,support:ACT-151,,,,,,,,,,,,,,,,,,,,,,,,,,,,,,,"{""B"": ""The English School"", ""C"": ""Interfaz Contable - Pruebas segunda fase y ajustes"", ""D"": ""4.0"", ""E"": ""45931.0"", ""F"": true, ""G"": ""45932.0"", ""H"": ""Hecho"", ""I"": ""Alto"", ""K"": ""Sebastian Ballesteros""}",{},support,TASK_BELONGS_TO_PROJECT_TEMPLATE,HISTORICAL_TASK_BOUND_TO_PROJECT_TEMPLATE_NOT_TEMPLATE_ACTIVITY,,
tareas,TSK000227,task,✅Lista de Tareas,243,PRJ0003,The English School,The English School,Soporte,Schoolpack,support,Desarrollos a la medida,Actividad,TSK000227,83713 - Aprobación y revisión de la documentación del desarrollo a la medida: PAP de parte del cliente,2.0,2015-05-15,2025-10-30,true,Hecho,Alto,Sebastian Ballesteros,N/A,Entra a Desarrollo ,support:ACT-152,,,,,,,,,,,,,,,,,,,,,,,,,,,,,,,"{""B"": ""The English School"", ""C"": ""83713 - Aprobación y revisión de la documentación del desarrollo a la medida: PAP de parte del cliente"", ""D"": ""2.0"", ""E"": ""42139.0"", ""F"": true, ""G"": ""45960.0"", ""H"": ""Hecho"", ""I"": ""Alto"", ""J"": ""N/A"", ""K"": ""Sebastian Ballesteros"", ""L"": ""Entra a Desarrollo ""}","{""J"": ""if(or(F243=TRUE,G243>0,H243=\""Done\"",isblank(E243)),\""N/A\"",if($B$5<=E243,\""N/A\"",\""Overdue\""))""}",support,TASK_BELONGS_TO_PROJECT_TEMPLATE,HISTORICAL_TASK_BOUND_TO_PROJECT_TEMPLATE_NOT_TEMPLATE_ACTIVITY,,
tareas,TSK000228,task,✅Lista de Tareas,244,PRJ0003,The English School,The English School,Soporte,Schoolpack,support,Integraciones,Actividad,TSK000228,85078 - Interfaz Contable: Pruebas de conexión Schoolpack a Novasoft y modificación dinamica contable movimientos,2.0,2025-08-08,2025-10-04,true,Hecho,Alto,Sebastian Ballesteros,N/A,"Se realizó las pruebas de la interfaz y se envió todo el mes de Julio, falta por enviar agosto el cual se hará 23 de septiembre(Deben firmar el acta por que ya se les entrego todo)",support:ACT-153,,,,,,,,,,,,,,,,,,,,,,,,,,,,,,,"{""B"": ""The English School"", ""C"": ""85078 - Interfaz Contable: Pruebas de conexión Schoolpack a Novasoft y modificación dinamica contable movimientos "", ""D"": ""2.0"", ""E"": ""45877.0"", ""F"": true, ""G"": ""45934.0"", ""H"": ""Hecho"", ""I"": ""Alto"", ""J"": ""N/A"", ""K"": ""Sebastian Ballesteros"", ""L"": ""Se realizó las pruebas de la interfaz y se envió todo el mes de Julio, falta por enviar agosto el cual se hará 23 de septiembre(Deben firmar el acta por que ya se les entrego todo)""}","{""J"": """"}",support,TASK_BELONGS_TO_PROJECT_TEMPLATE,HISTORICAL_TASK_BOUND_TO_PROJECT_TEMPLATE_NOT_TEMPLATE_ACTIVITY,,
tareas,TSK000229,task,✅Lista de Tareas,245,PRJ0022,INPEC,INPEC,Implementación,Campuspack,implementation_campuspack,Capacitación,Actividad,TSK000229,Capacitación Sac,1.0,2025-11-06,2025-11-06,true,Hecho,Alto,Carmen Donoso,N/A,8:30am,implementation_campuspack:ACT-68,,,,,,,,,,,,,,,,,,,,,,,,,,,,,,,"{""B"": ""INPEC"", ""C"": ""Capacitación Sac "", ""D"": ""1.0"", ""E"": ""45967.0"", ""F"": true, ""G"": ""45967.0"", ""H"": ""Hecho"", ""I"": ""Alto"", ""J"": ""N/A"", ""K"": ""Carmen Donoso"", ""L"": ""8:30am""}","{""J"": """"}",implementation_campuspack,TASK_BELONGS_TO_PROJECT_TEMPLATE,HISTORICAL_TASK_BOUND_TO_PROJECT_TEMPLATE_NOT_TEMPLATE_ACTIVITY,,
tareas,TSK000230,task,✅Lista de Tareas,246,PRJ0016,Sigmund Freud,Sigmund Freud,Soporte,Implementado,support,Admisiones,Actividad,TSK000230,85724 - Sesión Eliminación de campos en el proceso de admisiones (Cotización enviar OSE) (PENDIENTE FECHA  DE ENTREGA),2.0,2025-10-14,2025-10-14,true,Hecho,Medio,Geraldine Araque,N/A,Pedir a Francisco FECHA DE ENTREGA,support:ACT-154,,,,,,,,,,,,,,,,,,,,,,,,,,,,,,,"{""B"": ""Sigmund Freud"", ""C"": ""85724 - Sesión Eliminación de campos en el proceso de admisiones (Cotización enviar OSE) (PENDIENTE FECHA  DE ENTREGA)"", ""D"": ""2.0"", ""E"": ""45944.0"", ""F"": true, ""G"": ""45944.0"", ""H"": ""Hecho"", ""I"": ""Medio"", ""J"": ""N/A"", ""K"": ""Geraldine Araque"", ""L"": ""Pedir a Francisco FECHA DE ENTREGA""}","{""J"": """"}",support,TASK_BELONGS_TO_PROJECT_TEMPLATE,HISTORICAL_TASK_BOUND_TO_PROJECT_TEMPLATE_NOT_TEMPLATE_ACTIVITY,,
tareas,TSK000231,task,✅Lista de Tareas,247,PRJ0003,The English School,The English School,Soporte,Schoolpack,support,Integraciones,Actividad,TSK000231,Interfaz Contable - Finalziación de pruebas y aprobación del cliente,2.0,2025-10-03,2025-10-03,true,Hecho,Alto,Sebastian Ballesteros,,,support:ACT-155,,,,,,,,,,,,,,,,,,,,,,,,,,,,,,,"{""B"": ""The English School"", ""C"": ""Interfaz Contable - Finalziación de pruebas y aprobación del cliente"", ""D"": ""2.0"", ""E"": ""45933.0"", ""F"": true, ""G"": ""45933.0"", ""H"": ""Hecho"", ""I"": ""Alto"", ""K"": ""Sebastian Ballesteros""}",{},support,TASK_BELONGS_TO_PROJECT_TEMPLATE,HISTORICAL_TASK_BOUND_TO_PROJECT_TEMPLATE_NOT_TEMPLATE_ACTIVITY,,
tareas,TSK000232,task,✅Lista de Tareas,248,PRJ0003,The English School,The English School,Soporte,Schoolpack,support,Integraciones,Actividad,TSK000232,Interfaz Contable - Paso a producción,2.0,2025-10-04,2025-10-04,true,Hecho,Alto,Sebastian Ballesteros,,,support:ACT-156,,,,,,,,,,,,,,,,,,,,,,,,,,,,,,,"{""B"": ""The English School"", ""C"": ""Interfaz Contable - Paso a producción"", ""D"": ""2.0"", ""E"": ""45934.0"", ""F"": true, ""G"": ""45934.0"", ""H"": ""Hecho"", ""I"": ""Alto"", ""K"": ""Sebastian Ballesteros""}",{},support,TASK_BELONGS_TO_PROJECT_TEMPLATE,HISTORICAL_TASK_BOUND_TO_PROJECT_TEMPLATE_NOT_TEMPLATE_ACTIVITY,,
tareas,TSK000233,task,✅Lista de Tareas,249,PRJ0003,The English School,The English School,Soporte,Schoolpack,support,Integraciones,Actividad,TSK000233,Elaboración del Acta detallada de entrega firmada de la Interfaz Contable y de los terceros del doble responsable,1.0,2025-10-04,2025-10-15,true,Hecho,Urgente,Sebastian Ballesteros,,,support:ACT-157,,,,,,,,,,,,,,,,,,,,,,,,,,,,,,,"{""B"": ""The English School"", ""C"": ""Elaboración del Acta detallada de entrega firmada de la Interfaz Contable y de los terceros del doble responsable "", ""D"": ""1.0"", ""E"": ""45934.0"", ""F"": true, ""G"": ""45945.0"", ""H"": ""Hecho"", ""I"": ""Urgente"", ""K"": ""Sebastian Ballesteros""}",{},support,TASK_BELONGS_TO_PROJECT_TEMPLATE,HISTORICAL_TASK_BOUND_TO_PROJECT_TEMPLATE_NOT_TEMPLATE_ACTIVITY,,
tareas,TSK000234,task,✅Lista de Tareas,250,PRJ0003,The English School,The English School,Soporte,Schoolpack,support,Otros,Actividad,TSK000234,"Notas crédito, se deben validar y reversar de acuerdo al servicio, al concepto por centro de costos, confirmar la apertura de ítem NC",3.0,2025-09-01,2025-10-03,true,Hecho,Alto,Sebastian Ballesteros,N/A,,support:ACT-158,,,,,,,,,,,,,,,,,,,,,,,,,,,,,,,"{""B"": ""The English School"", ""C"": ""Notas crédito, se deben validar y reversar de acuerdo al servicio, al concepto por centro de costos, confirmar la apertura de ítem NC"", ""D"": ""3.0"", ""E"": ""45901.0"", ""F"": true, ""G"": ""45933.0"", ""H"": ""Hecho"", ""I"": ""Alto"", ""J"": ""N/A"", ""K"": ""Sebastian Ballesteros""}","{""J"": ""if(or(F250=TRUE,G250>0,H250=\""Done\"",isblank(E250)),\""N/A\"",if($B$5<=E250,\""N/A\"",\""Overdue\""))""}",support,TASK_BELONGS_TO_PROJECT_TEMPLATE,HISTORICAL_TASK_BOUND_TO_PROJECT_TEMPLATE_NOT_TEMPLATE_ACTIVITY,,
tareas,TSK000235,task,✅Lista de Tareas,251,PRJ0002,Fundación Incolmotos Yamaha,Fundación Incolmotos Yamaha,Soporte,Campuspack,support,Otros,Actividad,TSK000235,86380 - Sesión Correo de retrasmisión,1.0,2025-01-15,2025-01-15,true,Hecho,Alto,Geraldine Araque,,10:30am,support:ACT-159,,,,,,,,,,,,,,,,,,,,,,,,,,,,,,,"{""B"": ""Fundación Incolmotos Yamaha"", ""C"": ""86380 - Sesión Correo de retrasmisión "", ""D"": ""1.0"", ""E"": ""45672.0"", ""F"": true, ""G"": ""45672.0"", ""H"": ""Hecho"", ""I"": ""Alto"", ""K"": ""Geraldine Araque"", ""L"": ""10:30am""}",{},support,TASK_BELONGS_TO_PROJECT_TEMPLATE,HISTORICAL_TASK_BOUND_TO_PROJECT_TEMPLATE_NOT_TEMPLATE_ACTIVITY,,
tareas,TSK000236,task,✅Lista de Tareas,252,PRJ0002,Fundación Incolmotos Yamaha,Fundación Incolmotos Yamaha,Soporte,Campuspack,support,Integraciones,Actividad,TSK000236,Interfaz Contable (Siesa) y Facturación electronica,0.0,2025-09-30,2025-09-30,false,No iniciado,Alto,Julian Sanchez ,N/A,"En definición de parte de ellos, y a la espera de que el Botón de pagos esta OK",support:ACT-160,,,,,,,,,,,,,,,,,,,,,,,,,,,,,,,"{""B"": ""Fundación Incolmotos Yamaha"", ""C"": ""Interfaz Contable (Siesa) y Facturación electronica"", ""D"": ""0.0"", ""E"": ""45930.0"", ""F"": false, ""G"": ""45930.0"", ""H"": ""No iniciado"", ""I"": ""Alto"", ""J"": ""N/A"", ""K"": ""Julian Sanchez "", ""L"": ""En definición de parte de ellos, y a la espera de que el Botón de pagos esta OK""}","{""J"": ""if(or(F252=TRUE,G252>0,H252=\""Done\"",isblank(E252)),\""N/A\"",if($B$5<=E252,\""N/A\"",\""Overdue\""))""}",support,TASK_BELONGS_TO_PROJECT_TEMPLATE,HISTORICAL_TASK_BOUND_TO_PROJECT_TEMPLATE_NOT_TEMPLATE_ACTIVITY,,
tareas,TSK000237,task,✅Lista de Tareas,253,PRJ0002,Fundación Incolmotos Yamaha,Fundación Incolmotos Yamaha,Soporte,Campuspack,support,Documentación / Actas / Entrega,Actividad,TSK000237,Sesión de entrega Moodle en Producción,0.0,2026-01-27,2026-01-27,true,Hecho,Alto,Jhoec Camayo,,Pruebas de parte de Julian,support:ACT-161,,,,,,,,,,,,,,,,,,,,,,,,,,,,,,,"{""B"": ""Fundación Incolmotos Yamaha"", ""C"": ""Sesión de entrega Moodle en Producción"", ""D"": ""0.0"", ""E"": ""46049.0"", ""F"": true, ""G"": ""46049.0"", ""H"": ""Hecho"", ""I"": ""Alto"", ""K"": ""Jhoec Camayo"", ""L"": ""Pruebas de parte de Julian""}",{},support,TASK_BELONGS_TO_PROJECT_TEMPLATE,HISTORICAL_TASK_BOUND_TO_PROJECT_TEMPLATE_NOT_TEMPLATE_ACTIVITY,,
tareas,TSK000238,task,✅Lista de Tareas,254,PRJ0002,Fundación Incolmotos Yamaha,Fundación Incolmotos Yamaha,Soporte,Campuspack,support,Pruebas / Auditoría,Actividad,TSK000238,Sesión de pruebas Moodle,1.0,2025-12-22,2025-12-22,true,Hecho,Alto,Julian Sanchez ,,10am,support:ACT-162,,,,,,,,,,,,,,,,,,,,,,,,,,,,,,,"{""B"": ""Fundación Incolmotos Yamaha"", ""C"": ""Sesión de pruebas Moodle"", ""D"": ""1.0"", ""E"": ""46013.0"", ""F"": true, ""G"": ""46013.0"", ""H"": ""Hecho"", ""I"": ""Alto"", ""K"": ""Julian Sanchez "", ""L"": ""10am""}",{},support,TASK_BELONGS_TO_PROJECT_TEMPLATE,HISTORICAL_TASK_BOUND_TO_PROJECT_TEMPLATE_NOT_TEMPLATE_ACTIVITY,,
tareas,TSK000239,task,✅Lista de Tareas,255,PRJ0021,FESA,FESA,Soporte,Schoolpack,support,Matrículas,Actividad,TSK000239,85787 - Verificar las firmas de los reportes libros de matrícula que tenga la de rector y secretaria de manera correcta y si no actualizarlas,0.0,2025-10-14,2025-10-21,false,No iniciado,Medio,Geraldine Araque,N/A,Hasta que la Institución haga la solicitud ,support:ACT-163,,,,,,,,,,,,,,,,,,,,,,,,,,,,,,,"{""B"": ""FESA"", ""C"": ""85787 - Verificar las firmas de los reportes libros de matrícula que tenga la de rector y secretaria de manera correcta y si no actualizarlas"", ""D"": ""0.0"", ""E"": ""45944.0"", ""F"": false, ""G"": ""45951.0"", ""H"": ""No iniciado"", ""I"": ""Medio"", ""J"": ""N/A"", ""K"": ""Geraldine Araque"", ""L"": ""Hasta que la Institución haga la solicitud ""}","{""J"": ""if(or(F255=TRUE,G255>0,H255=\""Done\"",isblank(E255)),\""N/A\"",if($B$5<=E255,\""N/A\"",\""Overdue\""))""}",support,TASK_BELONGS_TO_PROJECT_TEMPLATE,HISTORICAL_TASK_BOUND_TO_PROJECT_TEMPLATE_NOT_TEMPLATE_ACTIVITY,,
tareas,TSK000240,task,✅Lista de Tareas,256,PRJ0014,San Jose de las Vegas,San Jose de las Vegas,Soporte,Schoolpack,support,Otros,Actividad,TSK000240,Ampliación campo Habeas Data,0.0,2025-08-06,2025-08-19,true,Hecho,Alto,Desarrollo,N/A,"Dura 15 dias, entrega de desarrollo el 13 Ago",support:ACT-164,,,,,,,,,,,,,,,,,,,,,,,,,,,,,,,"{""B"": ""San Jose de las Vegas"", ""C"": ""Ampliación campo Habeas Data"", ""D"": ""0.0"", ""E"": ""45875.0"", ""F"": true, ""G"": ""45888.0"", ""H"": ""Hecho"", ""I"": ""Alto"", ""J"": ""N/A"", ""K"": ""Desarrollo"", ""L"": ""Dura 15 dias, entrega de desarrollo el 13 Ago""}","{""J"": """"}",support,TASK_BELONGS_TO_PROJECT_TEMPLATE,HISTORICAL_TASK_BOUND_TO_PROJECT_TEMPLATE_NOT_TEMPLATE_ACTIVITY,,
tareas,TSK000241,task,✅Lista de Tareas,257,PRJ0003,The English School,The English School,Soporte,Schoolpack,support,Desarrollos a la medida,Actividad,TSK000241,"Doble persona responsable Jurídica, validar proceso de notas crédito, seguimiento a la documentación del desarrollo de parte de TES",1.0,2025-09-01,2025-10-03,true,Hecho,Alto,Sebastian Ballesteros,N/A,ODS sin firmar de parte de TES,support:ACT-165,,,,,,,,,,,,,,,,,,,,,,,,,,,,,,,"{""B"": ""The English School"", ""C"": ""Doble persona responsable Jurídica, validar proceso de notas crédito, seguimiento a la documentación del desarrollo de parte de TES"", ""D"": ""1.0"", ""E"": ""45901.0"", ""F"": true, ""G"": ""45933.0"", ""H"": ""Hecho"", ""I"": ""Alto"", ""J"": ""N/A"", ""K"": ""Sebastian Ballesteros"", ""L"": ""ODS sin firmar de parte de TES""}","{""J"": """"}",support,TASK_BELONGS_TO_PROJECT_TEMPLATE,HISTORICAL_TASK_BOUND_TO_PROJECT_TEMPLATE_NOT_TEMPLATE_ACTIVITY,,
tareas,TSK000242,task,✅Lista de Tareas,258,PRJ0003,The English School,The English School,Soporte,Schoolpack,support,Integraciones,Actividad,TSK000242,85803 - Manual de la Interfaz Contable para entrega al cliente,2.0,2025-10-09,2025-10-22,true,Hecho,Alto,Sebastian Ballesteros,N/A,,support:ACT-166,,,,,,,,,,,,,,,,,,,,,,,,,,,,,,,"{""B"": ""The English School"", ""C"": ""85803 - Manual de la Interfaz Contable para entrega al cliente"", ""D"": ""2.0"", ""E"": ""45939.0"", ""F"": true, ""G"": ""45952.0"", ""H"": ""Hecho"", ""I"": ""Alto"", ""J"": ""N/A"", ""K"": ""Sebastian Ballesteros""}","{""J"": """"}",support,TASK_BELONGS_TO_PROJECT_TEMPLATE,HISTORICAL_TASK_BOUND_TO_PROJECT_TEMPLATE_NOT_TEMPLATE_ACTIVITY,,
tareas,TSK000243,task,✅Lista de Tareas,259,PRJ0014,San Jose de las Vegas,San Jose de las Vegas,Soporte,Schoolpack,support,Admisiones,Actividad,TSK000243,85672 - Entrega del Desarrollo: Agregar campo de Sede en preinscripción en producción,1.0,2025-10-23,2025-11-07,true,Hecho,Alto,Geraldine Araque,N/A,,support:ACT-167,,,,,,,,,,,,,,,,,,,,,,,,,,,,,,,"{""B"": ""San Jose de las Vegas"", ""C"": ""85672 - Entrega del Desarrollo: Agregar campo de Sede en preinscripción en producción"", ""D"": ""1.0"", ""E"": ""45953.0"", ""F"": true, ""G"": ""45968.0"", ""H"": ""Hecho"", ""I"": ""Alto"", ""J"": ""N/A"", ""K"": ""Geraldine Araque""}","{""J"": """"}",support,TASK_BELONGS_TO_PROJECT_TEMPLATE,HISTORICAL_TASK_BOUND_TO_PROJECT_TEMPLATE_NOT_TEMPLATE_ACTIVITY,,
tareas,TSK000244,task,✅Lista de Tareas,260,PRJ0043,Upwaresoft,Upwaresoft,Soporte,Implementado,support,Integraciones,Actividad,TSK000244,"Enviar Protocolo del proceso de pruebas: 1.Interfaz Contable, 2.Interfaz Bancaria y 3.Botón de pagos",5.0,2025-10-08,2025-11-05,true,Hecho,Urgente,Sebastian Ballesteros,,PRIORITARIO LLEVA UN MES,support:ACT-168,,,,,,,,,,,,,,,,,,,,,,,,,,,,,,,"{""B"": ""Upwaresoft"", ""C"": ""Enviar Protocolo del proceso de pruebas: 1.Interfaz Contable, 2.Interfaz Bancaria y 3.Botón de pagos"", ""D"": ""5.0"", ""E"": ""45938.0"", ""F"": true, ""G"": ""45966.0"", ""H"": ""Hecho"", ""I"": ""Urgente"", ""K"": ""Sebastian Ballesteros"", ""L"": ""PRIORITARIO LLEVA UN MES""}",{},support,TASK_BELONGS_TO_PROJECT_TEMPLATE,HISTORICAL_TASK_BOUND_TO_PROJECT_TEMPLATE_NOT_TEMPLATE_ACTIVITY,,
tareas,TSK000245,task,✅Lista de Tareas,261,PRJ0002,Fundación Incolmotos Yamaha,Fundación Incolmotos Yamaha,Soporte,Campuspack,support,Documentación / Actas / Entrega,Actividad,TSK000245,Manuales ITY: Asignar recurso,1.0,2025-11-05,2025-11-05,true,Hecho,Alto,Jhoec Camayo,,"Sebas Financieros, Julian Esenciales y Matriculas, Carmen Valoraciones",support:ACT-169,,,,,,,,,,,,,,,,,,,,,,,,,,,,,,,"{""B"": ""Fundación Incolmotos Yamaha"", ""C"": ""Manuales ITY: Asignar recurso"", ""D"": ""1.0"", ""E"": ""45966.0"", ""F"": true, ""G"": ""45966.0"", ""H"": ""Hecho"", ""I"": ""Alto"", ""K"": ""Jhoec Camayo"", ""L"": ""Sebas Financieros, Julian Esenciales y Matriculas, Carmen Valoraciones""}",{},support,TASK_BELONGS_TO_PROJECT_TEMPLATE,HISTORICAL_TASK_BOUND_TO_PROJECT_TEMPLATE_NOT_TEMPLATE_ACTIVITY,,
tareas,TSK000246,task,✅Lista de Tareas,262,PRJ0043,Upwaresoft,Upwaresoft,Soporte,Implementado,support,Firma electrónica,Actividad,TSK000246,Acta de entrega de Firma electronica Contraloria,1.0,2025-10-01,2025-10-14,true,Hecho,Alto,Jhoec Camayo,N/A,,support:ACT-170,,,,,,,,,,,,,,,,,,,,,,,,,,,,,,,"{""B"": ""Upwaresoft"", ""C"": ""Acta de entrega de Firma electronica Contraloria"", ""D"": ""1.0"", ""E"": ""45931.0"", ""F"": true, ""G"": ""45944.0"", ""H"": ""Hecho"", ""I"": ""Alto"", ""J"": ""N/A"", ""K"": ""Jhoec Camayo""}","{""J"": ""if(or(F262=TRUE,G262>0,H262=\""Done\"",isblank(E262)),\""N/A\"",if($B$5<=E262,\""N/A\"",\""Overdue\""))""}",support,TASK_BELONGS_TO_PROJECT_TEMPLATE,HISTORICAL_TASK_BOUND_TO_PROJECT_TEMPLATE_NOT_TEMPLATE_ACTIVITY,,
tareas,TSK000247,task,✅Lista de Tareas,263,PRJ0002,Fundación Incolmotos Yamaha,Fundación Incolmotos Yamaha,Soporte,Campuspack,support,Botón de pagos,Actividad,TSK000247,PRIORITARIO: Manuales financieros: 1. Configuración financiera 2.Botón de pagos 3. Fechas de cobro 4. Reportes financieros,4.0,2025-11-13,2025-11-19,true,Hecho,Urgente,Sebastian Ballesteros,N/A,,support:ACT-171,,,,,,,,,,,,,,,,,,,,,,,,,,,,,,,"{""B"": ""Fundación Incolmotos Yamaha"", ""C"": ""PRIORITARIO: Manuales financieros: 1. Configuración financiera 2.Botón de pagos 3. Fechas de cobro 4. Reportes financieros"", ""D"": ""4.0"", ""E"": ""45974.0"", ""F"": true, ""G"": ""45980.0"", ""H"": ""Hecho"", ""I"": ""Urgente"", ""J"": ""N/A"", ""K"": ""Sebastian Ballesteros""}","{""J"": """"}",support,TASK_BELONGS_TO_PROJECT_TEMPLATE,HISTORICAL_TASK_BOUND_TO_PROJECT_TEMPLATE_NOT_TEMPLATE_ACTIVITY,,
tareas,TSK000248,task,✅Lista de Tareas,264,PRJ0026,Corp.Edu Adventista,Corp.Edu Adventista,Implementación,Schoolpack,implementation_schoolpack,Migración / Importadores,Actividad,TSK000248,86250 - Importadores financieros: Lista de chequeo financiera y Servicios: Seguimiento y revisión del formato diligenciado,3.0,2025-11-28,2026-01-21,true,Hecho,Alto,Sebastian Ballesteros,,,implementation_schoolpack:ACT-1,,,,,,,,,,,,,,,,,,,,,,,,,,,,,,,"{""B"": ""Corp.Edu Adventista"", ""C"": ""86250 - Importadores financieros: Lista de chequeo financiera y Servicios: Seguimiento y revisión del formato diligenciado"", ""D"": ""3.0"", ""E"": ""45989.0"", ""F"": true, ""G"": ""46043.0"", ""H"": ""Hecho"", ""I"": ""Alto"", ""K"": ""Sebastian Ballesteros""}",{},implementation_schoolpack,TASK_BELONGS_TO_PROJECT_TEMPLATE,HISTORICAL_TASK_BOUND_TO_PROJECT_TEMPLATE_NOT_TEMPLATE_ACTIVITY,,
tareas,TSK000249,task,✅Lista de Tareas,265,PRJ0013,Aspaen,Aspaen,Soporte,Schoolpack,support,Académico,Actividad,TSK000249,85810 - Modificación de la Pantalla Conf. Academica y Valoraciones: Cambiar palabra SEPA PRIME por GROW: Cotización enviar OSE,2.0,2025-11-24,2026-02-03,false,Hecho,Alto,Carmen Donoso,,,support:ACT-172,,,,,,,,,,,,,,,,,,,,,,,,,,,,,,,"{""B"": ""Aspaen"", ""C"": ""85810 - Modificación de la Pantalla Conf. Academica y Valoraciones: Cambiar palabra SEPA PRIME por GROW: Cotización enviar OSE"", ""D"": ""2.0"", ""E"": ""45985.0"", ""F"": false, ""G"": ""46056.0"", ""H"": ""Hecho"", ""I"": ""Alto"", ""K"": ""Carmen Donoso""}",{},support,TASK_BELONGS_TO_PROJECT_TEMPLATE,HISTORICAL_TASK_BOUND_TO_PROJECT_TEMPLATE_NOT_TEMPLATE_ACTIVITY,,
tareas,TSK000250,task,✅Lista de Tareas,266,PRJ0022,INPEC,INPEC,Implementación,Campuspack,implementation_campuspack,Migración / Importadores,Actividad,TSK000250,Capacitación y solicitud de importadores,1.0,2025-11-06,2025-11-06,true,Hecho,Alto,Carmen Donoso,N/A,12pm,implementation_campuspack:ACT-69,,,,,,,,,,,,,,,,,,,,,,,,,,,,,,,"{""B"": ""INPEC"", ""C"": ""Capacitación y solicitud de importadores "", ""D"": ""1.0"", ""E"": ""45967.0"", ""F"": true, ""G"": ""45967.0"", ""H"": ""Hecho"", ""I"": ""Alto"", ""J"": ""N/A"", ""K"": ""Carmen Donoso"", ""L"": ""12pm""}","{""J"": ""if(or(F266=TRUE,G266>0,H266=\""Done\"",isblank(E266)),\""N/A\"",if($B$5<=E266,\""N/A\"",\""Overdue\""))""}",implementation_campuspack,TASK_BELONGS_TO_PROJECT_TEMPLATE,HISTORICAL_TASK_BOUND_TO_PROJECT_TEMPLATE_NOT_TEMPLATE_ACTIVITY,,
tareas,TSK000251,task,✅Lista de Tareas,267,PRJ0022,INPEC,INPEC,Implementación,Campuspack,implementation_campuspack,Migración / Importadores,Actividad,TSK000251,Envio de los Formatos de los Importadores (Academics) y ANALISIS para automatización,5.0,2025-11-07,2025-11-25,true,Hecho,Urgente,Carmen Donoso,N/A,En pruebas primera semana de DICIEMBRE,implementation_campuspack:ACT-70,,,,,,,,,,,,,,,,,,,,,,,,,,,,,,,"{""B"": ""INPEC"", ""C"": ""Envio de los Formatos de los Importadores (Academics) y ANALISIS para automatización "", ""D"": ""5.0"", ""E"": ""45968.0"", ""F"": true, ""G"": ""45986.0"", ""H"": ""Hecho"", ""I"": ""Urgente"", ""J"": ""N/A"", ""K"": ""Carmen Donoso"", ""L"": ""En pruebas primera semana de DICIEMBRE""}","{""J"": """"}",implementation_campuspack,TASK_BELONGS_TO_PROJECT_TEMPLATE,HISTORICAL_TASK_BOUND_TO_PROJECT_TEMPLATE_NOT_TEMPLATE_ACTIVITY,,
tareas,TSK000252,task,✅Lista de Tareas,268,PRJ0013,Aspaen,Aspaen,Soporte,Schoolpack,support,Académico,Actividad,TSK000252,85810 - Modificación de la Pantalla Conf. Academica y Valoraciones: Cambiar palabra SEPA PRIME por GROW: Auditoria y entrega en ambiente de pruebas,6.0,2026-02-18,2026-02-18,true,Hecho,Alto,Carmen Donoso,,,support:ACT-173,,,,,,,,,,,,,,,,,,,,,,,,,,,,,,,"{""B"": ""Aspaen"", ""C"": ""85810 - Modificación de la Pantalla Conf. Academica y Valoraciones: Cambiar palabra SEPA PRIME por GROW: Auditoria y entrega en ambiente de pruebas"", ""D"": ""6.0"", ""E"": ""46071.0"", ""F"": true, ""G"": ""46071.0"", ""H"": ""Hecho"", ""I"": ""Alto"", ""K"": ""Carmen Donoso""}",{},support,TASK_BELONGS_TO_PROJECT_TEMPLATE,HISTORICAL_TASK_BOUND_TO_PROJECT_TEMPLATE_NOT_TEMPLATE_ACTIVITY,,
tareas,TSK000253,task,✅Lista de Tareas,269,PRJ0022,INPEC,INPEC,Implementación,Campuspack,implementation_campuspack,Migración / Importadores,Actividad,TSK000253,Envio de los Formatos de los Importadores (Academics) y ANALISIS para automatización a Desarrollo (Solicitar fecha),0.0,2025-11-07,2025-11-25,true,Hecho,Urgente,Jhoec Camayo,N/A,En pruebas primera semana de DICIEMBRE,implementation_campuspack:ACT-71,,,,,,,,,,,,,,,,,,,,,,,,,,,,,,,"{""B"": ""INPEC"", ""C"": ""Envio de los Formatos de los Importadores (Academics) y ANALISIS para automatización a Desarrollo (Solicitar fecha)"", ""D"": ""0.0"", ""E"": ""45968.0"", ""F"": true, ""G"": ""45986.0"", ""H"": ""Hecho"", ""I"": ""Urgente"", ""J"": ""N/A"", ""K"": ""Jhoec Camayo"", ""L"": ""En pruebas primera semana de DICIEMBRE""}","{""J"": ""if(or(F269=TRUE,G269>0,H269=\""Done\"",isblank(E269)),\""N/A\"",if($B$5<=E269,\""N/A\"",\""Overdue\""))""}",implementation_campuspack,TASK_BELONGS_TO_PROJECT_TEMPLATE,HISTORICAL_TASK_BOUND_TO_PROJECT_TEMPLATE_NOT_TEMPLATE_ACTIVITY,,
tareas,TSK000254,task,✅Lista de Tareas,270,PRJ0022,INPEC,INPEC,Implementación,Campuspack,implementation_campuspack,Admisiones,Actividad,TSK000254,Documentación Desarrollos a la medida y reportes personalizados: Admisiones y Matriculas,12.0,2025-11-13,2026-01-21,true,Hecho,Alto,Carmen Donoso,N/A,85979.0,implementation_campuspack:ACT-72,,,,,,,,,,,,,,,,,,,,,,,,,,,,,,,"{""B"": ""INPEC"", ""C"": ""Documentación Desarrollos a la medida y reportes personalizados: Admisiones y Matriculas"", ""D"": ""12.0"", ""E"": ""45974.0"", ""F"": true, ""G"": ""46043.0"", ""H"": ""Hecho"", ""I"": ""Alto"", ""J"": ""N/A"", ""K"": ""Carmen Donoso"", ""L"": ""85979.0""}","{""J"": """"}",implementation_campuspack,TASK_BELONGS_TO_PROJECT_TEMPLATE,HISTORICAL_TASK_BOUND_TO_PROJECT_TEMPLATE_NOT_TEMPLATE_ACTIVITY,,
tareas,TSK000255,task,✅Lista de Tareas,271,PRJ0022,INPEC,INPEC,Implementación,Campuspack,implementation_campuspack,Migración / Importadores,Actividad,TSK000255,Auditoria Importadores,4.0,2025-11-20,2025-12-09,true,Hecho,Alto,Carmen Donoso,,,implementation_campuspack:ACT-73,,,,,,,,,,,,,,,,,,,,,,,,,,,,,,,"{""B"": ""INPEC"", ""C"": ""Auditoria Importadores"", ""D"": ""4.0"", ""E"": ""45981.0"", ""F"": true, ""G"": ""46000.0"", ""H"": ""Hecho"", ""I"": ""Alto"", ""K"": ""Carmen Donoso""}",{},implementation_campuspack,TASK_BELONGS_TO_PROJECT_TEMPLATE,HISTORICAL_TASK_BOUND_TO_PROJECT_TEMPLATE_NOT_TEMPLATE_ACTIVITY,,
tareas,TSK000256,task,✅Lista de Tareas,272,PRJ0022,INPEC,INPEC,Implementación,Campuspack,implementation_campuspack,Configuración / Parametrización,Actividad,TSK000256,Configuración del servidor,10.0,2025-11-20,2025-12-12,true,Hecho,Alto,Desarrollo,N/A,Ultima sesión el 12 de diciembre 9am,implementation_campuspack:ACT-74,,,,,,,,,,,,,,,,,,,,,,,,,,,,,,,"{""B"": ""INPEC"", ""C"": ""Configuración del servidor"", ""D"": ""10.0"", ""E"": ""45981.0"", ""F"": true, ""G"": ""46003.0"", ""H"": ""Hecho"", ""I"": ""Alto"", ""J"": ""N/A"", ""K"": ""Desarrollo"", ""L"": ""Ultima sesión el 12 de diciembre 9am""}","{""J"": ""if(or(F272=TRUE,G272>0,H272=\""Done\"",isblank(E272)),\""N/A\"",if($B$5<=E272,\""N/A\"",\""Overdue\""))""}",implementation_campuspack,TASK_BELONGS_TO_PROJECT_TEMPLATE,HISTORICAL_TASK_BOUND_TO_PROJECT_TEMPLATE_NOT_TEMPLATE_ACTIVITY,,
tareas,TSK000257,task,✅Lista de Tareas,273,PRJ0001,Academia MISI,Academia MISI,Implementación,Campuspack,implementation_campuspack,Documentación / Actas / Entrega,Actividad,TSK000257,(Reportes personalizados) - Documentación: Visualizaciones en la pantalla de padres y alumnos Parcial y final,2.0,2025-10-08,2026-01-13,true,Hecho,Alto,Carmen Donoso,N/A,Reportes de mitad y final de semestre (Pendiente de prototipo de Carmen tiene Mario) pendiente de Desarrollo,implementation_campuspack:ACT-75,,,,,,,,,,,,,,,,,,,,,,,,,,,,,,,"{""B"": ""Academia MISI"", ""C"": ""(Reportes personalizados) - Documentación: Visualizaciones en la pantalla de padres y alumnos Parcial y final"", ""D"": ""2.0"", ""E"": ""45938.0"", ""F"": true, ""G"": ""46035.0"", ""H"": ""Hecho"", ""I"": ""Alto"", ""J"": ""N/A"", ""K"": ""Carmen Donoso"", ""L"": ""Reportes de mitad y final de semestre (Pendiente de prototipo de Carmen tiene Mario) pendiente de Desarrollo""}","{""J"": """"}",implementation_campuspack,TASK_BELONGS_TO_PROJECT_TEMPLATE,HISTORICAL_TASK_BOUND_TO_PROJECT_TEMPLATE_NOT_TEMPLATE_ACTIVITY,,
tareas,TSK000258,task,✅Lista de Tareas,274,PRJ0004,Corp.Edu Dr. Amin Ariza,Corp.Edu Dr. Amin Ariza,Implementación,Campuspack,implementation_campuspack,Financiero,Actividad,TSK000258,Sesión de trabajo Configuración Financiera: (Creación de servicios y tarifas),1.0,2025-12-01,2026-02-05,true,Hecho,Alto,Sebastian Ballesteros,,Con la Contadora,implementation_campuspack:ACT-76,,,,,,,,,,,,,,,,,,,,,,,,,,,,,,,"{""B"": ""Corp.Edu Dr. Amin Ariza"", ""C"": ""Sesión de trabajo Configuración Financiera: (Creación de servicios y tarifas)"", ""D"": ""1.0"", ""E"": ""45992.0"", ""F"": true, ""G"": ""46058.0"", ""H"": ""Hecho"", ""I"": ""Alto"", ""K"": ""Sebastian Ballesteros"", ""L"": ""Con la Contadora""}",{},implementation_campuspack,TASK_BELONGS_TO_PROJECT_TEMPLATE,HISTORICAL_TASK_BOUND_TO_PROJECT_TEMPLATE_NOT_TEMPLATE_ACTIVITY,,
tareas,TSK000259,task,✅Lista de Tareas,275,PRJ0024,Nuevo Gimnasio School,Nuevo Gimnasio School,Soporte,Schoolpack,support,Matrículas,Actividad,TSK000259,Entrega en producción Matriculas automatizadas -  Firma electronica,4.0,2025-11-14,2025-11-28,true,Hecho,Alto,Jhoec Camayo,,,support:ACT-174,,,,,,,,,,,,,,,,,,,,,,,,,,,,,,,"{""B"": ""Nuevo Gimnasio School"", ""C"": ""Entrega en producción Matriculas automatizadas -  Firma electronica"", ""D"": ""4.0"", ""E"": ""45975.0"", ""F"": true, ""G"": ""45989.0"", ""H"": ""Hecho"", ""I"": ""Alto"", ""K"": ""Jhoec Camayo""}",{},support,TASK_BELONGS_TO_PROJECT_TEMPLATE,HISTORICAL_TASK_BOUND_TO_PROJECT_TEMPLATE_NOT_TEMPLATE_ACTIVITY,,
tareas,TSK000260,task,✅Lista de Tareas,276,PRJ0043,Upwaresoft,Upwaresoft,Soporte,Implementado,support,Firma electrónica,Actividad,TSK000260,Hacer protoco del proceso de pruebas de Firma electronica,2.0,2025-10-08,2025-10-10,true,Hecho,Alto,Jhoec Camayo,N/A,,support:ACT-175,,,,,,,,,,,,,,,,,,,,,,,,,,,,,,,"{""B"": ""Upwaresoft"", ""C"": ""Hacer protoco del proceso de pruebas de Firma electronica "", ""D"": ""2.0"", ""E"": ""45938.0"", ""F"": true, ""G"": ""45940.0"", ""H"": ""Hecho"", ""I"": ""Alto"", ""J"": ""N/A"", ""K"": ""Jhoec Camayo""}","{""J"": ""if(or(F276=TRUE,G276>0,H276=\""Done\"",isblank(E276)),\""N/A\"",if($B$5<=E276,\""N/A\"",\""Overdue\""))""}",support,TASK_BELONGS_TO_PROJECT_TEMPLATE,HISTORICAL_TASK_BOUND_TO_PROJECT_TEMPLATE_NOT_TEMPLATE_ACTIVITY,,
tareas,TSK000261,task,✅Lista de Tareas,277,PRJ0025,Universidad de Envigado,Universidad de Envigado,Implementación,Campuspack,implementation_campuspack,Migración / Importadores,Actividad,TSK000261,"Recepcion, Auditoria y Puesta en pruebas Importadores: Alumnos, Empleados y docentes",4.0,2025-11-07,2025-11-21,true,Hecho,Alto,Julian Sanchez ,,"Entregado: Estudiantes, docentes y Plan de estudios. Pendiente: Notas",implementation_campuspack:ACT-77,,,,,,,,,,,,,,,,,,,,,,,,,,,,,,,"{""B"": ""Universidad de Envigado"", ""C"": ""Recepcion, Auditoria y Puesta en pruebas Importadores: Alumnos, Empleados y docentes"", ""D"": ""4.0"", ""E"": ""45968.0"", ""F"": true, ""G"": ""45982.0"", ""H"": ""Hecho"", ""I"": ""Alto"", ""K"": ""Julian Sanchez "", ""L"": ""Entregado: Estudiantes, docentes y Plan de estudios. Pendiente: Notas""}",{},implementation_campuspack,TASK_BELONGS_TO_PROJECT_TEMPLATE,HISTORICAL_TASK_BOUND_TO_PROJECT_TEMPLATE_NOT_TEMPLATE_ACTIVITY,,
tareas,TSK000262,task,✅Lista de Tareas,278,PRJ0016,Sigmund Freud,Sigmund Freud,Soporte,Implementado,support,Matrículas,Actividad,TSK000262,86063 - Entrega en producción Matriculas automatizadas -  Firma electronica,4.0,2025-11-04,2025-11-20,true,Hecho,Alto,Jhoec Camayo,,7NOV 8 am,support:ACT-176,,,,,,,,,,,,,,,,,,,,,,,,,,,,,,,"{""B"": ""Sigmund Freud"", ""C"": ""86063 - Entrega en producción Matriculas automatizadas -  Firma electronica"", ""D"": ""4.0"", ""E"": ""45965.0"", ""F"": true, ""G"": ""45981.0"", ""H"": ""Hecho"", ""I"": ""Alto"", ""K"": ""Jhoec Camayo"", ""L"": ""7NOV 8 am""}",{},support,TASK_BELONGS_TO_PROJECT_TEMPLATE,HISTORICAL_TASK_BOUND_TO_PROJECT_TEMPLATE_NOT_TEMPLATE_ACTIVITY,,
tareas,TSK000263,task,✅Lista de Tareas,279,PRJ0020,Comfaboy,Comfaboy,Soporte,Schoolpack,support,Admisiones,Actividad,TSK000263,Capacitación proceso de Admisiones,2.0,2025-11-10,2025-11-10,true,Hecho,Alto,Carmen Donoso,,,support:ACT-177,,,,,,,,,,,,,,,,,,,,,,,,,,,,,,,"{""B"": ""Comfaboy"", ""C"": ""Capacitación proceso de Admisiones"", ""D"": ""2.0"", ""E"": ""45971.0"", ""F"": true, ""G"": ""45971.0"", ""H"": ""Hecho"", ""I"": ""Alto"", ""K"": ""Carmen Donoso""}",{},support,TASK_BELONGS_TO_PROJECT_TEMPLATE,HISTORICAL_TASK_BOUND_TO_PROJECT_TEMPLATE_NOT_TEMPLATE_ACTIVITY,,
tareas,TSK000264,task,✅Lista de Tareas,280,PRJ0016,Sigmund Freud,Sigmund Freud,Soporte,Implementado,support,Acompañamiento / Seguimiento,Actividad,TSK000264,85724  - Seguimiento a la aprobación OSE Modificación proceso de Admisión,1.0,2025-10-23,2025-10-23,true,Hecho,Alto,Jhoec Camayo,N/A,CANCELADA EN LLAMADA CON JHOEC,support:ACT-178,,,,,,,,,,,,,,,,,,,,,,,,,,,,,,,"{""B"": ""Sigmund Freud"", ""C"": ""85724  - Seguimiento a la aprobación OSE Modificación proceso de Admisión"", ""D"": ""1.0"", ""E"": ""45953.0"", ""F"": true, ""G"": ""45953.0"", ""H"": ""Hecho"", ""I"": ""Alto"", ""J"": ""N/A"", ""K"": ""Jhoec Camayo"", ""L"": ""CANCELADA EN LLAMADA CON JHOEC""}","{""J"": ""if(or(F280=TRUE,G280>0,H280=\""Done\"",isblank(E280)),\""N/A\"",if($B$5<=E280,\""N/A\"",\""Overdue\""))""}",support,TASK_BELONGS_TO_PROJECT_TEMPLATE,HISTORICAL_TASK_BOUND_TO_PROJECT_TEMPLATE_NOT_TEMPLATE_ACTIVITY,,
tareas,TSK000265,task,✅Lista de Tareas,281,PRJ0003,The English School,The English School,Soporte,Schoolpack,support,Pruebas / Auditoría,Actividad,TSK000265,82951 - Prueba por parte del cliente de los Webs services– Seqta,2.0,2025-04-02,2025-11-19,true,Hecho,Alto,Jhoec Camayo,N/A,CANCELADO POR PARTE DE TES (19NOV),support:ACT-179,,,,,,,,,,,,,,,,,,,,,,,,,,,,,,,"{""B"": ""The English School"", ""C"": ""82951 - Prueba por parte del cliente de los Webs services– Seqta"", ""D"": ""2.0"", ""E"": ""45749.0"", ""F"": true, ""G"": ""45980.0"", ""H"": ""Hecho"", ""I"": ""Alto"", ""J"": ""N/A"", ""K"": ""Jhoec Camayo"", ""L"": ""CANCELADO POR PARTE DE TES (19NOV)""}","{""J"": """"}",support,TASK_BELONGS_TO_PROJECT_TEMPLATE,HISTORICAL_TASK_BOUND_TO_PROJECT_TEMPLATE_NOT_TEMPLATE_ACTIVITY,,
tareas,TSK000266,task,✅Lista de Tareas,282,PRJ0003,The English School,The English School,Soporte,Schoolpack,support,Desarrollos a la medida,Actividad,TSK000266,DESARROLLO -  PAP (Pago anticipado de pensión),0.0,2026-01-21,2026-01-21,false,En espera,Alto,Desarrollo,,En aprobación de la cotización de TES,support:ACT-180,,,,,,,,,,,,,,,,,,,,,,,,,,,,,,,"{""B"": ""The English School"", ""C"": ""DESARROLLO -  PAP (Pago anticipado de pensión)"", ""D"": ""0.0"", ""E"": ""46043.0"", ""F"": false, ""G"": ""46043.0"", ""H"": ""En espera"", ""I"": ""Alto"", ""K"": ""Desarrollo"", ""L"": ""En aprobación de la cotización de TES""}",{},support,TASK_BELONGS_TO_PROJECT_TEMPLATE,HISTORICAL_TASK_BOUND_TO_PROJECT_TEMPLATE_NOT_TEMPLATE_ACTIVITY,,
tareas,TSK000267,task,✅Lista de Tareas,283,PRJ0001,Academia MISI,Academia MISI,Implementación,Campuspack,implementation_campuspack,Desarrollos a la medida,Actividad,TSK000267,Error de cambio de perfil y de inventarios - Documentar y enviar por correo para revisión antes de pasar a Desarrollo,2.0,2025-12-10,2025-12-11,true,Hecho,Alto,Geraldine Araque,N/A,,implementation_campuspack:ACT-78,,,,,,,,,,,,,,,,,,,,,,,,,,,,,,,"{""B"": ""Academia MISI"", ""C"": ""Error de cambio de perfil y de inventarios - Documentar y enviar por correo para revisión antes de pasar a Desarrollo"", ""D"": ""2.0"", ""E"": ""46001.0"", ""F"": true, ""G"": ""46002.0"", ""H"": ""Hecho"", ""I"": ""Alto"", ""J"": ""N/A"", ""K"": ""Geraldine Araque""}","{""J"": ""if(or(F283=TRUE,G283>0,H283=\""Done\"",isblank(E283)),\""N/A\"",if($B$5<=E283,\""N/A\"",\""Overdue\""))""}",implementation_campuspack,TASK_BELONGS_TO_PROJECT_TEMPLATE,HISTORICAL_TASK_BOUND_TO_PROJECT_TEMPLATE_NOT_TEMPLATE_ACTIVITY,,
tareas,TSK000268,task,✅Lista de Tareas,284,PRJ0003,The English School,The English School,Soporte,Schoolpack,support,Reuniones y coordinación,Actividad,TSK000268,Documento Modulo SPA (Con especificaciones que menciono Cesar en la reunión),3.0,2025-11-24,2025-12-02,true,Hecho,Alto,Geraldine Araque,N/A,Instrucciónes las da Jhoec,support:ACT-181,,,,,,,,,,,,,,,,,,,,,,,,,,,,,,,"{""B"": ""The English School"", ""C"": ""Documento Modulo SPA (Con especificaciones que menciono Cesar en la reunión)"", ""D"": ""3.0"", ""E"": ""45985.0"", ""F"": true, ""G"": ""45993.0"", ""H"": ""Hecho"", ""I"": ""Alto"", ""J"": ""N/A"", ""K"": ""Geraldine Araque"", ""L"": ""Instrucciónes las da Jhoec""}","{""J"": """"}",support,TASK_BELONGS_TO_PROJECT_TEMPLATE,HISTORICAL_TASK_BOUND_TO_PROJECT_TEMPLATE_NOT_TEMPLATE_ACTIVITY,,
tareas,TSK000269,task,✅Lista de Tareas,285,PRJ0003,The English School,The English School,Soporte,Schoolpack,support,Desarrollos a la medida,Actividad,TSK000269,85936 - Cotización de requerimientos de los módulos Adicionales,1.0,2025-12-09,2025-12-23,false,Hecho,Alto,Jhoec Camayo,N/A,,support:ACT-182,,,,,,,,,,,,,,,,,,,,,,,,,,,,,,,"{""B"": ""The English School"", ""C"": ""85936 - Cotización de requerimientos de los módulos Adicionales"", ""D"": ""1.0"", ""E"": ""46000.0"", ""F"": false, ""G"": ""46014.0"", ""H"": ""Hecho"", ""I"": ""Alto"", ""J"": ""N/A"", ""K"": ""Jhoec Camayo""}","{""J"": """"}",support,TASK_BELONGS_TO_PROJECT_TEMPLATE,HISTORICAL_TASK_BOUND_TO_PROJECT_TEMPLATE_NOT_TEMPLATE_ACTIVITY,,
tareas,TSK000270,task,✅Lista de Tareas,286,PRJ0025,Universidad de Envigado,Universidad de Envigado,Implementación,Campuspack,implementation_campuspack,Migración / Importadores,Actividad,TSK000270,"Recepcion, Auditoria y Puesta en pruebas Importadores: Plan de estudios",4.0,2025-11-07,2026-01-28,true,Hecho,Alto,Julian Sanchez ,,,implementation_campuspack:ACT-79,,,,,,,,,,,,,,,,,,,,,,,,,,,,,,,"{""B"": ""Universidad de Envigado"", ""C"": ""Recepcion, Auditoria y Puesta en pruebas Importadores: Plan de estudios"", ""D"": ""4.0"", ""E"": ""45968.0"", ""F"": true, ""G"": ""46050.0"", ""H"": ""Hecho"", ""I"": ""Alto"", ""K"": ""Julian Sanchez ""}",{},implementation_campuspack,TASK_BELONGS_TO_PROJECT_TEMPLATE,HISTORICAL_TASK_BOUND_TO_PROJECT_TEMPLATE_NOT_TEMPLATE_ACTIVITY,,
tareas,TSK000271,task,✅Lista de Tareas,287,PRJ0025,Universidad de Envigado,Universidad de Envigado,Implementación,Campuspack,implementation_campuspack,Desarrollos a la medida,Actividad,TSK000271,Acompañamiento en la Documentación de los desarrollos a la medida,0.0,2025-11-11,2025-12-05,false,En progreso,Alto,Julian Sanchez ,N/A,,implementation_campuspack:ACT-80,,,,,,,,,,,,,,,,,,,,,,,,,,,,,,,"{""B"": ""Universidad de Envigado"", ""C"": ""Acompañamiento en la Documentación de los desarrollos a la medida"", ""D"": ""0.0"", ""E"": ""45972.0"", ""F"": false, ""G"": ""45996.0"", ""H"": ""En progreso"", ""I"": ""Alto"", ""J"": ""N/A"", ""K"": ""Julian Sanchez ""}","{""J"": ""if(or(F287=TRUE,G287>0,H287=\""Done\"",isblank(E287)),\""N/A\"",if($B$5<=E287,\""N/A\"",\""Overdue\""))""}",implementation_campuspack,TASK_BELONGS_TO_PROJECT_TEMPLATE,HISTORICAL_TASK_BOUND_TO_PROJECT_TEMPLATE_NOT_TEMPLATE_ACTIVITY,,
tareas,TSK000272,task,✅Lista de Tareas,288,PRJ0043,Upwaresoft,Upwaresoft,Soporte,Implementado,support,Otros,Actividad,TSK000272,Cierre de año: Programación con el cliente,15.0,2025-11-03,2025-11-03,true,Hecho,Alto,Sebastian Ballesteros,N/A,,support:ACT-183,,,,,,,,,,,,,,,,,,,,,,,,,,,,,,,"{""B"": ""Upwaresoft"", ""C"": ""Cierre de año: Programación con el cliente "", ""D"": ""15.0"", ""E"": ""45964.0"", ""F"": true, ""G"": ""45964.0"", ""H"": ""Hecho"", ""I"": ""Alto"", ""J"": ""N/A"", ""K"": ""Sebastian Ballesteros""}","{""J"": """"}",support,TASK_BELONGS_TO_PROJECT_TEMPLATE,HISTORICAL_TASK_BOUND_TO_PROJECT_TEMPLATE_NOT_TEMPLATE_ACTIVITY,,
tareas,TSK000273,task,✅Lista de Tareas,289,PRJ0025,Universidad de Envigado,Universidad de Envigado,Implementación,Campuspack,implementation_campuspack,Botón de pagos,Actividad,TSK000273,Proceso de Pago en Línea PSE - Solicitud del ambiente de pruebas de Avalpay,0.0,2025-11-07,2025-11-12,false,No iniciado,Alto,Jhoec Camayo,N/A,,implementation_campuspack:ACT-81,,,,,,,,,,,,,,,,,,,,,,,,,,,,,,,"{""B"": ""Universidad de Envigado"", ""C"": ""Proceso de Pago en Línea PSE - Solicitud del ambiente de pruebas de Avalpay"", ""D"": ""0.0"", ""E"": ""45968.0"", ""F"": false, ""G"": ""45973.0"", ""H"": ""No iniciado"", ""I"": ""Alto"", ""J"": ""N/A"", ""K"": ""Jhoec Camayo""}","{""J"": """"}",implementation_campuspack,TASK_BELONGS_TO_PROJECT_TEMPLATE,HISTORICAL_TASK_BOUND_TO_PROJECT_TEMPLATE_NOT_TEMPLATE_ACTIVITY,,
tareas,TSK000274,task,✅Lista de Tareas,290,PRJ0025,Universidad de Envigado,Universidad de Envigado,Implementación,Campuspack,implementation_campuspack,Admisiones,Actividad,TSK000274,Proceso de Admisiones Sesión 1,2.0,2026-02-23,2026-02-23,true,Hecho,Alto,Carmen Donoso,,1:30 a 3:30pm,implementation_campuspack:ACT-82,,,,,,,,,,,,,,,,,,,,,,,,,,,,,,,"{""B"": ""Universidad de Envigado"", ""C"": ""Proceso de Admisiones Sesión 1 "", ""D"": ""2.0"", ""E"": ""46076.0"", ""F"": true, ""G"": ""46076.0"", ""H"": ""Hecho"", ""I"": ""Alto"", ""K"": ""Carmen Donoso"", ""L"": ""1:30 a 3:30pm""}",{},implementation_campuspack,TASK_BELONGS_TO_PROJECT_TEMPLATE,HISTORICAL_TASK_BOUND_TO_PROJECT_TEMPLATE_NOT_TEMPLATE_ACTIVITY,,
tareas,TSK000275,task,✅Lista de Tareas,291,PRJ0025,Universidad de Envigado,Universidad de Envigado,Implementación,Campuspack,implementation_campuspack,Admisiones,Actividad,TSK000275,Proceso de Admisiones Sesión 2,2.0,2026-02-24,2026-02-24,true,Hecho,Alto,Carmen Donoso,,1:30 a 3:30pm,implementation_campuspack:ACT-83,,,,,,,,,,,,,,,,,,,,,,,,,,,,,,,"{""B"": ""Universidad de Envigado"", ""C"": ""Proceso de Admisiones Sesión 2"", ""D"": ""2.0"", ""E"": ""46077.0"", ""F"": true, ""G"": ""46077.0"", ""H"": ""Hecho"", ""I"": ""Alto"", ""K"": ""Carmen Donoso"", ""L"": ""1:30 a 3:30pm""}",{},implementation_campuspack,TASK_BELONGS_TO_PROJECT_TEMPLATE,HISTORICAL_TASK_BOUND_TO_PROJECT_TEMPLATE_NOT_TEMPLATE_ACTIVITY,,
tareas,TSK000276,task,✅Lista de Tareas,292,PRJ0025,Universidad de Envigado,Universidad de Envigado,Implementación,Campuspack,implementation_campuspack,Matrículas,Actividad,TSK000276,Proceso de Matriculas Sesión 1,2.0,2026-02-26,2026-02-26,true,Hecho,Alto,Carmen Donoso,,1:30 a 3:30pm,implementation_campuspack:ACT-84,,,,,,,,,,,,,,,,,,,,,,,,,,,,,,,"{""B"": ""Universidad de Envigado"", ""C"": ""Proceso de Matriculas Sesión 1 "", ""D"": ""2.0"", ""E"": ""46079.0"", ""F"": true, ""G"": ""46079.0"", ""H"": ""Hecho"", ""I"": ""Alto"", ""K"": ""Carmen Donoso"", ""L"": ""1:30 a 3:30pm""}",{},implementation_campuspack,TASK_BELONGS_TO_PROJECT_TEMPLATE,HISTORICAL_TASK_BOUND_TO_PROJECT_TEMPLATE_NOT_TEMPLATE_ACTIVITY,,
tareas,TSK000277,task,✅Lista de Tareas,293,PRJ0025,Universidad de Envigado,Universidad de Envigado,Implementación,Campuspack,implementation_campuspack,Matrículas,Actividad,TSK000277,Proceso de Matriculas Sesión 2,2.0,2026-02-27,2026-02-27,true,Hecho,Alto,Carmen Donoso,,1:30 a 3:30pm,implementation_campuspack:ACT-85,,,,,,,,,,,,,,,,,,,,,,,,,,,,,,,"{""B"": ""Universidad de Envigado"", ""C"": ""Proceso de Matriculas Sesión 2"", ""D"": ""2.0"", ""E"": ""46080.0"", ""F"": true, ""G"": ""46080.0"", ""H"": ""Hecho"", ""I"": ""Alto"", ""K"": ""Carmen Donoso"", ""L"": ""1:30 a 3:30pm""}",{},implementation_campuspack,TASK_BELONGS_TO_PROJECT_TEMPLATE,HISTORICAL_TASK_BOUND_TO_PROJECT_TEMPLATE_NOT_TEMPLATE_ACTIVITY,,
tareas,TSK000278,task,✅Lista de Tareas,294,PRJ0025,Universidad de Envigado,Universidad de Envigado,Implementación,Campuspack,implementation_campuspack,Integraciones,Actividad,TSK000278,Interfaz Contable NOVASOFT: Solicitar ambiente de pruebas de Novasoft.,0.0,2025-11-07,2025-11-07,false,No iniciado,Medio,Sebastian Ballesteros,,,implementation_campuspack:ACT-86,,,,,,,,,,,,,,,,,,,,,,,,,,,,,,,"{""B"": ""Universidad de Envigado"", ""C"": ""Interfaz Contable NOVASOFT: Solicitar ambiente de pruebas de Novasoft."", ""D"": ""0.0"", ""E"": ""45968.0"", ""F"": false, ""G"": ""45968.0"", ""H"": ""No iniciado"", ""I"": ""Medio"", ""K"": ""Sebastian Ballesteros""}",{},implementation_campuspack,TASK_BELONGS_TO_PROJECT_TEMPLATE,HISTORICAL_TASK_BOUND_TO_PROJECT_TEMPLATE_NOT_TEMPLATE_ACTIVITY,,
tareas,TSK000279,task,✅Lista de Tareas,295,PRJ0025,Universidad de Envigado,Universidad de Envigado,Implementación,Campuspack,implementation_campuspack,Integraciones,Actividad,TSK000279,Interfaz Contable NOVASOFT: Integración con Novasoft,0.0,2025-11-07,2025-11-07,false,No iniciado,Medio,Sebastian Ballesteros,,,implementation_campuspack:ACT-87,,,,,,,,,,,,,,,,,,,,,,,,,,,,,,,"{""B"": ""Universidad de Envigado"", ""C"": ""Interfaz Contable NOVASOFT: Integración con Novasoft"", ""D"": ""0.0"", ""E"": ""45968.0"", ""F"": false, ""G"": ""45968.0"", ""H"": ""No iniciado"", ""I"": ""Medio"", ""K"": ""Sebastian Ballesteros""}",{},implementation_campuspack,TASK_BELONGS_TO_PROJECT_TEMPLATE,HISTORICAL_TASK_BOUND_TO_PROJECT_TEMPLATE_NOT_TEMPLATE_ACTIVITY,,
tareas,TSK000280,task,✅Lista de Tareas,296,PRJ0025,Universidad de Envigado,Universidad de Envigado,Implementación,Campuspack,implementation_campuspack,Integraciones,Actividad,TSK000280,Interfaz Contable NOVASOFT: Auditoria y entrega de la Interfaz contable en ambiente de pruebas,0.0,2025-11-07,2025-11-07,false,No iniciado,Medio,Sebastian Ballesteros,,,implementation_campuspack:ACT-88,,,,,,,,,,,,,,,,,,,,,,,,,,,,,,,"{""B"": ""Universidad de Envigado"", ""C"": ""Interfaz Contable NOVASOFT: Auditoria y entrega de la Interfaz contable en ambiente de pruebas"", ""D"": ""0.0"", ""E"": ""45968.0"", ""F"": false, ""G"": ""45968.0"", ""H"": ""No iniciado"", ""I"": ""Medio"", ""K"": ""Sebastian Ballesteros""}",{},implementation_campuspack,TASK_BELONGS_TO_PROJECT_TEMPLATE,HISTORICAL_TASK_BOUND_TO_PROJECT_TEMPLATE_NOT_TEMPLATE_ACTIVITY,,
tareas,TSK000281,task,✅Lista de Tareas,297,PRJ0025,Universidad de Envigado,Universidad de Envigado,Implementación,Campuspack,implementation_campuspack,Integraciones,Actividad,TSK000281,Interfaz Contable NOVASOFT: Aprobación de parte del cliente y paso a productivo de la Interfaz contable,0.0,2025-11-07,2025-11-07,false,No iniciado,Medio,Sebastian Ballesteros,,,implementation_campuspack:ACT-89,,,,,,,,,,,,,,,,,,,,,,,,,,,,,,,"{""B"": ""Universidad de Envigado"", ""C"": ""Interfaz Contable NOVASOFT: Aprobación de parte del cliente y paso a productivo de la Interfaz contable"", ""D"": ""0.0"", ""E"": ""45968.0"", ""F"": false, ""G"": ""45968.0"", ""H"": ""No iniciado"", ""I"": ""Medio"", ""K"": ""Sebastian Ballesteros""}",{},implementation_campuspack,TASK_BELONGS_TO_PROJECT_TEMPLATE,HISTORICAL_TASK_BOUND_TO_PROJECT_TEMPLATE_NOT_TEMPLATE_ACTIVITY,,
tareas,TSK000282,task,✅Lista de Tareas,298,PRJ0043,Upwaresoft,Upwaresoft,Soporte,Implementado,support,Otros,Actividad,TSK000282,Cierre de año: Realización y envio de la OSE al cliente,15.0,2025-11-03,2025-11-03,true,Hecho,Alto,Sebastian Ballesteros,N/A,,support:ACT-184,,,,,,,,,,,,,,,,,,,,,,,,,,,,,,,"{""B"": ""Upwaresoft"", ""C"": ""Cierre de año: Realización y envio de la OSE al cliente"", ""D"": ""15.0"", ""E"": ""45964.0"", ""F"": true, ""G"": ""45964.0"", ""H"": ""Hecho"", ""I"": ""Alto"", ""J"": ""N/A"", ""K"": ""Sebastian Ballesteros""}","{""J"": ""if(or(F298=TRUE,G298>0,H298=\""Done\"",isblank(E298)),\""N/A\"",if($B$5<=E298,\""N/A\"",\""Overdue\""))""}",support,TASK_BELONGS_TO_PROJECT_TEMPLATE,HISTORICAL_TASK_BOUND_TO_PROJECT_TEMPLATE_NOT_TEMPLATE_ACTIVITY,,
tareas,TSK000283,task,✅Lista de Tareas,299,PRJ0043,Upwaresoft,Upwaresoft,Soporte,Implementado,support,Documentación / Actas / Entrega,Actividad,TSK000283,Cierre de año: Realización cierre de año y acta del cierre,15.0,2025-11-03,2025-11-03,true,Hecho,Alto,Sebastian Ballesteros,N/A,,support:ACT-185,,,,,,,,,,,,,,,,,,,,,,,,,,,,,,,"{""B"": ""Upwaresoft"", ""C"": ""Cierre de año: Realización cierre de año y acta del cierre"", ""D"": ""15.0"", ""E"": ""45964.0"", ""F"": true, ""G"": ""45964.0"", ""H"": ""Hecho"", ""I"": ""Alto"", ""J"": ""N/A"", ""K"": ""Sebastian Ballesteros""}","{""J"": """"}",support,TASK_BELONGS_TO_PROJECT_TEMPLATE,HISTORICAL_TASK_BOUND_TO_PROJECT_TEMPLATE_NOT_TEMPLATE_ACTIVITY,,
tareas,TSK000284,task,✅Lista de Tareas,300,PRJ0043,Upwaresoft,Upwaresoft,Soporte,Implementado,support,Otros,Actividad,TSK000284,Cierre de año: Programación con el cliente,10.0,2025-11-03,2025-11-03,true,Hecho,Alto,Geraldine Araque,N/A,,support:ACT-183,,,,,,,,,,,,,,,,,,,,,,,,,,,,,,,"{""B"": ""Upwaresoft"", ""C"": ""Cierre de año: Programación con el cliente "", ""D"": ""10.0"", ""E"": ""45964.0"", ""F"": true, ""G"": ""45964.0"", ""H"": ""Hecho"", ""I"": ""Alto"", ""J"": ""N/A"", ""K"": ""Geraldine Araque""}","{""J"": """"}",support,TASK_BELONGS_TO_PROJECT_TEMPLATE,HISTORICAL_TASK_BOUND_TO_PROJECT_TEMPLATE_NOT_TEMPLATE_ACTIVITY,,
tareas,TSK000285,task,✅Lista de Tareas,301,PRJ0002,Fundación Incolmotos Yamaha,Fundación Incolmotos Yamaha,Soporte,Campuspack,support,Otros,Actividad,TSK000285,Responder correo a Sebastian Arrubla con las Indicaciones de Cesar,1.0,2025-11-14,2025-11-14,true,Hecho,Urgente,Jhoec Camayo,N/A,,support:ACT-186,,,,,,,,,,,,,,,,,,,,,,,,,,,,,,,"{""B"": ""Fundación Incolmotos Yamaha"", ""C"": ""Responder correo a Sebastian Arrubla con las Indicaciones de Cesar "", ""D"": ""1.0"", ""E"": ""45975.0"", ""F"": true, ""G"": ""45975.0"", ""H"": ""Hecho"", ""I"": ""Urgente"", ""J"": ""N/A"", ""K"": ""Jhoec Camayo""}","{""J"": """"}",support,TASK_BELONGS_TO_PROJECT_TEMPLATE,HISTORICAL_TASK_BOUND_TO_PROJECT_TEMPLATE_NOT_TEMPLATE_ACTIVITY,,
tareas,TSK000286,task,✅Lista de Tareas,302,PRJ0043,Upwaresoft,Upwaresoft,Soporte,Implementado,support,Otros,Actividad,TSK000286,Cierre de año: Realización y envio de la OSE al cliente,10.0,2025-11-03,2025-11-03,true,Hecho,Alto,Geraldine Araque,N/A,,support:ACT-184,,,,,,,,,,,,,,,,,,,,,,,,,,,,,,,"{""B"": ""Upwaresoft"", ""C"": ""Cierre de año: Realización y envio de la OSE al cliente"", ""D"": ""10.0"", ""E"": ""45964.0"", ""F"": true, ""G"": ""45964.0"", ""H"": ""Hecho"", ""I"": ""Alto"", ""J"": ""N/A"", ""K"": ""Geraldine Araque""}","{""J"": """"}",support,TASK_BELONGS_TO_PROJECT_TEMPLATE,HISTORICAL_TASK_BOUND_TO_PROJECT_TEMPLATE_NOT_TEMPLATE_ACTIVITY,,
tareas,TSK000287,task,✅Lista de Tareas,303,PRJ0043,Upwaresoft,Upwaresoft,Soporte,Implementado,support,Documentación / Actas / Entrega,Actividad,TSK000287,Cierre de año: Realización cierre de año y acta del cierre,10.0,2025-11-03,2025-11-03,true,Hecho,Alto,Geraldine Araque,N/A,,support:ACT-185,,,,,,,,,,,,,,,,,,,,,,,,,,,,,,,"{""B"": ""Upwaresoft"", ""C"": ""Cierre de año: Realización cierre de año y acta del cierre"", ""D"": ""10.0"", ""E"": ""45964.0"", ""F"": true, ""G"": ""45964.0"", ""H"": ""Hecho"", ""I"": ""Alto"", ""J"": ""N/A"", ""K"": ""Geraldine Araque""}","{""J"": """"}",support,TASK_BELONGS_TO_PROJECT_TEMPLATE,HISTORICAL_TASK_BOUND_TO_PROJECT_TEMPLATE_NOT_TEMPLATE_ACTIVITY,,
tareas,TSK000288,task,✅Lista de Tareas,304,PRJ0043,Upwaresoft,Upwaresoft,Soporte,Implementado,support,Otros,Actividad,TSK000288,Cierre de año: Programación con el cliente,10.0,2025-11-03,2025-11-03,true,Hecho,Alto,Carmen Donoso,N/A,,support:ACT-183,,,,,,,,,,,,,,,,,,,,,,,,,,,,,,,"{""B"": ""Upwaresoft"", ""C"": ""Cierre de año: Programación con el cliente "", ""D"": ""10.0"", ""E"": ""45964.0"", ""F"": true, ""G"": ""45964.0"", ""H"": ""Hecho"", ""I"": ""Alto"", ""J"": ""N/A"", ""K"": ""Carmen Donoso""}","{""J"": """"}",support,TASK_BELONGS_TO_PROJECT_TEMPLATE,HISTORICAL_TASK_BOUND_TO_PROJECT_TEMPLATE_NOT_TEMPLATE_ACTIVITY,,
tareas,TSK000289,task,✅Lista de Tareas,305,PRJ0043,Upwaresoft,Upwaresoft,Soporte,Implementado,support,Otros,Actividad,TSK000289,Cierre de año: Realización y envio de la OSE al cliente,10.0,2025-11-03,2025-11-03,true,Hecho,Alto,Carmen Donoso,N/A,,support:ACT-184,,,,,,,,,,,,,,,,,,,,,,,,,,,,,,,"{""B"": ""Upwaresoft"", ""C"": ""Cierre de año: Realización y envio de la OSE al cliente"", ""D"": ""10.0"", ""E"": ""45964.0"", ""F"": true, ""G"": ""45964.0"", ""H"": ""Hecho"", ""I"": ""Alto"", ""J"": ""N/A"", ""K"": ""Carmen Donoso""}","{""J"": """"}",support,TASK_BELONGS_TO_PROJECT_TEMPLATE,HISTORICAL_TASK_BOUND_TO_PROJECT_TEMPLATE_NOT_TEMPLATE_ACTIVITY,,
tareas,TSK000290,task,✅Lista de Tareas,306,PRJ0043,Upwaresoft,Upwaresoft,Soporte,Implementado,support,Documentación / Actas / Entrega,Actividad,TSK000290,Cierre de año: Realización cierre de año y acta del cierre,10.0,2025-11-03,2025-11-03,true,Hecho,Alto,Carmen Donoso,N/A,,support:ACT-185,,,,,,,,,,,,,,,,,,,,,,,,,,,,,,,"{""B"": ""Upwaresoft"", ""C"": ""Cierre de año: Realización cierre de año y acta del cierre"", ""D"": ""10.0"", ""E"": ""45964.0"", ""F"": true, ""G"": ""45964.0"", ""H"": ""Hecho"", ""I"": ""Alto"", ""J"": ""N/A"", ""K"": ""Carmen Donoso""}","{""J"": """"}",support,TASK_BELONGS_TO_PROJECT_TEMPLATE,HISTORICAL_TASK_BOUND_TO_PROJECT_TEMPLATE_NOT_TEMPLATE_ACTIVITY,,
tareas,TSK000291,task,✅Lista de Tareas,307,PRJ0023,Contraloria,Contraloria,Soporte,Schoolpack,support,Botón de pagos,Actividad,TSK000291,Llamada diaria a la controlaria hasta solucionar Botón de pagos,3.0,2025-11-19,2025-12-04,true,Hecho,Alto,Sebastian Ballesteros,N/A,Canceñado porque no van salir con boton de pagos estan matriculas,support:ACT-187,,,,,,,,,,,,,,,,,,,,,,,,,,,,,,,"{""B"": ""Contraloria"", ""C"": ""Llamada diaria a la controlaria hasta solucionar Botón de pagos"", ""D"": ""3.0"", ""E"": ""45980.0"", ""F"": true, ""G"": ""45995.0"", ""H"": ""Hecho"", ""I"": ""Alto"", ""J"": ""N/A"", ""K"": ""Sebastian Ballesteros"", ""L"": ""Canceñado porque no van salir con boton de pagos estan matriculas""}","{""J"": """"}",support,TASK_BELONGS_TO_PROJECT_TEMPLATE,HISTORICAL_TASK_BOUND_TO_PROJECT_TEMPLATE_NOT_TEMPLATE_ACTIVITY,,
tareas,TSK000292,task,✅Lista de Tareas,308,PRJ0022,INPEC,INPEC,Implementación,Campuspack,implementation_campuspack,Reuniones y coordinación,Actividad,TSK000292,Sesión de socialización de importadores y documentación de desarrollo de admisiones (Los que se inscriben se matriculan de una vez),4.0,2025-12-05,2025-12-05,true,Hecho,Urgente,Carmen Donoso,N/A,"Carmencita a Julian, Ya no van a llenar importador de Grupos si no de una vez notas que incluye todo",implementation_campuspack:ACT-90,,,,,,,,,,,,,,,,,,,,,,,,,,,,,,,"{""B"": ""INPEC"", ""C"": ""Sesión de socialización de importadores y documentación de desarrollo de admisiones (Los que se inscriben se matriculan de una vez)"", ""D"": ""4.0"", ""E"": ""45996.0"", ""F"": true, ""G"": ""45996.0"", ""H"": ""Hecho"", ""I"": ""Urgente"", ""J"": ""N/A"", ""K"": ""Carmen Donoso"", ""L"": ""Carmencita a Julian, Ya no van a llenar importador de Grupos si no de una vez notas que incluye todo""}","{""J"": """"}",implementation_campuspack,TASK_BELONGS_TO_PROJECT_TEMPLATE,HISTORICAL_TASK_BOUND_TO_PROJECT_TEMPLATE_NOT_TEMPLATE_ACTIVITY,,
tareas,TSK000293,task,✅Lista de Tareas,309,PRJ0001,Academia MISI,Academia MISI,Implementación,Campuspack,implementation_campuspack,Académico,Actividad,TSK000293,Manual de Valoraciones,3.0,2025-12-11,2025-12-11,true,Hecho,Urgente,Carmen Donoso,,,implementation_campuspack:ACT-91,,,,,,,,,,,,,,,,,,,,,,,,,,,,,,,"{""B"": ""Academia MISI"", ""C"": ""Manual de Valoraciones"", ""D"": ""3.0"", ""E"": ""46002.0"", ""F"": true, ""G"": ""46002.0"", ""H"": ""Hecho"", ""I"": ""Urgente"", ""K"": ""Carmen Donoso""}",{},implementation_campuspack,TASK_BELONGS_TO_PROJECT_TEMPLATE,HISTORICAL_TASK_BOUND_TO_PROJECT_TEMPLATE_NOT_TEMPLATE_ACTIVITY,,
tareas,TSK000294,task,✅Lista de Tareas,310,PRJ0026,Corp.Edu Adventista,Corp.Edu Adventista,Implementación,Schoolpack,implementation_schoolpack,Capacitación,Actividad,TSK000294,86391 - Capacitación SAC y definición de usuarios,2.0,2025-11-28,2025-11-28,true,Hecho,Alto,Geraldine Araque,N/A,8am,implementation_schoolpack:ACT-2,,,,,,,,,,,,,,,,,,,,,,,,,,,,,,,"{""B"": ""Corp.Edu Adventista"", ""C"": ""86391 - Capacitación SAC y definición de usuarios"", ""D"": ""2.0"", ""E"": ""45989.0"", ""F"": true, ""G"": ""45989.0"", ""H"": ""Hecho"", ""I"": ""Alto"", ""J"": ""N/A"", ""K"": ""Geraldine Araque"", ""L"": ""8am""}","{""J"": ""if(or(F310=TRUE,G310>0,H310=\""Done\"",isblank(E310)),\""N/A\"",if($B$5<=E310,\""N/A\"",\""Overdue\""))""}",implementation_schoolpack,TASK_BELONGS_TO_PROJECT_TEMPLATE,HISTORICAL_TASK_BOUND_TO_PROJECT_TEMPLATE_NOT_TEMPLATE_ACTIVITY,,
tareas,TSK000295,task,✅Lista de Tareas,311,PRJ0026,Corp.Edu Adventista,Corp.Edu Adventista,Implementación,Schoolpack,implementation_schoolpack,Configuración / Parametrización,Actividad,TSK000295,Habilitación de servidores,1.0,2025-11-28,2025-12-04,true,Hecho,Alto,Jhoec Camayo,N/A,,implementation_schoolpack:ACT-3,,,,,,,,,,,,,,,,,,,,,,,,,,,,,,,"{""B"": ""Corp.Edu Adventista"", ""C"": ""Habilitación de servidores"", ""D"": ""1.0"", ""E"": ""45989.0"", ""F"": true, ""G"": ""45995.0"", ""H"": ""Hecho"", ""I"": ""Alto"", ""J"": ""N/A"", ""K"": ""Jhoec Camayo""}","{""J"": """"}",implementation_schoolpack,TASK_BELONGS_TO_PROJECT_TEMPLATE,HISTORICAL_TASK_BOUND_TO_PROJECT_TEMPLATE_NOT_TEMPLATE_ACTIVITY,,
tareas,TSK000296,task,✅Lista de Tareas,312,PRJ0026,Corp.Edu Adventista,Corp.Edu Adventista,Implementación,Schoolpack,implementation_schoolpack,Migración / Importadores,Actividad,TSK000296,"Importadores académicos: Estudiantes, Empleados y docentes, Asignaturas, Notas, Grupos, Lista de chequeo académica: Seguimiento y revisión del formato diligenciado",3.0,2025-12-03,2025-12-12,true,Hecho,Alto,Geraldine Araque,N/A,,implementation_schoolpack:ACT-4,,,,,,,,,,,,,,,,,,,,,,,,,,,,,,,"{""B"": ""Corp.Edu Adventista"", ""C"": ""Importadores académicos: Estudiantes, Empleados y docentes, Asignaturas, Notas, Grupos, Lista de chequeo académica: Seguimiento y revisión del formato diligenciado"", ""D"": ""3.0"", ""E"": ""45994.0"", ""F"": true, ""G"": ""46003.0"", ""H"": ""Hecho"", ""I"": ""Alto"", ""J"": ""N/A"", ""K"": ""Geraldine Araque""}","{""J"": """"}",implementation_schoolpack,TASK_BELONGS_TO_PROJECT_TEMPLATE,HISTORICAL_TASK_BOUND_TO_PROJECT_TEMPLATE_NOT_TEMPLATE_ACTIVITY,,
tareas,TSK000297,task,✅Lista de Tareas,313,PRJ0043,Upwaresoft,Upwaresoft,Soporte,Implementado,support,Otros,Actividad,TSK000297,Capacitarse en CAMPUSPACK,0.0,2025-12-11,2026-01-06,false,En progreso,Alto,Geraldine Araque,N/A,TODA LA SEMANA del 5 al 9,support:ACT-188,,,,,,,,,,,,,,,,,,,,,,,,,,,,,,,"{""B"": ""Upwaresoft"", ""C"": ""Capacitarse en CAMPUSPACK"", ""D"": ""0.0"", ""E"": ""46002.0"", ""F"": false, ""G"": ""46028.0"", ""H"": ""En progreso"", ""I"": ""Alto"", ""J"": ""N/A"", ""K"": ""Geraldine Araque"", ""L"": ""TODA LA SEMANA del 5 al 9""}","{""J"": """"}",support,TASK_BELONGS_TO_PROJECT_TEMPLATE,HISTORICAL_TASK_BOUND_TO_PROJECT_TEMPLATE_NOT_TEMPLATE_ACTIVITY,,
tareas,TSK000298,task,✅Lista de Tareas,314,PRJ0043,Upwaresoft,Upwaresoft,Soporte,Implementado,support,Otros,Actividad,TSK000298,Capacitarse en CAMPUSPACK,10.0,2025-12-11,2026-06-03,true,Hecho,Alto,Sebastian Ballesteros,N/A,,support:ACT-188,,,,,,,,,,,,,,,,,,,,,,,,,,,,,,,"{""B"": ""Upwaresoft"", ""C"": ""Capacitarse en CAMPUSPACK"", ""D"": ""10.0"", ""E"": ""46002.0"", ""F"": true, ""G"": ""46176.0"", ""H"": ""Hecho"", ""I"": ""Alto"", ""J"": ""N/A"", ""K"": ""Sebastian Ballesteros""}","{""J"": """"}",support,TASK_BELONGS_TO_PROJECT_TEMPLATE,HISTORICAL_TASK_BOUND_TO_PROJECT_TEMPLATE_NOT_TEMPLATE_ACTIVITY,,
tareas,TSK000299,task,✅Lista de Tareas,315,PRJ0009,Calasanzs,Calasanzs,Soporte,Implementado,support,Documentación / Actas / Entrega,Actividad,TSK000299,86191 - Documentación reporte de transporte (Actualizar la pantalla del English),0.0,2025-12-15,2026-01-30,true,Hecho,Alto,Sebastian Ballesteros,,Tiempo de migrar el Cod de esa sección de la matricula para Calazans del English,support:ACT-189,,,,,,,,,,,,,,,,,,,,,,,,,,,,,,,"{""B"": ""Calasanzs"", ""C"": ""86191 - Documentación reporte de transporte (Actualizar la pantalla del English)"", ""D"": ""0.0"", ""E"": ""46006.0"", ""F"": true, ""G"": ""46052.0"", ""H"": ""Hecho"", ""I"": ""Alto"", ""K"": ""Sebastian Ballesteros"", ""L"": ""Tiempo de migrar el Cod de esa sección de la matricula para Calazans del English""}",{},support,TASK_BELONGS_TO_PROJECT_TEMPLATE,HISTORICAL_TASK_BOUND_TO_PROJECT_TEMPLATE_NOT_TEMPLATE_ACTIVITY,,
tareas,TSK000300,task,✅Lista de Tareas,316,PRJ0043,Upwaresoft,Upwaresoft,Soporte,Implementado,support,Financiero,Actividad,TSK000300,Preparación y verificación para los procesos financieros y academicos de matriculas de los colegios calendario A (TODOS) ENTREGAR CHECKLIST CON EL OK,15.0,2026-01-05,2026-01-23,true,Hecho,Alto,Sebastian Ballesteros,,Entregar avances y novedades por correo,support:ACT-190,,,,,,,,,,,,,,,,,,,,,,,,,,,,,,,"{""B"": ""Upwaresoft"", ""C"": ""Preparación y verificación para los procesos financieros y academicos de matriculas de los colegios calendario A (TODOS) ENTREGAR CHECKLIST CON EL OK"", ""D"": ""15.0"", ""E"": ""46027.0"", ""F"": true, ""G"": ""46045.0"", ""H"": ""Hecho"", ""I"": ""Alto"", ""K"": ""Sebastian Ballesteros"", ""L"": ""Entregar avances y novedades por correo""}",{},support,TASK_BELONGS_TO_PROJECT_TEMPLATE,HISTORICAL_TASK_BOUND_TO_PROJECT_TEMPLATE_NOT_TEMPLATE_ACTIVITY,,
tareas,TSK000301,task,✅Lista de Tareas,317,PRJ0013,Aspaen,Aspaen,Soporte,Schoolpack,support,Otros,Actividad,TSK000301,83514 - Importación Datos de Beam (Retomar cuando ASPAEN decida),4.0,2026-04-08,2026-04-30,false,En espera,Alto,Carmen Donoso,N/A,,support:ACT-191,,,,,,,,,,,,,,,,,,,,,,,,,,,,,,,"{""B"": ""Aspaen"", ""C"": ""83514 - Importación Datos de Beam (Retomar cuando ASPAEN decida) "", ""D"": ""4.0"", ""E"": ""46120.0"", ""F"": false, ""G"": ""46142.0"", ""H"": ""En espera"", ""I"": ""Alto"", ""J"": ""N/A"", ""K"": ""Carmen Donoso"", ""AA"": ""46188.0""}","{""J"": ""if(or(F317=TRUE,G317>0,H317=\""Done\"",isblank(E317)),\""N/A\"",if($B$5<=E317,\""N/A\"",\""Overdue\""))""}",support,TASK_BELONGS_TO_PROJECT_TEMPLATE,HISTORICAL_TASK_BOUND_TO_PROJECT_TEMPLATE_NOT_TEMPLATE_ACTIVITY,,
tareas,TSK000302,task,✅Lista de Tareas,318,PRJ0043,Upwaresoft,Upwaresoft,Soporte,Implementado,support,Desarrollos a la medida,Actividad,TSK000302,Actividades detalladas del Proceso de Automatización con tiempos en (Dias y horas) (2h),2.0,2025-11-24,2025-12-03,true,Hecho,Urgente,Sebastian Ballesteros,N/A,,support:ACT-192,,,,,,,,,,,,,,,,,,,,,,,,,,,,,,,"{""B"": ""Upwaresoft"", ""C"": ""Actividades detalladas del Proceso de Automatización con tiempos en (Dias y horas) (2h)"", ""D"": ""2.0"", ""E"": ""45985.0"", ""F"": true, ""G"": ""45994.0"", ""H"": ""Hecho"", ""I"": ""Urgente"", ""J"": ""N/A"", ""K"": ""Sebastian Ballesteros""}","{""J"": """"}",support,TASK_BELONGS_TO_PROJECT_TEMPLATE,HISTORICAL_TASK_BOUND_TO_PROJECT_TEMPLATE_NOT_TEMPLATE_ACTIVITY,,
tareas,TSK000303,task,✅Lista de Tareas,319,PRJ0003,The English School,The English School,Soporte,Schoolpack,support,Admisiones,Actividad,TSK000303,PRIORITARIO: Documento de los RFP de los Modulos adicionales: 1. Admisiones 2. Matriculas 3.Seguridad y Extracurriculares,4.0,2025-11-25,2025-11-27,true,Hecho,Urgente,Jhoec Camayo,N/A,,support:ACT-193,,,,,,,,,,,,,,,,,,,,,,,,,,,,,,,"{""B"": ""The English School"", ""C"": ""PRIORITARIO: Documento de los RFP de los Modulos adicionales: 1. Admisiones 2. Matriculas 3.Seguridad y Extracurriculares"", ""D"": ""4.0"", ""E"": ""45986.0"", ""F"": true, ""G"": ""45988.0"", ""H"": ""Hecho"", ""I"": ""Urgente"", ""J"": ""N/A"", ""K"": ""Jhoec Camayo""}","{""J"": """"}",support,TASK_BELONGS_TO_PROJECT_TEMPLATE,HISTORICAL_TASK_BOUND_TO_PROJECT_TEMPLATE_NOT_TEMPLATE_ACTIVITY,,
tareas,TSK000304,task,✅Lista de Tareas,320,PRJ0003,The English School,The English School,Soporte,Schoolpack,support,Integraciones,Actividad,TSK000304,"PRIORITARIO: Pruebas Interfaz Contable, tiene que quedar listo el MARTES, COMPROMISO DE CESAR",2.0,2025-11-24,2025-11-25,true,Hecho,Alto,Sebastian Ballesteros,N/A,,support:ACT-194,,,,,,,,,,,,,,,,,,,,,,,,,,,,,,,"{""B"": ""The English School"", ""C"": ""PRIORITARIO: Pruebas Interfaz Contable, tiene que quedar listo el MARTES, COMPROMISO DE CESAR"", ""D"": ""2.0"", ""E"": ""45985.0"", ""F"": true, ""G"": ""45986.0"", ""H"": ""Hecho"", ""I"": ""Alto"", ""J"": ""N/A"", ""K"": ""Sebastian Ballesteros""}","{""J"": """"}",support,TASK_BELONGS_TO_PROJECT_TEMPLATE,HISTORICAL_TASK_BOUND_TO_PROJECT_TEMPLATE_NOT_TEMPLATE_ACTIVITY,,
tareas,TSK000305,task,✅Lista de Tareas,321,PRJ0008,Corazonistas,Corazonistas,Soporte,Implementado,support,Desarrollos a la medida,Actividad,TSK000305,Documento de Proceso de automatización,0.0,2025-12-02,2025-12-03,false,Hecho,Alto,Jhoec Camayo,,,support:ACT-195,,,,,,,,,,,,,,,,,,,,,,,,,,,,,,,"{""B"": ""Corazonistas"", ""C"": ""Documento de Proceso de automatización "", ""D"": ""0.0"", ""E"": ""45993.0"", ""F"": false, ""G"": ""45994.0"", ""H"": ""Hecho"", ""I"": ""Alto"", ""K"": ""Jhoec Camayo""}",{},support,TASK_BELONGS_TO_PROJECT_TEMPLATE,HISTORICAL_TASK_BOUND_TO_PROJECT_TEMPLATE_NOT_TEMPLATE_ACTIVITY,,
tareas,TSK000306,task,✅Lista de Tareas,322,PRJ0026,Corp.Edu Adventista,Corp.Edu Adventista,Implementación,Schoolpack,implementation_schoolpack,Migración / Importadores,Actividad,TSK000306,"Auditoria y puesta en pruebas Importadores financieros: Lista de chequeo financiera,  Servicios",4.0,2026-01-13,2026-01-21,true,Hecho,Alto,Sebastian Ballesteros,,,implementation_schoolpack:ACT-5,,,,,,,,,,,,,,,,,,,,,,,,,,,,,,,"{""B"": ""Corp.Edu Adventista"", ""C"": ""Auditoria y puesta en pruebas Importadores financieros: Lista de chequeo financiera,  Servicios"", ""D"": ""4.0"", ""E"": ""46035.0"", ""F"": true, ""G"": ""46043.0"", ""H"": ""Hecho"", ""I"": ""Alto"", ""K"": ""Sebastian Ballesteros""}",{},implementation_schoolpack,TASK_BELONGS_TO_PROJECT_TEMPLATE,HISTORICAL_TASK_BOUND_TO_PROJECT_TEMPLATE_NOT_TEMPLATE_ACTIVITY,,
tareas,TSK000307,task,✅Lista de Tareas,323,PRJ0026,Corp.Edu Adventista,Corp.Edu Adventista,Implementación,Schoolpack,implementation_schoolpack,Integraciones,Actividad,TSK000307,86330 - Interfaz Bancaria: Seguimiento a la entrega de la documentación de parte del cliente - ACTA DE CANCELACION,2.0,2026-01-13,2026-01-23,true,Hecho,Alto,Sebastian Ballesteros,N/A,DARIO NO ESTA INTERESADO EN MANEJARLO,implementation_schoolpack:ACT-6,,,,,,,,,,,,,,,,,,,,,,,,,,,,,,,"{""B"": ""Corp.Edu Adventista"", ""C"": ""86330 - Interfaz Bancaria: Seguimiento a la entrega de la documentación de parte del cliente - ACTA DE CANCELACION"", ""D"": ""2.0"", ""E"": ""46035.0"", ""F"": true, ""G"": ""46045.0"", ""H"": ""Hecho"", ""I"": ""Alto"", ""J"": ""N/A"", ""K"": ""Sebastian Ballesteros"", ""L"": ""DARIO NO ESTA INTERESADO EN MANEJARLO""}","{""J"": ""if(or(F323=TRUE,G323>0,H323=\""Done\"",isblank(E323)),\""N/A\"",if($B$5<=E323,\""N/A\"",\""Overdue\""))""}",implementation_schoolpack,TASK_BELONGS_TO_PROJECT_TEMPLATE,HISTORICAL_TASK_BOUND_TO_PROJECT_TEMPLATE_NOT_TEMPLATE_ACTIVITY,,
tareas,TSK000308,task,✅Lista de Tareas,324,PRJ0026,Corp.Edu Adventista,Corp.Edu Adventista,Implementación,Schoolpack,implementation_schoolpack,Integraciones,Actividad,TSK000308,"86329 - Interfaz Contable: Seguimiento a la entrega de la documentación de parte del cliente (Formatos de SIGO), Pendiente Dinamica y malla contable",1.0,2026-01-13,2026-02-06,true,Hecho,Alto,Sebastian Ballesteros,N/A,,implementation_schoolpack:ACT-7,,,,,,,,,,,,,,,,,,,,,,,,,,,,,,,"{""B"": ""Corp.Edu Adventista"", ""C"": ""86329 - Interfaz Contable: Seguimiento a la entrega de la documentación de parte del cliente (Formatos de SIGO), Pendiente Dinamica y malla contable"", ""D"": ""1.0"", ""E"": ""46035.0"", ""F"": true, ""G"": ""46059.0"", ""H"": ""Hecho"", ""I"": ""Alto"", ""J"": ""N/A"", ""K"": ""Sebastian Ballesteros""}","{""J"": """"}",implementation_schoolpack,TASK_BELONGS_TO_PROJECT_TEMPLATE,HISTORICAL_TASK_BOUND_TO_PROJECT_TEMPLATE_NOT_TEMPLATE_ACTIVITY,,
tareas,TSK000309,task,✅Lista de Tareas,325,PRJ0003,The English School,The English School,Soporte,Schoolpack,support,Integraciones,Actividad,TSK000309,PRIORITARIO: Programar sesión SSO (Verificación de certificados) con Carlos Andres para esta semana,4.0,2025-11-25,2025-12-05,true,Hecho,Alto,Jhoec Camayo,N/A,"3pm con Carlos Andres, Luneas a las 9am, sesión final el viernes 12am",support:ACT-196,,,,,,,,,,,,,,,,,,,,,,,,,,,,,,,"{""B"": ""The English School"", ""C"": ""PRIORITARIO: Programar sesión SSO (Verificación de certificados) con Carlos Andres para esta semana"", ""D"": ""4.0"", ""E"": ""45986.0"", ""F"": true, ""G"": ""45996.0"", ""H"": ""Hecho"", ""I"": ""Alto"", ""J"": ""N/A"", ""K"": ""Jhoec Camayo"", ""L"": ""3pm con Carlos Andres, Luneas a las 9am, sesión final el viernes 12am""}","{""J"": """"}",support,TASK_BELONGS_TO_PROJECT_TEMPLATE,HISTORICAL_TASK_BOUND_TO_PROJECT_TEMPLATE_NOT_TEMPLATE_ACTIVITY,,
tareas,TSK000310,task,✅Lista de Tareas,326,PRJ0043,Upwaresoft,Upwaresoft,Soporte,Implementado,support,Financiero,Actividad,TSK000310,Preparación y verificación para los procesos financieros y academicos de matriculas de los colegios calendario A (TODOS). ENTREGAR CHECKLIST CON EL OK,15.0,2026-01-05,2026-01-23,true,Hecho,Alto,Geraldine Araque,,Entregar avances y novedades por correo,support:ACT-197,,,,,,,,,,,,,,,,,,,,,,,,,,,,,,,"{""B"": ""Upwaresoft"", ""C"": ""Preparación y verificación para los procesos financieros y academicos de matriculas de los colegios calendario A (TODOS). ENTREGAR CHECKLIST CON EL OK"", ""D"": ""15.0"", ""E"": ""46027.0"", ""F"": true, ""G"": ""46045.0"", ""H"": ""Hecho"", ""I"": ""Alto"", ""K"": ""Geraldine Araque"", ""L"": ""Entregar avances y novedades por correo""}",{},support,TASK_BELONGS_TO_PROJECT_TEMPLATE,HISTORICAL_TASK_BOUND_TO_PROJECT_TEMPLATE_NOT_TEMPLATE_ACTIVITY,,
tareas,TSK000311,task,✅Lista de Tareas,327,PRJ0026,Corp.Edu Adventista,Corp.Edu Adventista,Implementación,Schoolpack,implementation_schoolpack,Integraciones,Actividad,TSK000311,"86329 - Interfaz Contable: Dinamica y malla contable, Conexión con SIGO",2.0,2026-01-26,2026-04-16,true,Hecho,Urgente,Sebastian Ballesteros,,,implementation_schoolpack:ACT-8,,,,,,,,,,,,,,,,,,,,,,,,,,,,,,,"{""B"": ""Corp.Edu Adventista"", ""C"": ""86329 - Interfaz Contable: Dinamica y malla contable, Conexión con SIGO"", ""D"": ""2.0"", ""E"": ""46048.0"", ""F"": true, ""G"": ""46128.0"", ""H"": ""Hecho"", ""I"": ""Urgente"", ""K"": ""Sebastian Ballesteros""}",{},implementation_schoolpack,TASK_BELONGS_TO_PROJECT_TEMPLATE,HISTORICAL_TASK_BOUND_TO_PROJECT_TEMPLATE_NOT_TEMPLATE_ACTIVITY,,
tareas,TSK000312,task,✅Lista de Tareas,328,PRJ0026,Corp.Edu Adventista,Corp.Edu Adventista,Implementación,Schoolpack,implementation_schoolpack,Botón de pagos,Actividad,TSK000312,86328 - Pago en linea PSE: Seguimiento a la entrega de la documentación de parte del cliente (Codigos ACH),1.0,2026-01-13,2026-01-20,true,Hecho,Alto,Sebastian Ballesteros,N/A,,implementation_schoolpack:ACT-9,,,,,,,,,,,,,,,,,,,,,,,,,,,,,,,"{""B"": ""Corp.Edu Adventista"", ""C"": ""86328 - Pago en linea PSE: Seguimiento a la entrega de la documentación de parte del cliente (Codigos ACH)"", ""D"": ""1.0"", ""E"": ""46035.0"", ""F"": true, ""G"": ""46042.0"", ""H"": ""Hecho"", ""I"": ""Alto"", ""J"": ""N/A"", ""K"": ""Sebastian Ballesteros""}","{""J"": ""if(or(F328=TRUE,G328>0,H328=\""Done\"",isblank(E328)),\""N/A\"",if($B$5<=E328,\""N/A\"",\""Overdue\""))""}",implementation_schoolpack,TASK_BELONGS_TO_PROJECT_TEMPLATE,HISTORICAL_TASK_BOUND_TO_PROJECT_TEMPLATE_NOT_TEMPLATE_ACTIVITY,,
tareas,TSK000313,task,✅Lista de Tareas,329,PRJ0043,Upwaresoft,Upwaresoft,Soporte,Implementado,support,Académico,Actividad,TSK000313,Manuales académicos Campuspack,10.0,2026-01-05,2026-01-09,false,En progreso,Alto,Geraldine Araque,,Escolme ya Matriculas Admisiones ,support:ACT-198,,,,,,,,,,,,,,,,,,,,,,,,,,,,,,,"{""B"": ""Upwaresoft"", ""C"": ""Manuales académicos Campuspack"", ""D"": ""10.0"", ""E"": ""46027.0"", ""F"": false, ""G"": ""46031.0"", ""H"": ""En progreso"", ""I"": ""Alto"", ""K"": ""Geraldine Araque"", ""L"": ""Escolme ya Matriculas Admisiones ""}",{},support,TASK_BELONGS_TO_PROJECT_TEMPLATE,HISTORICAL_TASK_BOUND_TO_PROJECT_TEMPLATE_NOT_TEMPLATE_ACTIVITY,,
tareas,TSK000314,task,✅Lista de Tareas,330,PRJ0009,Calasanzs,Calasanzs,Soporte,Implementado,support,Matrículas,Actividad,TSK000314,86156 - Documentación Desarrrollo: Matriculas y modulos adicionales,0.0,2026-01-13,2026-02-02,true,Hecho,Alto,Geraldine Araque,,"Reunión con el Rector y Francisco Teran, para darle continuidad al proceso. (Leer la lay academica)",support:ACT-199,,,,,,,,,,,,,,,,,,,,,,,,,,,,,,,"{""B"": ""Calasanzs"", ""C"": ""86156 - Documentación Desarrrollo: Matriculas y modulos adicionales"", ""D"": ""0.0"", ""E"": ""46035.0"", ""F"": true, ""G"": ""46055.0"", ""H"": ""Hecho"", ""I"": ""Alto"", ""K"": ""Geraldine Araque"", ""L"": ""Reunión con el Rector y Francisco Teran, para darle continuidad al proceso. (Leer la lay academica)""}",{},support,TASK_BELONGS_TO_PROJECT_TEMPLATE,HISTORICAL_TASK_BOUND_TO_PROJECT_TEMPLATE_NOT_TEMPLATE_ACTIVITY,,
tareas,TSK000315,task,✅Lista de Tareas,331,PRJ0003,The English School,The English School,Soporte,Schoolpack,support,Documentación / Actas / Entrega,Actividad,TSK000315,"PRIORITARIO ESTA SEMANA ENTREGA: Documentación: Diagramas LMS, Horarios y Notas",2.0,2025-11-26,2025-11-28,true,Hecho,Urgente,Geraldine Araque,N/A,,support:ACT-200,,,,,,,,,,,,,,,,,,,,,,,,,,,,,,,"{""B"": ""The English School"", ""C"": ""PRIORITARIO ESTA SEMANA ENTREGA: Documentación: Diagramas LMS, Horarios y Notas"", ""D"": ""2.0"", ""E"": ""45987.0"", ""F"": true, ""G"": ""45989.0"", ""H"": ""Hecho"", ""I"": ""Urgente"", ""J"": ""N/A"", ""K"": ""Geraldine Araque""}","{""J"": ""if(or(F331=TRUE,G331>0,H331=\""Done\"",isblank(E331)),\""N/A\"",if($B$5<=E331,\""N/A\"",\""Overdue\""))""}",support,TASK_BELONGS_TO_PROJECT_TEMPLATE,HISTORICAL_TASK_BOUND_TO_PROJECT_TEMPLATE_NOT_TEMPLATE_ACTIVITY,,
tareas,TSK000316,task,✅Lista de Tareas,332,PRJ0002,Fundación Incolmotos Yamaha,Fundación Incolmotos Yamaha,Soporte,Campuspack,support,Documentación / Actas / Entrega,Actividad,TSK000316,Instructivo de como hacer el pago en linea paso a paso,2.0,2025-11-25,2025-11-27,true,Hecho,Alto,Jhoec Camayo,N/A,,support:ACT-201,,,,,,,,,,,,,,,,,,,,,,,,,,,,,,,"{""B"": ""Fundación Incolmotos Yamaha"", ""C"": ""Instructivo de como hacer el pago en linea paso a paso "", ""D"": ""2.0"", ""E"": ""45986.0"", ""F"": true, ""G"": ""45988.0"", ""H"": ""Hecho"", ""I"": ""Alto"", ""J"": ""N/A"", ""K"": ""Jhoec Camayo""}","{""J"": """"}",support,TASK_BELONGS_TO_PROJECT_TEMPLATE,HISTORICAL_TASK_BOUND_TO_PROJECT_TEMPLATE_NOT_TEMPLATE_ACTIVITY,,
tareas,TSK000317,task,✅Lista de Tareas,333,PRJ0002,Fundación Incolmotos Yamaha,Fundación Incolmotos Yamaha,Soporte,Campuspack,support,Matrículas,Actividad,TSK000317,Personalización Campos obligatorios en Matriculas: Entrega documentación a Desarrollo,1.0,2025-12-03,2025-12-03,true,Hecho,Alto,Jhoec Camayo,,,support:ACT-202,,,,,,,,,,,,,,,,,,,,,,,,,,,,,,,"{""B"": ""Fundación Incolmotos Yamaha"", ""C"": ""Personalización Campos obligatorios en Matriculas: Entrega documentación a Desarrollo"", ""D"": ""1.0"", ""E"": ""45994.0"", ""F"": true, ""G"": ""45994.0"", ""H"": ""Hecho"", ""I"": ""Alto"", ""K"": ""Jhoec Camayo""}",{},support,TASK_BELONGS_TO_PROJECT_TEMPLATE,HISTORICAL_TASK_BOUND_TO_PROJECT_TEMPLATE_NOT_TEMPLATE_ACTIVITY,,
tareas,TSK000318,task,✅Lista de Tareas,334,PRJ0002,Fundación Incolmotos Yamaha,Fundación Incolmotos Yamaha,Soporte,Campuspack,support,Otros,Actividad,TSK000318,Correo de Retrasmisión provicional ya quedo configurado,2.0,2025-11-24,2025-12-04,true,Hecho,Urgente,Jhoec Camayo,,Mejora don Guille mejora del sistema,support:ACT-203,,,,,,,,,,,,,,,,,,,,,,,,,,,,,,,"{""B"": ""Fundación Incolmotos Yamaha"", ""C"": ""Correo de Retrasmisión provicional ya quedo configurado"", ""D"": ""2.0"", ""E"": ""45985.0"", ""F"": true, ""G"": ""45995.0"", ""H"": ""Hecho"", ""I"": ""Urgente"", ""K"": ""Jhoec Camayo"", ""L"": ""Mejora don Guille mejora del sistema""}",{},support,TASK_BELONGS_TO_PROJECT_TEMPLATE,HISTORICAL_TASK_BOUND_TO_PROJECT_TEMPLATE_NOT_TEMPLATE_ACTIVITY,,
tareas,TSK000319,task,✅Lista de Tareas,335,PRJ0020,Comfaboy,Comfaboy,Soporte,Schoolpack,support,Acompañamiento / Seguimiento,Actividad,TSK000319,"Acompañamiento Cierre de año (Sogamoso, Tunja y Chiquinquira) (Enviar OSE)",3.0,2025-11-26,2025-11-28,true,Hecho,Alto,Jhoec Camayo,N/A,9am (Enviar OSE),support:ACT-204,,,,,,,,,,,,,,,,,,,,,,,,,,,,,,,"{""B"": ""Comfaboy"", ""C"": ""Acompañamiento Cierre de año (Sogamoso, Tunja y Chiquinquira) (Enviar OSE)"", ""D"": ""3.0"", ""E"": ""45987.0"", ""F"": true, ""G"": ""45989.0"", ""H"": ""Hecho"", ""I"": ""Alto"", ""J"": ""N/A"", ""K"": ""Jhoec Camayo"", ""L"": ""9am (Enviar OSE)""}","{""J"": ""if(or(F335=TRUE,G335>0,H335=\""Done\"",isblank(E335)),\""N/A\"",if($B$5<=E335,\""N/A\"",\""Overdue\""))""}",support,TASK_BELONGS_TO_PROJECT_TEMPLATE,HISTORICAL_TASK_BOUND_TO_PROJECT_TEMPLATE_NOT_TEMPLATE_ACTIVITY,,
tareas,TSK000320,task,✅Lista de Tareas,336,PRJ0018,Colegio Gimnasio del Saber,Colegio Gimnasio del Saber,Soporte,Schoolpack,support,Capacitación,Actividad,TSK000320,86373 - Capacitación Evaluación Institucional y ACTA,0.0,2025-12-19,2025-12-19,true,Hecho,Alto,Geraldine Araque,N/A,11am,support:ACT-205,,,,,,,,,,,,,,,,,,,,,,,,,,,,,,,"{""B"": ""Colegio Gimnasio del Saber"", ""C"": ""86373 - Capacitación Evaluación Institucional y ACTA"", ""D"": ""0.0"", ""E"": ""46010.0"", ""F"": true, ""G"": ""46010.0"", ""H"": ""Hecho"", ""I"": ""Alto"", ""J"": ""N/A"", ""K"": ""Geraldine Araque"", ""L"": ""11am""}","{""J"": """"}",support,TASK_BELONGS_TO_PROJECT_TEMPLATE,HISTORICAL_TASK_BOUND_TO_PROJECT_TEMPLATE_NOT_TEMPLATE_ACTIVITY,,
tareas,TSK000321,task,✅Lista de Tareas,337,PRJ0026,Corp.Edu Adventista,Corp.Edu Adventista,Implementación,Schoolpack,implementation_schoolpack,Integraciones,Actividad,TSK000321,86329 - Interfaz Contable: Sesión de Entrega en pruebas al cliente,2.0,2026-04-23,2026-04-24,false,En espera,Alto,Sebastian Ballesteros,,,implementation_schoolpack:ACT-10,,,,,,,,,,,,,,,,,,,,,,,,,,,,,,,"{""B"": ""Corp.Edu Adventista"", ""C"": ""86329 - Interfaz Contable: Sesión de Entrega en pruebas al cliente"", ""D"": ""2.0"", ""E"": ""46135.0"", ""F"": false, ""G"": ""46136.0"", ""H"": ""En espera"", ""I"": ""Alto"", ""K"": ""Sebastian Ballesteros""}",{},implementation_schoolpack,TASK_BELONGS_TO_PROJECT_TEMPLATE,HISTORICAL_TASK_BOUND_TO_PROJECT_TEMPLATE_NOT_TEMPLATE_ACTIVITY,,
tareas,TSK000322,task,✅Lista de Tareas,338,PRJ0015,KIAI,KIAI,Soporte,Schoolpack,support,Integraciones,Actividad,TSK000322,"Integración recepción información comprobantes financieros a los ERP (Ya se conectaron los correos, Don guillermo esta revisando si estamos revisando información) Ajuste del Jason, activación del correo",,2026-04-09,2026-04-24,false,En progreso,Alto,Sebastian Ballesteros,,,support:ACT-206,,,,,,,,,,,,,,,,,,,,,,,,,,,,,,,"{""B"": ""KIAI"", ""C"": ""Integración recepción información comprobantes financieros a los ERP (Ya se conectaron los correos, Don guillermo esta revisando si estamos revisando información) Ajuste del Jason, activación del correo"", ""E"": ""46121.0"", ""F"": false, ""G"": ""46136.0"", ""H"": ""En progreso"", ""I"": ""Alto"", ""K"": ""Sebastian Ballesteros""}",{},support,TASK_BELONGS_TO_PROJECT_TEMPLATE,HISTORICAL_TASK_BOUND_TO_PROJECT_TEMPLATE_NOT_TEMPLATE_ACTIVITY,,
tareas,TSK000323,task,✅Lista de Tareas,339,PRJ0015,KIAI,KIAI,Soporte,Schoolpack,support,Firma electrónica,Actividad,TSK000323,Firma electrónica KIAI (nuevo software),2.0,2026-05-04,2026-05-27,false,En progreso,Alto,Jhoec Camayo,,,support:ACT-207,,,,,,,,,,,,,,,,,,,,,,,,,,,,,,,"{""B"": ""KIAI"", ""C"": ""Firma electrónica KIAI (nuevo software)"", ""D"": ""2.0"", ""E"": ""46146.0"", ""F"": false, ""G"": ""46169.0"", ""H"": ""En progreso"", ""I"": ""Alto"", ""K"": ""Jhoec Camayo""}",{},support,TASK_BELONGS_TO_PROJECT_TEMPLATE,HISTORICAL_TASK_BOUND_TO_PROJECT_TEMPLATE_NOT_TEMPLATE_ACTIVITY,,
tareas,TSK000324,task,✅Lista de Tareas,340,PRJ0026,Corp.Edu Adventista,Corp.Edu Adventista,Implementación,Schoolpack,implementation_schoolpack,Pruebas / Auditoría,Actividad,TSK000324,86328 - Pago en linea PSE: Activación y pruebas ACTA Y ENTREGA,2.0,2026-01-21,2026-05-13,false,En espera,Urgente,Jhoec Camayo,,Cartas autorizadores (Correo),implementation_schoolpack:ACT-11,,,,,,,,,,,,,,,,,,,,,,,,,,,,,,,"{""B"": ""Corp.Edu Adventista"", ""C"": ""86328 - Pago en linea PSE: Activación y pruebas ACTA Y ENTREGA"", ""D"": ""2.0"", ""E"": ""46043.0"", ""F"": false, ""G"": ""46155.0"", ""H"": ""En espera"", ""I"": ""Urgente"", ""K"": ""Jhoec Camayo"", ""L"": ""Cartas autorizadores (Correo)""}",{},implementation_schoolpack,TASK_BELONGS_TO_PROJECT_TEMPLATE,HISTORICAL_TASK_BOUND_TO_PROJECT_TEMPLATE_NOT_TEMPLATE_ACTIVITY,,
tareas,TSK000325,task,✅Lista de Tareas,341,PRJ0043,Upwaresoft,Upwaresoft,Soporte,Implementado,support,Reuniones y coordinación,Actividad,TSK000325,Programar Reunión todo el equipo: Novedades de la norma (Bienestar y Academico),2.0,2026-02-17,2026-02-17,true,Hecho,Urgente,Jhoec Camayo,,,support:ACT-208,,,,,,,,,,,,,,,,,,,,,,,,,,,,,,,"{""B"": ""Upwaresoft"", ""C"": ""Programar Reunión todo el equipo: Novedades de la norma (Bienestar y Academico)"", ""D"": ""2.0"", ""E"": ""46070.0"", ""F"": true, ""G"": ""46070.0"", ""H"": ""Hecho"", ""I"": ""Urgente"", ""K"": ""Jhoec Camayo""}",{},support,TASK_BELONGS_TO_PROJECT_TEMPLATE,HISTORICAL_TASK_BOUND_TO_PROJECT_TEMPLATE_NOT_TEMPLATE_ACTIVITY,,
tareas,TSK000326,task,✅Lista de Tareas,342,PRJ0028,Jalam,Jalam,Implementación,Schoolpack,implementation_schoolpack,Otros,Actividad,TSK000326,6 Videos del SAC,10.0,2026-01-23,2026-01-28,true,Hecho,Alto,Geraldine Araque,,,implementation_schoolpack:ACT-12,,,,,,,,,,,,,,,,,,,,,,,,,,,,,,,"{""B"": ""Jalam"", ""C"": ""6 Videos del SAC"", ""D"": ""10.0"", ""E"": ""46045.0"", ""F"": true, ""G"": ""46050.0"", ""H"": ""Hecho"", ""I"": ""Alto"", ""K"": ""Geraldine Araque""}",{},implementation_schoolpack,TASK_BELONGS_TO_PROJECT_TEMPLATE,HISTORICAL_TASK_BOUND_TO_PROJECT_TEMPLATE_NOT_TEMPLATE_ACTIVITY,,
tareas,TSK000327,task,✅Lista de Tareas,343,PRJ0026,Corp.Edu Adventista,Corp.Edu Adventista,Implementación,Schoolpack,implementation_schoolpack,Documentación / Actas / Entrega,Actividad,TSK000327,86328 - Pago en linea PSE: Entrega en producción,,2026-02-19,2026-02-19,false,No iniciado,Alto,Jhoec Camayo,,,implementation_schoolpack:ACT-13,,,,,,,,,,,,,,,,,,,,,,,,,,,,,,,"{""B"": ""Corp.Edu Adventista"", ""C"": ""86328 - Pago en linea PSE: Entrega en producción "", ""E"": ""46072.0"", ""F"": false, ""G"": ""46072.0"", ""H"": ""No iniciado"", ""I"": ""Alto"", ""K"": ""Jhoec Camayo""}",{},implementation_schoolpack,TASK_BELONGS_TO_PROJECT_TEMPLATE,HISTORICAL_TASK_BOUND_TO_PROJECT_TEMPLATE_NOT_TEMPLATE_ACTIVITY,,
tareas,TSK000328,task,✅Lista de Tareas,344,PRJ0026,Corp.Edu Adventista,Corp.Edu Adventista,Implementación,Schoolpack,implementation_schoolpack,Migración / Importadores,Actividad,TSK000328,"Auditoria y puesta en pruebas Importadores academicos: Estuantes, Empleados y docentes, Asignaturas, Notas, Grupos académicos",6.0,2026-01-13,2026-02-09,true,Hecho,Alto,Geraldine Araque,,,implementation_schoolpack:ACT-14,,,,,,,,,,,,,,,,,,,,,,,,,,,,,,,"{""B"": ""Corp.Edu Adventista"", ""C"": ""Auditoria y puesta en pruebas Importadores academicos: Estuantes, Empleados y docentes, Asignaturas, Notas, Grupos académicos"", ""D"": ""6.0"", ""E"": ""46035.0"", ""F"": true, ""G"": ""46062.0"", ""H"": ""Hecho"", ""I"": ""Alto"", ""K"": ""Geraldine Araque""}",{},implementation_schoolpack,TASK_BELONGS_TO_PROJECT_TEMPLATE,HISTORICAL_TASK_BOUND_TO_PROJECT_TEMPLATE_NOT_TEMPLATE_ACTIVITY,,
tareas,TSK000329,task,✅Lista de Tareas,345,PRJ0026,Corp.Edu Adventista,Corp.Edu Adventista,Implementación,Schoolpack,implementation_schoolpack,Migración / Importadores,Actividad,TSK000329,"Aprobación y paso a producción Importadores academicos: Estuantes, Empleados y docentes, Asignaturas, Grupos académicos (ACTA)",2.0,2026-01-13,2026-02-16,true,Hecho,Alto,Geraldine Araque,,Sesión 8:30am,implementation_schoolpack:ACT-15,,,,,,,,,,,,,,,,,,,,,,,,,,,,,,,"{""B"": ""Corp.Edu Adventista"", ""C"": ""Aprobación y paso a producción Importadores academicos: Estuantes, Empleados y docentes, Asignaturas, Grupos académicos (ACTA)"", ""D"": ""2.0"", ""E"": ""46035.0"", ""F"": true, ""G"": ""46069.0"", ""H"": ""Hecho"", ""I"": ""Alto"", ""K"": ""Geraldine Araque"", ""L"": ""Sesión 8:30am""}",{},implementation_schoolpack,TASK_BELONGS_TO_PROJECT_TEMPLATE,HISTORICAL_TASK_BOUND_TO_PROJECT_TEMPLATE_NOT_TEMPLATE_ACTIVITY,,
tareas,TSK000330,task,✅Lista de Tareas,346,PRJ0026,Corp.Edu Adventista,Corp.Edu Adventista,Implementación,Schoolpack,implementation_schoolpack,Migración / Importadores,Actividad,TSK000330,Auditoria y puesta en pruebas Importadores Financieros: Servicios y lista de chequeo financiera,1.0,2026-01-13,2026-01-22,true,Hecho,Alto,Sebastian Ballesteros,,,implementation_schoolpack:ACT-16,,,,,,,,,,,,,,,,,,,,,,,,,,,,,,,"{""B"": ""Corp.Edu Adventista"", ""C"": ""Auditoria y puesta en pruebas Importadores Financieros: Servicios y lista de chequeo financiera"", ""D"": ""1.0"", ""E"": ""46035.0"", ""F"": true, ""G"": ""46044.0"", ""H"": ""Hecho"", ""I"": ""Alto"", ""K"": ""Sebastian Ballesteros""}",{},implementation_schoolpack,TASK_BELONGS_TO_PROJECT_TEMPLATE,HISTORICAL_TASK_BOUND_TO_PROJECT_TEMPLATE_NOT_TEMPLATE_ACTIVITY,,
tareas,TSK000331,task,✅Lista de Tareas,347,PRJ0026,Corp.Edu Adventista,Corp.Edu Adventista,Implementación,Schoolpack,implementation_schoolpack,Reuniones y coordinación,Actividad,TSK000331,Sesión de trabajo en conjunto presencial: Diligenciamiento de todos los importadores,6.0,2026-01-20,2026-01-21,true,Hecho,Medio,Geraldine Araque,,,implementation_schoolpack:ACT-17,,,,,,,,,,,,,,,,,,,,,,,,,,,,,,,"{""B"": ""Corp.Edu Adventista"", ""C"": ""Sesión de trabajo en conjunto presencial: Diligenciamiento de todos los importadores "", ""D"": ""6.0"", ""E"": ""46042.0"", ""F"": true, ""G"": ""46043.0"", ""H"": ""Hecho"", ""I"": ""Medio"", ""K"": ""Geraldine Araque""}",{},implementation_schoolpack,TASK_BELONGS_TO_PROJECT_TEMPLATE,HISTORICAL_TASK_BOUND_TO_PROJECT_TEMPLATE_NOT_TEMPLATE_ACTIVITY,,
tareas,TSK000332,task,✅Lista de Tareas,348,PRJ0026,Corp.Edu Adventista,Corp.Edu Adventista,Implementación,Schoolpack,implementation_schoolpack,Otros,Actividad,TSK000332,Sesión registro de datos Institución,1.0,2026-01-16,2026-02-05,true,Hecho,Alto,Geraldine Araque,N/A,,implementation_schoolpack:ACT-18,,,,,,,,,,,,,,,,,,,,,,,,,,,,,,,"{""B"": ""Corp.Edu Adventista"", ""C"": ""Sesión registro de datos Institución "", ""D"": ""1.0"", ""E"": ""46038.0"", ""F"": true, ""G"": ""46058.0"", ""H"": ""Hecho"", ""I"": ""Alto"", ""J"": ""N/A"", ""K"": ""Geraldine Araque""}","{""J"": ""if(or(F348=TRUE,G348>0,H348=\""Done\"",isblank(E348)),\""N/A\"",if($B$5<=E348,\""N/A\"",\""Overdue\""))""}",implementation_schoolpack,TASK_BELONGS_TO_PROJECT_TEMPLATE,HISTORICAL_TASK_BOUND_TO_PROJECT_TEMPLATE_NOT_TEMPLATE_ACTIVITY,,
tareas,TSK000333,task,✅Lista de Tareas,349,PRJ0043,Upwaresoft,Upwaresoft,Soporte,Implementado,support,Otros,Actividad,TSK000333,Cierre de año Americano Barranquilla,1.0,2026-01-16,2026-01-16,true,Hecho,Medio,Geraldine Araque,N/A,8am,support:ACT-209,,,,,,,,,,,,,,,,,,,,,,,,,,,,,,,"{""B"": ""Upwaresoft"", ""C"": ""Cierre de año Americano Barranquilla"", ""D"": ""1.0"", ""E"": ""46038.0"", ""F"": true, ""G"": ""46038.0"", ""H"": ""Hecho"", ""I"": ""Medio"", ""J"": ""N/A"", ""K"": ""Geraldine Araque"", ""L"": ""8am""}","{""J"": """"}",support,TASK_BELONGS_TO_PROJECT_TEMPLATE,HISTORICAL_TASK_BOUND_TO_PROJECT_TEMPLATE_NOT_TEMPLATE_ACTIVITY,,
tareas,TSK000334,task,✅Lista de Tareas,350,PRJ0026,Corp.Edu Adventista,Corp.Edu Adventista,Implementación,Schoolpack,implementation_schoolpack,Capacitación,Actividad,TSK000334,Capacitación Escenciales,2.0,2026-01-19,2026-02-05,true,Hecho,Alto,Geraldine Araque,,,implementation_schoolpack:ACT-19,,,,,,,,,,,,,,,,,,,,,,,,,,,,,,,"{""B"": ""Corp.Edu Adventista"", ""C"": ""Capacitación Escenciales"", ""D"": ""2.0"", ""E"": ""46041.0"", ""F"": true, ""G"": ""46058.0"", ""H"": ""Hecho"", ""I"": ""Alto"", ""K"": ""Geraldine Araque""}",{},implementation_schoolpack,TASK_BELONGS_TO_PROJECT_TEMPLATE,HISTORICAL_TASK_BOUND_TO_PROJECT_TEMPLATE_NOT_TEMPLATE_ACTIVITY,,
tareas,TSK000335,task,✅Lista de Tareas,351,PRJ0026,Corp.Edu Adventista,Corp.Edu Adventista,Implementación,Schoolpack,implementation_schoolpack,Migración / Importadores,Actividad,TSK000335,"Configuracion academica inicial (Programas, modulos y asignaturas): Sesión 1: Importación de datos en ambiente de pruebas (1h)",1.0,2026-01-22,2026-02-12,true,Hecho,Alto,Geraldine Araque,N/A,,implementation_schoolpack:ACT-20,,,,,,,,,,,,,,,,,,,,,,,,,,,,,,,"{""B"": ""Corp.Edu Adventista"", ""C"": ""Configuracion academica inicial (Programas, modulos y asignaturas): Sesión 1: Importación de datos en ambiente de pruebas (1h)"", ""D"": ""1.0"", ""E"": ""46044.0"", ""F"": true, ""G"": ""46065.0"", ""H"": ""Hecho"", ""I"": ""Alto"", ""J"": ""N/A"", ""K"": ""Geraldine Araque""}","{""J"": ""if(or(F351=TRUE,G351>0,H351=\""Done\"",isblank(E351)),\""N/A\"",if($B$5<=E351,\""N/A\"",\""Overdue\""))""}",implementation_schoolpack,TASK_BELONGS_TO_PROJECT_TEMPLATE,HISTORICAL_TASK_BOUND_TO_PROJECT_TEMPLATE_NOT_TEMPLATE_ACTIVITY,,
tareas,TSK000336,task,✅Lista de Tareas,352,PRJ0026,Corp.Edu Adventista,Corp.Edu Adventista,Implementación,Schoolpack,implementation_schoolpack,Migración / Importadores,Actividad,TSK000336,"Configuracion academica inicial (Programas, modulos y asignaturas): Sesión 2: Validación de importación de data (1h)",1.0,2026-01-26,2026-01-26,true,Hecho,Alto,Geraldine Araque,N/A,,implementation_schoolpack:ACT-21,,,,,,,,,,,,,,,,,,,,,,,,,,,,,,,"{""B"": ""Corp.Edu Adventista"", ""C"": ""Configuracion academica inicial (Programas, modulos y asignaturas): Sesión 2: Validación de importación de data (1h)"", ""D"": ""1.0"", ""E"": ""46048.0"", ""F"": true, ""G"": ""46048.0"", ""H"": ""Hecho"", ""I"": ""Alto"", ""J"": ""N/A"", ""K"": ""Geraldine Araque""}","{""J"": """"}",implementation_schoolpack,TASK_BELONGS_TO_PROJECT_TEMPLATE,HISTORICAL_TASK_BOUND_TO_PROJECT_TEMPLATE_NOT_TEMPLATE_ACTIVITY,,
tareas,TSK000337,task,✅Lista de Tareas,353,PRJ0026,Corp.Edu Adventista,Corp.Edu Adventista,Implementación,Schoolpack,implementation_schoolpack,Académico,Actividad,TSK000337,"Configuracion academica inicial (Programas, modulos y asignaturas): Acta y aprobación de paso a productivo",1.0,2026-01-28,2026-01-28,true,Hecho,Alto,Geraldine Araque,,,implementation_schoolpack:ACT-22,,,,,,,,,,,,,,,,,,,,,,,,,,,,,,,"{""B"": ""Corp.Edu Adventista"", ""C"": ""Configuracion academica inicial (Programas, modulos y asignaturas): Acta y aprobación de paso a productivo"", ""D"": ""1.0"", ""E"": ""46050.0"", ""F"": true, ""G"": ""46050.0"", ""H"": ""Hecho"", ""I"": ""Alto"", ""K"": ""Geraldine Araque""}",{},implementation_schoolpack,TASK_BELONGS_TO_PROJECT_TEMPLATE,HISTORICAL_TASK_BOUND_TO_PROJECT_TEMPLATE_NOT_TEMPLATE_ACTIVITY,,
tareas,TSK000338,task,✅Lista de Tareas,354,PRJ0026,Corp.Edu Adventista,Corp.Edu Adventista,Implementación,Schoolpack,implementation_schoolpack,Configuración / Parametrización,Actividad,TSK000338,86327 - Facturación electrónica: Activación en producción (Aprobación del cliente),1.0,2026-01-21,2026-02-16,false,En espera,Urgente,Sebastian Ballesteros,,,implementation_schoolpack:ACT-23,,,,,,,,,,,,,,,,,,,,,,,,,,,,,,,"{""B"": ""Corp.Edu Adventista"", ""C"": ""86327 - Facturación electrónica: Activación en producción (Aprobación del cliente) "", ""D"": ""1.0"", ""E"": ""46043.0"", ""F"": false, ""G"": ""46069.0"", ""H"": ""En espera"", ""I"": ""Urgente"", ""K"": ""Sebastian Ballesteros""}",{},implementation_schoolpack,TASK_BELONGS_TO_PROJECT_TEMPLATE,HISTORICAL_TASK_BOUND_TO_PROJECT_TEMPLATE_NOT_TEMPLATE_ACTIVITY,,
tareas,TSK000339,task,✅Lista de Tareas,355,PRJ0026,Corp.Edu Adventista,Corp.Edu Adventista,Implementación,Schoolpack,implementation_schoolpack,Documentación / Actas / Entrega,Actividad,TSK000339,86327 - Facturación electrónica: Seguimiento a la entrega de la documentación de parte del cliente,2.0,2026-01-13,2026-01-20,true,Hecho,Alto,Sebastian Ballesteros,N/A,,implementation_schoolpack:ACT-24,,,,,,,,,,,,,,,,,,,,,,,,,,,,,,,"{""B"": ""Corp.Edu Adventista"", ""C"": ""86327 - Facturación electrónica: Seguimiento a la entrega de la documentación de parte del cliente"", ""D"": ""2.0"", ""E"": ""46035.0"", ""F"": true, ""G"": ""46042.0"", ""H"": ""Hecho"", ""I"": ""Alto"", ""J"": ""N/A"", ""K"": ""Sebastian Ballesteros""}","{""J"": ""if(or(F355=TRUE,G355>0,H355=\""Done\"",isblank(E355)),\""N/A\"",if($B$5<=E355,\""N/A\"",\""Overdue\""))""}",implementation_schoolpack,TASK_BELONGS_TO_PROJECT_TEMPLATE,HISTORICAL_TASK_BOUND_TO_PROJECT_TEMPLATE_NOT_TEMPLATE_ACTIVITY,,
tareas,TSK000340,task,✅Lista de Tareas,356,PRJ0003,The English School,The English School,Soporte,Schoolpack,support,Desarrollos a la medida,Actividad,TSK000340,Entrega de la documentación de la personalización: Transporte,2.0,2026-01-21,2026-01-21,true,Hecho,Alto,Jhoec Camayo,,,support:ACT-210,,,,,,,,,,,,,,,,,,,,,,,,,,,,,,,"{""B"": ""The English School"", ""C"": ""Entrega de la documentación de la personalización: Transporte"", ""D"": ""2.0"", ""E"": ""46043.0"", ""F"": true, ""G"": ""46043.0"", ""H"": ""Hecho"", ""I"": ""Alto"", ""K"": ""Jhoec Camayo""}",{},support,TASK_BELONGS_TO_PROJECT_TEMPLATE,HISTORICAL_TASK_BOUND_TO_PROJECT_TEMPLATE_NOT_TEMPLATE_ACTIVITY,,
tareas,TSK000341,task,✅Lista de Tareas,357,PRJ0003,The English School,The English School,Soporte,Schoolpack,support,Otros,Actividad,TSK000341,86537 -  Bank Agent: Conexión con ITAU CANCELADO,3.0,2026-01-13,2026-04-13,false,Hecho,Alto,Sebastian Ballesteros,N/A,Pendiente entrega de codigos de sevicio de ITAU por parte de TES,support:ACT-211,,,,,,,,,,,,,,,,,,,,,,,,,,,,,,,"{""B"": ""The English School"", ""C"": ""86537 -  Bank Agent: Conexión con ITAU CANCELADO"", ""D"": ""3.0"", ""E"": ""46035.0"", ""F"": false, ""G"": ""46125.0"", ""H"": ""Hecho"", ""I"": ""Alto"", ""J"": ""N/A"", ""K"": ""Sebastian Ballesteros"", ""L"": ""Pendiente entrega de codigos de sevicio de ITAU por parte de TES""}","{""J"": ""if(or(F357=TRUE,G357>0,H357=\""Done\"",isblank(E357)),\""N/A\"",if($B$5<=E357,\""N/A\"",\""Overdue\""))""}",support,TASK_BELONGS_TO_PROJECT_TEMPLATE,HISTORICAL_TASK_BOUND_TO_PROJECT_TEMPLATE_NOT_TEMPLATE_ACTIVITY,,
tareas,TSK000342,task,✅Lista de Tareas,358,PRJ0021,FESA,FESA,Soporte,Schoolpack,support,Otros,Actividad,TSK000342,Cobros adicionales,2.0,2026-01-15,2026-01-29,true,Hecho,Medio,Sebastian Ballesteros,N/A,"No se realizará, ya que por expresión de Claudia no lo van a usar, por que harán el proceso manual",support:ACT-212,,,,,,,,,,,,,,,,,,,,,,,,,,,,,,,"{""B"": ""FESA"", ""C"": ""Cobros adicionales "", ""D"": ""2.0"", ""E"": ""46037.0"", ""F"": true, ""G"": ""46051.0"", ""H"": ""Hecho"", ""I"": ""Medio"", ""J"": ""N/A"", ""K"": ""Sebastian Ballesteros"", ""L"": ""No se realizará, ya que por expresión de Claudia no lo van a usar, por que harán el proceso manual""}","{""J"": """"}",support,TASK_BELONGS_TO_PROJECT_TEMPLATE,HISTORICAL_TASK_BOUND_TO_PROJECT_TEMPLATE_NOT_TEMPLATE_ACTIVITY,,
tareas,TSK000343,task,✅Lista de Tareas,359,PRJ0026,Corp.Edu Adventista,Corp.Edu Adventista,Implementación,Schoolpack,implementation_schoolpack,Migración / Importadores,Actividad,TSK000343,Configuración de registro y control (Grupos): Sesión 1: Importación de datos en ambiente de pruebas (1h),0.0,2026-01-30,2026-01-30,true,Hecho,Alto,Geraldine Araque,N/A,,implementation_schoolpack:ACT-25,,,,,,,,,,,,,,,,,,,,,,,,,,,,,,,"{""B"": ""Corp.Edu Adventista"", ""C"": ""Configuración de registro y control (Grupos): Sesión 1: Importación de datos en ambiente de pruebas (1h)"", ""D"": ""0.0"", ""E"": ""46052.0"", ""F"": true, ""G"": ""46052.0"", ""H"": ""Hecho"", ""I"": ""Alto"", ""J"": ""N/A"", ""K"": ""Geraldine Araque""}","{""J"": """"}",implementation_schoolpack,TASK_BELONGS_TO_PROJECT_TEMPLATE,HISTORICAL_TASK_BOUND_TO_PROJECT_TEMPLATE_NOT_TEMPLATE_ACTIVITY,,
tareas,TSK000344,task,✅Lista de Tareas,360,PRJ0026,Corp.Edu Adventista,Corp.Edu Adventista,Implementación,Schoolpack,implementation_schoolpack,Migración / Importadores,Actividad,TSK000344,Configuración de registro y control (Grupos): Sesión 2: Validación de importación de data (1h),0.0,2026-02-02,2026-02-02,true,Hecho,Alto,Geraldine Araque,N/A,,implementation_schoolpack:ACT-26,,,,,,,,,,,,,,,,,,,,,,,,,,,,,,,"{""B"": ""Corp.Edu Adventista"", ""C"": ""Configuración de registro y control (Grupos): Sesión 2: Validación de importación de data (1h)"", ""D"": ""0.0"", ""E"": ""46055.0"", ""F"": true, ""G"": ""46055.0"", ""H"": ""Hecho"", ""I"": ""Alto"", ""J"": ""N/A"", ""K"": ""Geraldine Araque""}","{""J"": """"}",implementation_schoolpack,TASK_BELONGS_TO_PROJECT_TEMPLATE,HISTORICAL_TASK_BOUND_TO_PROJECT_TEMPLATE_NOT_TEMPLATE_ACTIVITY,,
tareas,TSK000345,task,✅Lista de Tareas,361,PRJ0026,Corp.Edu Adventista,Corp.Edu Adventista,Implementación,Schoolpack,implementation_schoolpack,Académico,Actividad,TSK000345,Configuración de registro y control (Grupos y horarios): Acta y aprobación de paso a productivo,0.0,2026-02-03,2026-02-03,true,Hecho,Alto,Geraldine Araque,N/A,,implementation_schoolpack:ACT-27,,,,,,,,,,,,,,,,,,,,,,,,,,,,,,,"{""B"": ""Corp.Edu Adventista"", ""C"": ""Configuración de registro y control (Grupos y horarios): Acta y aprobación de paso a productivo"", ""D"": ""0.0"", ""E"": ""46056.0"", ""F"": true, ""G"": ""46056.0"", ""H"": ""Hecho"", ""I"": ""Alto"", ""J"": ""N/A"", ""K"": ""Geraldine Araque""}","{""J"": """"}",implementation_schoolpack,TASK_BELONGS_TO_PROJECT_TEMPLATE,HISTORICAL_TASK_BOUND_TO_PROJECT_TEMPLATE_NOT_TEMPLATE_ACTIVITY,,
tareas,TSK000346,task,✅Lista de Tareas,362,PRJ0013,Aspaen,Aspaen,Soporte,Schoolpack,support,Capacitación,Actividad,TSK000346,Capacitación 2 Biblioteca,2.0,2026-04-15,2026-04-15,true,Hecho,Alto,Carmen Donoso,,,support:ACT-213,,,,,,,,,,,,,,,,,,,,,,,,,,,,,,,"{""B"": ""Aspaen"", ""C"": ""Capacitación 2 Biblioteca"", ""D"": ""2.0"", ""E"": ""46127.0"", ""F"": true, ""G"": ""46127.0"", ""H"": ""Hecho"", ""I"": ""Alto"", ""K"": ""Carmen Donoso""}",{},support,TASK_BELONGS_TO_PROJECT_TEMPLATE,HISTORICAL_TASK_BOUND_TO_PROJECT_TEMPLATE_NOT_TEMPLATE_ACTIVITY,,
tareas,TSK000347,task,✅Lista de Tareas,363,PRJ0026,Corp.Edu Adventista,Corp.Edu Adventista,Implementación,Schoolpack,implementation_schoolpack,Académico,Actividad,TSK000347,Academico: Visualizacion de gestion academica (Web): Capacitación,0.0,2026-02-12,2026-02-12,false,No iniciado,Alto,Geraldine Araque,N/A,,implementation_schoolpack:ACT-28,,,,,,,,,,,,,,,,,,,,,,,,,,,,,,,"{""B"": ""Corp.Edu Adventista"", ""C"": ""Academico: Visualizacion de gestion academica (Web): Capacitación \n"", ""D"": ""0.0"", ""E"": ""46065.0"", ""F"": false, ""G"": ""46065.0"", ""H"": ""No iniciado"", ""I"": ""Alto"", ""J"": ""N/A"", ""K"": ""Geraldine Araque""}","{""J"": ""if(or(F363=TRUE,G363>0,H363=\""Done\"",isblank(E363)),\""N/A\"",if($B$5<=E363,\""N/A\"",\""Overdue\""))""}",implementation_schoolpack,TASK_BELONGS_TO_PROJECT_TEMPLATE,HISTORICAL_TASK_BOUND_TO_PROJECT_TEMPLATE_NOT_TEMPLATE_ACTIVITY,,
tareas,TSK000348,task,✅Lista de Tareas,364,PRJ0026,Corp.Edu Adventista,Corp.Edu Adventista,Implementación,Schoolpack,implementation_schoolpack,Capacitación,Actividad,TSK000348,Comunicaciones: Capacitación Manejo de PWR´s/Atención al usuario,0.0,2026-02-17,2026-02-17,false,No iniciado,Alto,Geraldine Araque,N/A,,implementation_schoolpack:ACT-29,,,,,,,,,,,,,,,,,,,,,,,,,,,,,,,"{""B"": ""Corp.Edu Adventista"", ""C"": ""Comunicaciones: Capacitación Manejo de PWR´s/Atención al usuario"", ""D"": ""0.0"", ""E"": ""46070.0"", ""F"": false, ""G"": ""46070.0"", ""H"": ""No iniciado"", ""I"": ""Alto"", ""J"": ""N/A"", ""K"": ""Geraldine Araque""}","{""J"": """"}",implementation_schoolpack,TASK_BELONGS_TO_PROJECT_TEMPLATE,HISTORICAL_TASK_BOUND_TO_PROJECT_TEMPLATE_NOT_TEMPLATE_ACTIVITY,,
tareas,TSK000349,task,✅Lista de Tareas,365,PRJ0026,Corp.Edu Adventista,Corp.Edu Adventista,Implementación,Schoolpack,implementation_schoolpack,Capacitación,Actividad,TSK000349,Adicionales: Recursos fisicos: Capacitación (2h),0.0,2026-02-20,2026-02-20,false,No iniciado,Alto,Geraldine Araque,N/A,,implementation_schoolpack:ACT-30,,,,,,,,,,,,,,,,,,,,,,,,,,,,,,,"{""B"": ""Corp.Edu Adventista"", ""C"": ""Adicionales: Recursos fisicos: Capacitación (2h)"", ""D"": ""0.0"", ""E"": ""46073.0"", ""F"": false, ""G"": ""46073.0"", ""H"": ""No iniciado"", ""I"": ""Alto"", ""J"": ""N/A"", ""K"": ""Geraldine Araque""}","{""J"": """"}",implementation_schoolpack,TASK_BELONGS_TO_PROJECT_TEMPLATE,HISTORICAL_TASK_BOUND_TO_PROJECT_TEMPLATE_NOT_TEMPLATE_ACTIVITY,,
tareas,TSK000350,task,✅Lista de Tareas,366,PRJ0026,Corp.Edu Adventista,Corp.Edu Adventista,Implementación,Schoolpack,implementation_schoolpack,Capacitación,Actividad,TSK000350,Adicionales: Bienestar: Capacitación (1h),0.0,2026-02-25,2026-02-25,false,No iniciado,Alto,Geraldine Araque,N/A,,implementation_schoolpack:ACT-31,,,,,,,,,,,,,,,,,,,,,,,,,,,,,,,"{""B"": ""Corp.Edu Adventista"", ""C"": ""Adicionales: Bienestar: Capacitación (1h)"", ""D"": ""0.0"", ""E"": ""46078.0"", ""F"": false, ""G"": ""46078.0"", ""H"": ""No iniciado"", ""I"": ""Alto"", ""J"": ""N/A"", ""K"": ""Geraldine Araque""}","{""J"": """"}",implementation_schoolpack,TASK_BELONGS_TO_PROJECT_TEMPLATE,HISTORICAL_TASK_BOUND_TO_PROJECT_TEMPLATE_NOT_TEMPLATE_ACTIVITY,,
tareas,TSK000351,task,✅Lista de Tareas,367,PRJ0026,Corp.Edu Adventista,Corp.Edu Adventista,Implementación,Schoolpack,implementation_schoolpack,Capacitación,Actividad,TSK000351,Adicionales: Evaluación Institucional: Capacitación (2h),0.0,2026-02-27,2026-02-27,false,No iniciado,Alto,Geraldine Araque,N/A,,implementation_schoolpack:ACT-32,,,,,,,,,,,,,,,,,,,,,,,,,,,,,,,"{""B"": ""Corp.Edu Adventista"", ""C"": ""Adicionales: Evaluación Institucional: Capacitación (2h)"", ""D"": ""0.0"", ""E"": ""46080.0"", ""F"": false, ""G"": ""46080.0"", ""H"": ""No iniciado"", ""I"": ""Alto"", ""J"": ""N/A"", ""K"": ""Geraldine Araque""}","{""J"": """"}",implementation_schoolpack,TASK_BELONGS_TO_PROJECT_TEMPLATE,HISTORICAL_TASK_BOUND_TO_PROJECT_TEMPLATE_NOT_TEMPLATE_ACTIVITY,,
tareas,TSK000352,task,✅Lista de Tareas,368,PRJ0026,Corp.Edu Adventista,Corp.Edu Adventista,Implementación,Schoolpack,implementation_schoolpack,Capacitación,Actividad,TSK000352,Adicionales: Extracurriculares: Capacitación (2h),0.0,2026-03-04,2026-03-04,false,No iniciado,Alto,Geraldine Araque,N/A,,implementation_schoolpack:ACT-33,,,,,,,,,,,,,,,,,,,,,,,,,,,,,,,"{""B"": ""Corp.Edu Adventista"", ""C"": ""Adicionales: Extracurriculares: Capacitación (2h)"", ""D"": ""0.0"", ""E"": ""46085.0"", ""F"": false, ""G"": ""46085.0"", ""H"": ""No iniciado"", ""I"": ""Alto"", ""J"": ""N/A"", ""K"": ""Geraldine Araque""}","{""J"": """"}",implementation_schoolpack,TASK_BELONGS_TO_PROJECT_TEMPLATE,HISTORICAL_TASK_BOUND_TO_PROJECT_TEMPLATE_NOT_TEMPLATE_ACTIVITY,,
tareas,TSK000353,task,✅Lista de Tareas,369,PRJ0022,INPEC,INPEC,Implementación,Campuspack,implementation_campuspack,Migración / Importadores,Actividad,TSK000353,"Auditoria y puesta en pruebas Importadores (Personas, Instructores y colaboradores)",3.0,2025-12-09,2025-12-17,true,Hecho,Alto,Julian Sanchez ,,,implementation_campuspack:ACT-92,,,,,,,,,,,,,,,,,,,,,,,,,,,,,,,"{""B"": ""INPEC"", ""C"": ""Auditoria y puesta en pruebas Importadores (Personas, Instructores y colaboradores)"", ""D"": ""3.0"", ""E"": ""46000.0"", ""F"": true, ""G"": ""46008.0"", ""H"": ""Hecho"", ""I"": ""Alto"", ""K"": ""Julian Sanchez ""}",{},implementation_campuspack,TASK_BELONGS_TO_PROJECT_TEMPLATE,HISTORICAL_TASK_BOUND_TO_PROJECT_TEMPLATE_NOT_TEMPLATE_ACTIVITY,,
tareas,TSK000354,task,✅Lista de Tareas,370,PRJ0022,INPEC,INPEC,Implementación,Campuspack,implementation_campuspack,Migración / Importadores,Actividad,TSK000354,Recepción y auditoria Importador Plan de estudios,4.0,2025-12-19,2025-12-23,true,Hecho,Alto,Carmen Donoso,N/A,,implementation_campuspack:ACT-93,,,,,,,,,,,,,,,,,,,,,,,,,,,,,,,"{""B"": ""INPEC"", ""C"": ""Recepción y auditoria Importador Plan de estudios"", ""D"": ""4.0"", ""E"": ""46010.0"", ""F"": true, ""G"": ""46014.0"", ""H"": ""Hecho"", ""I"": ""Alto"", ""J"": ""N/A"", ""K"": ""Carmen Donoso""}","{""J"": ""if(or(F370=TRUE,G370>0,H370=\""Done\"",isblank(E370)),\""N/A\"",if($B$5<=E370,\""N/A\"",\""Overdue\""))""}",implementation_campuspack,TASK_BELONGS_TO_PROJECT_TEMPLATE,HISTORICAL_TASK_BOUND_TO_PROJECT_TEMPLATE_NOT_TEMPLATE_ACTIVITY,,
tareas,TSK000355,task,✅Lista de Tareas,371,PRJ0026,Corp.Edu Adventista,Corp.Edu Adventista,Implementación,Schoolpack,implementation_schoolpack,Capacitación,Actividad,TSK000355,Adicionales: Biblioteca: Capacitación (1h),0.0,2026-03-09,2026-03-09,false,No iniciado,Alto,Geraldine Araque,N/A,,implementation_schoolpack:ACT-34,,,,,,,,,,,,,,,,,,,,,,,,,,,,,,,"{""B"": ""Corp.Edu Adventista"", ""C"": ""Adicionales: Biblioteca: Capacitación (1h)"", ""D"": ""0.0"", ""E"": ""46090.0"", ""F"": false, ""G"": ""46090.0"", ""H"": ""No iniciado"", ""I"": ""Alto"", ""J"": ""N/A"", ""K"": ""Geraldine Araque""}","{""J"": """"}",implementation_schoolpack,TASK_BELONGS_TO_PROJECT_TEMPLATE,HISTORICAL_TASK_BOUND_TO_PROJECT_TEMPLATE_NOT_TEMPLATE_ACTIVITY,,
tareas,TSK000356,task,✅Lista de Tareas,372,PRJ0022,INPEC,INPEC,Implementación,Campuspack,implementation_campuspack,Capacitación,Actividad,TSK000356,"86458,59,60 - Capacitación Escenciales",3.0,2025-12-19,2025-12-19,false,Hecho,Alto,Carmen Donoso,N/A,,implementation_campuspack:ACT-94,,,,,,,,,,,,,,,,,,,,,,,,,,,,,,,"{""B"": ""INPEC"", ""C"": ""86458,59,60 - Capacitación Escenciales"", ""D"": ""3.0"", ""E"": ""46010.0"", ""F"": false, ""G"": ""46010.0"", ""H"": ""Hecho"", ""I"": ""Alto"", ""J"": ""N/A"", ""K"": ""Carmen Donoso""}","{""J"": """"}",implementation_campuspack,TASK_BELONGS_TO_PROJECT_TEMPLATE,HISTORICAL_TASK_BOUND_TO_PROJECT_TEMPLATE_NOT_TEMPLATE_ACTIVITY,,
tareas,TSK000357,task,✅Lista de Tareas,373,PRJ0026,Corp.Edu Adventista,Corp.Edu Adventista,Implementación,Schoolpack,implementation_schoolpack,Documentación / Actas / Entrega,Actividad,TSK000357,Acta de entrega de la implemenatación Schoolpack,0.0,2026-04-20,2026-04-20,false,No iniciado,Alto,Jhoec Camayo,N/A,,implementation_schoolpack:ACT-35,,,,,,,,,,,,,,,,,,,,,,,,,,,,,,,"{""B"": ""Corp.Edu Adventista"", ""C"": ""Acta de entrega de la implemenatación Schoolpack"", ""D"": ""0.0"", ""E"": ""46132.0"", ""F"": false, ""G"": ""46132.0"", ""H"": ""No iniciado"", ""I"": ""Alto"", ""J"": ""N/A"", ""K"": ""Jhoec Camayo""}","{""J"": """"}",implementation_schoolpack,TASK_BELONGS_TO_PROJECT_TEMPLATE,HISTORICAL_TASK_BOUND_TO_PROJECT_TEMPLATE_NOT_TEMPLATE_ACTIVITY,,
tareas,TSK000358,task,✅Lista de Tareas,374,PRJ0043,Upwaresoft,Upwaresoft,Soporte,Implementado,support,Otros,Actividad,TSK000358,Sesión de Francisco con Jalam (Correo),2.0,2025-12-18,2025-12-18,true,Hecho,Medio,Desarrollo,,JALAM,support:ACT-214,,,,,,,,,,,,,,,,,,,,,,,,,,,,,,,"{""B"": ""Upwaresoft"", ""C"": ""Sesión de Francisco con Jalam (Correo)"", ""D"": ""2.0"", ""E"": ""46009.0"", ""F"": true, ""G"": ""46009.0"", ""H"": ""Hecho"", ""I"": ""Medio"", ""K"": ""Desarrollo"", ""L"": ""JALAM""}",{},support,TASK_BELONGS_TO_PROJECT_TEMPLATE,HISTORICAL_TASK_BOUND_TO_PROJECT_TEMPLATE_NOT_TEMPLATE_ACTIVITY,,
tareas,TSK000359,task,✅Lista de Tareas,375,PRJ0001,Academia MISI,Academia MISI,Implementación,Campuspack,implementation_campuspack,Integraciones,Actividad,TSK000359,83180 - Revisión Pantalla de valoraciones en la interfaz del padre de familia (Correo a Desarrollo) - PENDIENTE DEL AREA DE DESARROLLO,2.0,2025-11-11,2025-11-14,true,Hecho,Urgente,Carmen Donoso,,PENDIENTE DEL AREA DE DESARROLLO ,implementation_campuspack:ACT-95,,,,,,,,,,,,,,,,,,,,,,,,,,,,,,,"{""B"": ""Academia MISI"", ""C"": ""83180 - Revisión Pantalla de valoraciones en la interfaz del padre de familia (Correo a Desarrollo) - PENDIENTE DEL AREA DE DESARROLLO "", ""D"": ""2.0"", ""E"": ""45972.0"", ""F"": true, ""G"": ""45975.0"", ""H"": ""Hecho"", ""I"": ""Urgente"", ""K"": ""Carmen Donoso"", ""L"": ""PENDIENTE DEL AREA DE DESARROLLO ""}",{},implementation_campuspack,TASK_BELONGS_TO_PROJECT_TEMPLATE,HISTORICAL_TASK_BOUND_TO_PROJECT_TEMPLATE_NOT_TEMPLATE_ACTIVITY,,
tareas,TSK000360,task,✅Lista de Tareas,376,PRJ0022,INPEC,INPEC,Implementación,Campuspack,implementation_campuspack,Académico,Actividad,TSK000360,"Configuracion academica inicial (Programas, modulos y asignaturas)",3.0,2026-01-19,2026-01-27,true,Hecho,Alto,Carmen Donoso,N/A,,implementation_campuspack:ACT-96,,,,,,,,,,,,,,,,,,,,,,,,,,,,,,,"{""B"": ""INPEC"", ""C"": ""Configuracion academica inicial (Programas, modulos y asignaturas)"", ""D"": ""3.0"", ""E"": ""46041.0"", ""F"": true, ""G"": ""46049.0"", ""H"": ""Hecho"", ""I"": ""Alto"", ""J"": ""N/A"", ""K"": ""Carmen Donoso""}","{""J"": ""if(or(F376=TRUE,G376>0,H376=\""Done\"",isblank(E375)),\""N/A\"",if($B$5<=E375,\""N/A\"",\""Overdue\""))""}",implementation_campuspack,TASK_BELONGS_TO_PROJECT_TEMPLATE,HISTORICAL_TASK_BOUND_TO_PROJECT_TEMPLATE_NOT_TEMPLATE_ACTIVITY,,
tareas,TSK000361,task,✅Lista de Tareas,377,PRJ0023,Contraloria,Contraloria,Soporte,Schoolpack,support,Otros,Actividad,TSK000361,Informe Contraloria,2.0,2025-12-02,2025-12-03,true,Hecho,Alto,Jhoec Camayo,N/A,,support:ACT-215,,,,,,,,,,,,,,,,,,,,,,,,,,,,,,,"{""B"": ""Contraloria"", ""C"": ""Informe Contraloria "", ""D"": ""2.0"", ""E"": ""45993.0"", ""F"": true, ""G"": ""45994.0"", ""H"": ""Hecho"", ""I"": ""Alto"", ""J"": ""N/A"", ""K"": ""Jhoec Camayo""}","{""J"": ""if(or(F377=TRUE,G377>0,H377=\""Done\"",isblank(E377)),\""N/A\"",if($B$5<=E377,\""N/A\"",\""Overdue\""))""}",support,TASK_BELONGS_TO_PROJECT_TEMPLATE,HISTORICAL_TASK_BOUND_TO_PROJECT_TEMPLATE_NOT_TEMPLATE_ACTIVITY,,
tareas,TSK000362,task,✅Lista de Tareas,378,PRJ0018,Colegio Gimnasio del Saber,Colegio Gimnasio del Saber,Soporte,Schoolpack,support,Otros,Actividad,TSK000362,Mostrar funcionalidad Bank Agent,0.0,2026-01-16,2026-01-16,false,En espera,Urgente,Sebastian Ballesteros,N/A,Llamar al cliente para programación ,support:ACT-216,,,,,,,,,,,,,,,,,,,,,,,,,,,,,,,"{""B"": ""Colegio Gimnasio del Saber"", ""C"": ""Mostrar funcionalidad Bank Agent "", ""D"": ""0.0"", ""E"": ""46038.0"", ""F"": false, ""G"": ""46038.0"", ""H"": ""En espera"", ""I"": ""Urgente"", ""J"": ""N/A"", ""K"": ""Sebastian Ballesteros"", ""L"": ""Llamar al cliente para programación ""}","{""J"": """"}",support,TASK_BELONGS_TO_PROJECT_TEMPLATE,HISTORICAL_TASK_BOUND_TO_PROJECT_TEMPLATE_NOT_TEMPLATE_ACTIVITY,,
tareas,TSK000363,task,✅Lista de Tareas,379,PRJ0002,Fundación Incolmotos Yamaha,Fundación Incolmotos Yamaha,Soporte,Campuspack,support,Académico,Actividad,TSK000363,Manual de Valoraciones IT,2.0,2025-11-18,2025-12-12,true,Hecho,Alto,Carmen Donoso,,,support:ACT-217,,,,,,,,,,,,,,,,,,,,,,,,,,,,,,,"{""B"": ""Fundación Incolmotos Yamaha"", ""C"": ""Manual de Valoraciones IT"", ""D"": ""2.0"", ""E"": ""45979.0"", ""F"": true, ""G"": ""46003.0"", ""H"": ""Hecho"", ""I"": ""Alto"", ""K"": ""Carmen Donoso""}",{},support,TASK_BELONGS_TO_PROJECT_TEMPLATE,HISTORICAL_TASK_BOUND_TO_PROJECT_TEMPLATE_NOT_TEMPLATE_ACTIVITY,,
tareas,TSK000364,task,✅Lista de Tareas,380,PRJ0027,Casa sobre la Roca - Nuevo Gimnasio Cristiano,Casa sobre la Roca - Nuevo Gimnasio Cristiano,Soporte,Schoolpack,support,Financiero,Actividad,TSK000364,Sesión 1: Financiera,2.0,2025-12-03,2025-12-03,true,Hecho,Alto,Carmen Donoso,N/A,,support:ACT-218,,,,,,,,,,,,,,,,,,,,,,,,,,,,,,,"{""B"": ""Casa sobre la Roca - Nuevo Gimnasio Cristiano"", ""C"": ""Sesión 1: Financiera "", ""D"": ""2.0"", ""E"": ""45994.0"", ""F"": true, ""G"": ""45994.0"", ""H"": ""Hecho"", ""I"": ""Alto"", ""J"": ""N/A"", ""K"": ""Carmen Donoso""}","{""J"": ""if(or(F380=TRUE,G380>0,H380=\""Done\"",isblank(E380)),\""N/A\"",if($B$5<=E380,\""N/A\"",\""Overdue\""))""}",support,TASK_BELONGS_TO_PROJECT_TEMPLATE,HISTORICAL_TASK_BOUND_TO_PROJECT_TEMPLATE_NOT_TEMPLATE_ACTIVITY,,
tareas,TSK000365,task,✅Lista de Tareas,381,PRJ0001,Academia MISI,Academia MISI,Implementación,Campuspack,implementation_campuspack,Académico,Actividad,TSK000365,Sesión 2 de prueba integral: Valoraciones,2.0,2025-12-09,2025-12-09,true,Hecho,Alto,Carmen Donoso,N/A,Una vez MISI termine de realizar las pruebas de casos de la liquidación,implementation_campuspack:ACT-97,,,,,,,,,,,,,,,,,,,,,,,,,,,,,,,"{""B"": ""Academia MISI"", ""C"": ""Sesión 2 de prueba integral: Valoraciones"", ""D"": ""2.0"", ""E"": ""46000.0"", ""F"": true, ""G"": ""46000.0"", ""H"": ""Hecho"", ""I"": ""Alto"", ""J"": ""N/A"", ""K"": ""Carmen Donoso"", ""L"": ""Una vez MISI termine de realizar las pruebas de casos de la liquidación""}","{""J"": """"}",implementation_campuspack,TASK_BELONGS_TO_PROJECT_TEMPLATE,HISTORICAL_TASK_BOUND_TO_PROJECT_TEMPLATE_NOT_TEMPLATE_ACTIVITY,,
tareas,TSK000366,task,✅Lista de Tareas,382,PRJ0001,Academia MISI,Academia MISI,Implementación,Campuspack,implementation_campuspack,Otros,Actividad,TSK000366,86398 - Cambio perfil de personas a docentes,2.0,2025-12-15,2025-12-15,true,Hecho,Alto,Carmen Donoso,N/A,,implementation_campuspack:ACT-98,,,,,,,,,,,,,,,,,,,,,,,,,,,,,,,"{""B"": ""Academia MISI"", ""C"": ""86398 - Cambio perfil de personas a docentes"", ""D"": ""2.0"", ""E"": ""46006.0"", ""F"": true, ""G"": ""46006.0"", ""H"": ""Hecho"", ""I"": ""Alto"", ""J"": ""N/A"", ""K"": ""Carmen Donoso""}","{""J"": """"}",implementation_campuspack,TASK_BELONGS_TO_PROJECT_TEMPLATE,HISTORICAL_TASK_BOUND_TO_PROJECT_TEMPLATE_NOT_TEMPLATE_ACTIVITY,,
tareas,TSK000367,task,✅Lista de Tareas,383,,Confenalco,Confenalco ,,,,,Actividad,TSK000367,Envio de requerimientos tecnicos para actualización de Schoolpack,0.0,2025-12-17,2025-12-17,true,Hecho,Alto,Carmen Donoso,N/A,,,,,,,,,,,,,,,,,,,,,,,,,,,,,,,,,"{""B"": ""Confenalco "", ""C"": ""Envio de requerimientos tecnicos para actualización de Schoolpack"", ""D"": ""0.0"", ""E"": ""46008.0"", ""F"": true, ""G"": ""46008.0"", ""H"": ""Hecho"", ""I"": ""Alto"", ""J"": ""N/A"", ""K"": ""Carmen Donoso""}","{""J"": """"}",,TASK_BELONGS_TO_PROJECT_TEMPLATE,NOT_APPLICABLE,,
tareas,TSK000368,task,✅Lista de Tareas,384,,Confenalco,Confenalco ,,,,,Actividad,TSK000368,Sesión de programación del modelo actual en la nueva pantalla de valoración en un ambiente de pruebas,3.0,2025-12-17,2025-12-17,true,Hecho,Medio,Carmen Donoso,N/A,8am,,,,,,,,,,,,,,,,,,,,,,,,,,,,,,,,"{""B"": ""Confenalco "", ""C"": ""Sesión de programación del modelo actual en la nueva pantalla de valoración en un ambiente de pruebas"", ""D"": ""3.0"", ""E"": ""46008.0"", ""F"": true, ""G"": ""46008.0"", ""H"": ""Hecho"", ""I"": ""Medio"", ""J"": ""N/A"", ""K"": ""Carmen Donoso"", ""L"": ""8am""}","{""J"": """"}",,TASK_BELONGS_TO_PROJECT_TEMPLATE,NOT_APPLICABLE,,
tareas,TSK000369,task,✅Lista de Tareas,385,PRJ0022,INPEC,INPEC,Implementación,Campuspack,implementation_campuspack,Migración / Importadores,Actividad,TSK000369,Recepción y auditoria Importador Grupos académicos y Notas,2.0,2026-01-20,2026-01-22,true,Hecho,Alto,Carmen Donoso,N/A,,implementation_campuspack:ACT-99,,,,,,,,,,,,,,,,,,,,,,,,,,,,,,,"{""B"": ""INPEC"", ""C"": ""Recepción y auditoria Importador Grupos académicos y Notas"", ""D"": ""2.0"", ""E"": ""46042.0"", ""F"": true, ""G"": ""46044.0"", ""H"": ""Hecho"", ""I"": ""Alto"", ""J"": ""N/A"", ""K"": ""Carmen Donoso""}","{""J"": """"}",implementation_campuspack,TASK_BELONGS_TO_PROJECT_TEMPLATE,HISTORICAL_TASK_BOUND_TO_PROJECT_TEMPLATE_NOT_TEMPLATE_ACTIVITY,,
tareas,TSK000370,task,✅Lista de Tareas,386,PRJ0022,INPEC,INPEC,Implementación,Campuspack,implementation_campuspack,Migración / Importadores,Actividad,TSK000370,Puesta en pruebas del Importador Plan de estudios,1.0,2026-01-20,2026-01-20,false,Hecho,Alto,Julian Sanchez ,N/A,,implementation_campuspack:ACT-100,,,,,,,,,,,,,,,,,,,,,,,,,,,,,,,"{""B"": ""INPEC"", ""C"": ""Puesta en pruebas del Importador Plan de estudios"", ""D"": ""1.0"", ""E"": ""46042.0"", ""F"": false, ""G"": ""46042.0"", ""H"": ""Hecho"", ""I"": ""Alto"", ""J"": ""N/A"", ""K"": ""Julian Sanchez ""}","{""J"": ""if(or(F386=TRUE,G386>0,H386=\""Done\"",isblank(#REF!)),\""N/A\"",if($B$5<=#REF!,\""N/A\"",\""Overdue\""))""}",implementation_campuspack,TASK_BELONGS_TO_PROJECT_TEMPLATE,HISTORICAL_TASK_BOUND_TO_PROJECT_TEMPLATE_NOT_TEMPLATE_ACTIVITY,,
tareas,TSK000371,task,✅Lista de Tareas,387,PRJ0018,Colegio Gimnasio del Saber,Colegio Gimnasio del Saber,Soporte,Schoolpack,support,Otros,Actividad,TSK000371,Actualizar Software (Nueva pantalla de valoración),1.0,2025-12-09,2025-12-09,true,Hecho,Alto,Carmen Donoso,N/A,,support:ACT-219,,,,,,,,,,,,,,,,,,,,,,,,,,,,,,,"{""B"": ""Colegio Gimnasio del Saber"", ""C"": ""Actualizar Software (Nueva pantalla de valoración)"", ""D"": ""1.0"", ""E"": ""46000.0"", ""F"": true, ""G"": ""46000.0"", ""H"": ""Hecho"", ""I"": ""Alto"", ""J"": ""N/A"", ""K"": ""Carmen Donoso""}","{""J"": ""if(or(F387=TRUE,G387>0,H387=\""Done\"",isblank(E387)),\""N/A\"",if($B$5<=E387,\""N/A\"",\""Overdue\""))""}",support,TASK_BELONGS_TO_PROJECT_TEMPLATE,HISTORICAL_TASK_BOUND_TO_PROJECT_TEMPLATE_NOT_TEMPLATE_ACTIVITY,,
tareas,TSK000372,task,✅Lista de Tareas,388,PRJ0002,Fundación Incolmotos Yamaha,Fundación Incolmotos Yamaha,Soporte,Campuspack,support,Admisiones,Actividad,TSK000372,Documentación Personalización automatización Preinscripción y matriculas Escuelas Musicales,5.0,2025-12-18,2026-01-26,true,Hecho,Urgente,Carmen Donoso,N/A,Sesión hoy 2pm,support:ACT-220,,,,,,,,,,,,,,,,,,,,,,,,,,,,,,,"{""B"": ""Fundación Incolmotos Yamaha"", ""C"": ""Documentación Personalización automatización Preinscripción y matriculas Escuelas Musicales"", ""D"": ""5.0"", ""E"": ""46009.0"", ""F"": true, ""G"": ""46048.0"", ""H"": ""Hecho"", ""I"": ""Urgente"", ""J"": ""N/A"", ""K"": ""Carmen Donoso"", ""L"": ""Sesión hoy 2pm""}","{""J"": """"}",support,TASK_BELONGS_TO_PROJECT_TEMPLATE,HISTORICAL_TASK_BOUND_TO_PROJECT_TEMPLATE_NOT_TEMPLATE_ACTIVITY,,
tareas,TSK000373,task,✅Lista de Tareas,389,PRJ0018,Colegio Gimnasio del Saber,Colegio Gimnasio del Saber,Soporte,Schoolpack,support,Matrículas,Actividad,TSK000373,Firma electronica: Solicitar reportes de matricula al cliente (Abrir Sac del proceso),1.0,2026-01-14,2026-01-14,false,No iniciado,Medio,Jhoec Camayo,N/A,"No lo van a implementar por ahora, despues de lo academico",support:ACT-221,,,,,,,,,,,,,,,,,,,,,,,,,,,,,,,"{""B"": ""Colegio Gimnasio del Saber"", ""C"": ""Firma electronica: Solicitar reportes de matricula al cliente (Abrir Sac del proceso)"", ""D"": ""1.0"", ""E"": ""46036.0"", ""F"": false, ""G"": ""46036.0"", ""H"": ""No iniciado"", ""I"": ""Medio"", ""J"": ""N/A"", ""K"": ""Jhoec Camayo"", ""L"": ""No lo van a implementar por ahora, despues de lo academico""}","{""J"": """"}",support,TASK_BELONGS_TO_PROJECT_TEMPLATE,HISTORICAL_TASK_BOUND_TO_PROJECT_TEMPLATE_NOT_TEMPLATE_ACTIVITY,,
tareas,TSK000374,task,✅Lista de Tareas,390,PRJ0018,Colegio Gimnasio del Saber,Colegio Gimnasio del Saber,Soporte,Schoolpack,support,Matrículas,Actividad,TSK000374,Firma electronica: Revisión y aprobación de los reportes de matricula,0.0,2026-01-20,2026-01-23,false,No iniciado,Medio,Jhoec Camayo,N/A,,support:ACT-222,,,,,,,,,,,,,,,,,,,,,,,,,,,,,,,"{""B"": ""Colegio Gimnasio del Saber"", ""C"": ""Firma electronica: Revisión y aprobación de los reportes de matricula "", ""D"": ""0.0"", ""E"": ""46042.0"", ""F"": false, ""G"": ""46045.0"", ""H"": ""No iniciado"", ""I"": ""Medio"", ""J"": ""N/A"", ""K"": ""Jhoec Camayo""}","{""J"": """"}",support,TASK_BELONGS_TO_PROJECT_TEMPLATE,HISTORICAL_TASK_BOUND_TO_PROJECT_TEMPLATE_NOT_TEMPLATE_ACTIVITY,,
tareas,TSK000375,task,✅Lista de Tareas,391,PRJ0018,Colegio Gimnasio del Saber,Colegio Gimnasio del Saber,Soporte,Schoolpack,support,Matrículas,Actividad,TSK000375,Firma electronica: Desarrollo de las plantillas de matricula,0.0,2026-01-27,2026-01-30,false,No iniciado,Medio,Jhoec Camayo,N/A,,support:ACT-223,,,,,,,,,,,,,,,,,,,,,,,,,,,,,,,"{""B"": ""Colegio Gimnasio del Saber"", ""C"": ""Firma electronica: Desarrollo de las plantillas de matricula"", ""D"": ""0.0"", ""E"": ""46049.0"", ""F"": false, ""G"": ""46052.0"", ""H"": ""No iniciado"", ""I"": ""Medio"", ""J"": ""N/A"", ""K"": ""Jhoec Camayo""}","{""J"": """"}",support,TASK_BELONGS_TO_PROJECT_TEMPLATE,HISTORICAL_TASK_BOUND_TO_PROJECT_TEMPLATE_NOT_TEMPLATE_ACTIVITY,,
tareas,TSK000376,task,✅Lista de Tareas,392,PRJ0018,Colegio Gimnasio del Saber,Colegio Gimnasio del Saber,Soporte,Schoolpack,support,Matrículas,Actividad,TSK000376,Firma electronica: Entrega y auditoria de los reportes de matricula en ambien de pruebas al cliente,0.0,2026-02-03,2026-02-03,false,No iniciado,Medio,Jhoec Camayo,N/A,,support:ACT-224,,,,,,,,,,,,,,,,,,,,,,,,,,,,,,,"{""B"": ""Colegio Gimnasio del Saber"", ""C"": ""Firma electronica: Entrega y auditoria de los reportes de matricula en ambien de pruebas al cliente "", ""D"": ""0.0"", ""E"": ""46056.0"", ""F"": false, ""G"": ""46056.0"", ""H"": ""No iniciado"", ""I"": ""Medio"", ""J"": ""N/A"", ""K"": ""Jhoec Camayo""}","{""J"": """"}",support,TASK_BELONGS_TO_PROJECT_TEMPLATE,HISTORICAL_TASK_BOUND_TO_PROJECT_TEMPLATE_NOT_TEMPLATE_ACTIVITY,,
tareas,TSK000377,task,✅Lista de Tareas,393,PRJ0018,Colegio Gimnasio del Saber,Colegio Gimnasio del Saber,Soporte,Schoolpack,support,Firma electrónica,Actividad,TSK000377,Firma electronica: Despliegue en sitio de producción,0.0,2026-02-06,2026-02-06,false,No iniciado,Medio,Jhoec Camayo,N/A,,support:ACT-225,,,,,,,,,,,,,,,,,,,,,,,,,,,,,,,"{""B"": ""Colegio Gimnasio del Saber"", ""C"": ""Firma electronica: Despliegue en sitio de producción "", ""D"": ""0.0"", ""E"": ""46059.0"", ""F"": false, ""G"": ""46059.0"", ""H"": ""No iniciado"", ""I"": ""Medio"", ""J"": ""N/A"", ""K"": ""Jhoec Camayo""}","{""J"": """"}",support,TASK_BELONGS_TO_PROJECT_TEMPLATE,HISTORICAL_TASK_BOUND_TO_PROJECT_TEMPLATE_NOT_TEMPLATE_ACTIVITY,,
tareas,TSK000378,task,✅Lista de Tareas,394,PRJ0018,Colegio Gimnasio del Saber,Colegio Gimnasio del Saber,Soporte,Schoolpack,support,Matrículas,Actividad,TSK000378,Firma electronica: Capacitación proceso completo de Matriculas y acta de entrega,0.0,2026-02-06,2026-02-06,false,No iniciado,Medio,Jhoec Camayo,N/A,,support:ACT-226,,,,,,,,,,,,,,,,,,,,,,,,,,,,,,,"{""B"": ""Colegio Gimnasio del Saber"", ""C"": ""Firma electronica: Capacitación proceso completo de Matriculas y acta de entrega"", ""D"": ""0.0"", ""E"": ""46059.0"", ""F"": false, ""G"": ""46059.0"", ""H"": ""No iniciado"", ""I"": ""Medio"", ""J"": ""N/A"", ""K"": ""Jhoec Camayo""}","{""J"": """"}",support,TASK_BELONGS_TO_PROJECT_TEMPLATE,HISTORICAL_TASK_BOUND_TO_PROJECT_TEMPLATE_NOT_TEMPLATE_ACTIVITY,,
tareas,TSK000379,task,✅Lista de Tareas,395,PRJ0018,Colegio Gimnasio del Saber,Colegio Gimnasio del Saber,Soporte,Schoolpack,support,Capacitación,Actividad,TSK000379,86372 - Capacitación Recursos Fisicos y ACTA,2.0,2025-12-12,2025-12-12,false,Hecho,Alto,Geraldine Araque,N/A,12am,support:ACT-227,,,,,,,,,,,,,,,,,,,,,,,,,,,,,,,"{""B"": ""Colegio Gimnasio del Saber"", ""C"": ""86372 - Capacitación Recursos Fisicos y ACTA"", ""D"": ""2.0"", ""E"": ""46003.0"", ""F"": false, ""G"": ""46003.0"", ""H"": ""Hecho"", ""I"": ""Alto"", ""J"": ""N/A"", ""K"": ""Geraldine Araque"", ""L"": ""12am""}","{""J"": """"}",support,TASK_BELONGS_TO_PROJECT_TEMPLATE,HISTORICAL_TASK_BOUND_TO_PROJECT_TEMPLATE_NOT_TEMPLATE_ACTIVITY,,
tareas,TSK000380,task,✅Lista de Tareas,396,PRJ0026,Corp.Edu Adventista,Corp.Edu Adventista,Implementación,Schoolpack,implementation_schoolpack,Capacitación,Actividad,TSK000380,Adicionales: Tienda virtual: Capacitación (1h),0.0,2026-03-11,2026-03-11,false,No iniciado,Alto,Geraldine Araque,N/A,,implementation_schoolpack:ACT-36,,,,,,,,,,,,,,,,,,,,,,,,,,,,,,,"{""B"": ""Corp.Edu Adventista"", ""C"": ""Adicionales: Tienda virtual: Capacitación (1h)"", ""D"": ""0.0"", ""E"": ""46092.0"", ""F"": false, ""G"": ""46092.0"", ""H"": ""No iniciado"", ""I"": ""Alto"", ""J"": ""N/A"", ""K"": ""Geraldine Araque""}","{""J"": """"}",implementation_schoolpack,TASK_BELONGS_TO_PROJECT_TEMPLATE,HISTORICAL_TASK_BOUND_TO_PROJECT_TEMPLATE_NOT_TEMPLATE_ACTIVITY,,
tareas,TSK000381,task,✅Lista de Tareas,397,PRJ0022,INPEC,INPEC,Implementación,Campuspack,implementation_campuspack,Reuniones y coordinación,Actividad,TSK000381,Sesión de trabajo Virtual,6.0,2026-01-20,2026-01-20,true,Hecho,Urgente,Carmen Donoso,N/A,,implementation_campuspack:ACT-101,,,,,,,,,,,,,,,,,,,,,,,,,,,,,,,"{""B"": ""INPEC"", ""C"": ""Sesión de trabajo Virtual"", ""D"": ""6.0"", ""E"": ""46042.0"", ""F"": true, ""G"": ""46042.0"", ""H"": ""Hecho"", ""I"": ""Urgente"", ""J"": ""N/A"", ""K"": ""Carmen Donoso""}","{""J"": """"}",implementation_campuspack,TASK_BELONGS_TO_PROJECT_TEMPLATE,HISTORICAL_TASK_BOUND_TO_PROJECT_TEMPLATE_NOT_TEMPLATE_ACTIVITY,,
tareas,TSK000382,task,✅Lista de Tareas,398,PRJ0017,Nuevo colegio del Prado,Nuevo colegio del Prado,Soporte,Schoolpack,support,Financiero,Actividad,TSK000382,"85786 -Auditoria del Desarrollo (3): Mensaje de cartera, de facturación e impresión de plaquetas",1.0,2026-03-24,2026-03-25,true,Hecho,Alto,Sebastian Ballesteros,N/A,,support:ACT-228,,,,,,,,,,,,,,,,,,,,,,,,,,,,,,,"{""B"": ""Nuevo colegio del Prado"", ""C"": ""85786 -Auditoria del Desarrollo (3): Mensaje de cartera, de facturación e impresión de plaquetas "", ""D"": ""1.0"", ""E"": ""46105.0"", ""F"": true, ""G"": ""46106.0"", ""H"": ""Hecho"", ""I"": ""Alto"", ""J"": ""N/A"", ""K"": ""Sebastian Ballesteros""}","{""J"": """"}",support,TASK_BELONGS_TO_PROJECT_TEMPLATE,HISTORICAL_TASK_BOUND_TO_PROJECT_TEMPLATE_NOT_TEMPLATE_ACTIVITY,,
tareas,TSK000383,task,✅Lista de Tareas,399,PRJ0018,Colegio Gimnasio del Saber,Colegio Gimnasio del Saber,Soporte,Schoolpack,support,Otros,Actividad,TSK000383,Cotización Bank Agent,0.0,2026-01-20,2026-01-20,false,No iniciado,Alto,Jhoec Camayo,N/A,,support:ACT-229,,,,,,,,,,,,,,,,,,,,,,,,,,,,,,,"{""B"": ""Colegio Gimnasio del Saber"", ""C"": ""Cotización Bank Agent"", ""D"": ""0.0"", ""E"": ""46042.0"", ""F"": false, ""G"": ""46042.0"", ""H"": ""No iniciado"", ""I"": ""Alto"", ""J"": ""N/A"", ""K"": ""Jhoec Camayo""}","{""J"": """"}",support,TASK_BELONGS_TO_PROJECT_TEMPLATE,HISTORICAL_TASK_BOUND_TO_PROJECT_TEMPLATE_NOT_TEMPLATE_ACTIVITY,,
tareas,TSK000384,task,✅Lista de Tareas,400,PRJ0002,Fundación Incolmotos Yamaha,Fundación Incolmotos Yamaha,Soporte,Campuspack,support,Otros,Actividad,TSK000384,Hacer reporte enviado por IT en Signio,2.0,2025-12-09,2025-12-10,true,Hecho,Alto,Jhoec Camayo,N/A,,support:ACT-230,,,,,,,,,,,,,,,,,,,,,,,,,,,,,,,"{""B"": ""Fundación Incolmotos Yamaha"", ""C"": ""Hacer reporte enviado por IT en Signio"", ""D"": ""2.0"", ""E"": ""46000.0"", ""F"": true, ""G"": ""46001.0"", ""H"": ""Hecho"", ""I"": ""Alto"", ""J"": ""N/A"", ""K"": ""Jhoec Camayo""}","{""J"": """"}",support,TASK_BELONGS_TO_PROJECT_TEMPLATE,HISTORICAL_TASK_BOUND_TO_PROJECT_TEMPLATE_NOT_TEMPLATE_ACTIVITY,,
tareas,TSK000385,task,✅Lista de Tareas,401,PRJ0002,Fundación Incolmotos Yamaha,Fundación Incolmotos Yamaha,Soporte,Campuspack,support,Desarrollos a la medida,Actividad,TSK000385,Resolver documento punto a punto de los requerimiento de las Escuelas Musicales,3.0,2025-12-09,2025-12-12,true,Hecho,Urgente,Jhoec Camayo,N/A,Para la reunión de Cesar Presencial el 12DIC,support:ACT-231,,,,,,,,,,,,,,,,,,,,,,,,,,,,,,,"{""B"": ""Fundación Incolmotos Yamaha"", ""C"": ""Resolver documento punto a punto de los requerimiento de las Escuelas Musicales"", ""D"": ""3.0"", ""E"": ""46000.0"", ""F"": true, ""G"": ""46003.0"", ""H"": ""Hecho"", ""I"": ""Urgente"", ""J"": ""N/A"", ""K"": ""Jhoec Camayo"", ""L"": ""Para la reunión de Cesar Presencial el 12DIC""}","{""J"": """"}",support,TASK_BELONGS_TO_PROJECT_TEMPLATE,HISTORICAL_TASK_BOUND_TO_PROJECT_TEMPLATE_NOT_TEMPLATE_ACTIVITY,,
tareas,TSK000386,task,✅Lista de Tareas,402,PRJ0028,Jalam,Jalam,Implementación,Schoolpack,implementation_schoolpack,Pruebas / Auditoría,Actividad,TSK000386,Sesión de revisión y validación funcional de la implementación del SAC a CIRNAAP Y JALAM,1.0,2026-02-09,2026-02-09,true,Hecho,Urgente,Jhoec Camayo,N/A,3pm,implementation_schoolpack:ACT-37,,,,,,,,,,,,,,,,,,,,,,,,,,,,,,,"{""B"": ""Jalam"", ""C"": ""Sesión de revisión y validación funcional de la implementación del SAC a CIRNAAP Y JALAM"", ""D"": ""1.0"", ""E"": ""46062.0"", ""F"": true, ""G"": ""46062.0"", ""H"": ""Hecho"", ""I"": ""Urgente"", ""J"": ""N/A"", ""K"": ""Jhoec Camayo"", ""L"": ""3pm""}","{""J"": """"}",implementation_schoolpack,TASK_BELONGS_TO_PROJECT_TEMPLATE,HISTORICAL_TASK_BOUND_TO_PROJECT_TEMPLATE_NOT_TEMPLATE_ACTIVITY,,
tareas,TSK000387,task,✅Lista de Tareas,403,PRJ0001,Academia MISI,Academia MISI,Implementación,Campuspack,implementation_campuspack,Desarrollos a la medida,Actividad,TSK000387,Error de cambio de perfil y de inventarios - Pendiente fecha de entrega Desarrollo,1.0,2025-12-12,2025-12-16,true,Hecho,Alto,Carmen Donoso,,,implementation_campuspack:ACT-102,,,,,,,,,,,,,,,,,,,,,,,,,,,,,,,"{""B"": ""Academia MISI"", ""C"": ""Error de cambio de perfil y de inventarios - Pendiente fecha de entrega Desarrollo"", ""D"": ""1.0"", ""E"": ""46003.0"", ""F"": true, ""G"": ""46007.0"", ""H"": ""Hecho"", ""I"": ""Alto"", ""K"": ""Carmen Donoso""}",{},implementation_campuspack,TASK_BELONGS_TO_PROJECT_TEMPLATE,HISTORICAL_TASK_BOUND_TO_PROJECT_TEMPLATE_NOT_TEMPLATE_ACTIVITY,,
tareas,TSK000388,task,✅Lista de Tareas,404,PRJ0023,Contraloria,Contraloria,Soporte,Schoolpack,support,Otros,Actividad,TSK000388,Crear recibo de pago en Banco,0.0,2025-12-10,2025-12-12,true,Hecho,Alto,Sebastian Ballesteros,N/A,"POSPUESTO, NO LO VAN A USAR ",support:ACT-232,,,,,,,,,,,,,,,,,,,,,,,,,,,,,,,"{""B"": ""Contraloria"", ""C"": ""Crear recibo de pago en Banco"", ""D"": ""0.0"", ""E"": ""46001.0"", ""F"": true, ""G"": ""46003.0"", ""H"": ""Hecho"", ""I"": ""Alto"", ""J"": ""N/A"", ""K"": ""Sebastian Ballesteros"", ""L"": ""POSPUESTO, NO LO VAN A USAR ""}","{""J"": ""if(or(F404=TRUE,G404>0,H404=\""Done\"",isblank(E404)),\""N/A\"",if($B$5<=E404,\""N/A\"",\""Overdue\""))""}",support,TASK_BELONGS_TO_PROJECT_TEMPLATE,HISTORICAL_TASK_BOUND_TO_PROJECT_TEMPLATE_NOT_TEMPLATE_ACTIVITY,,
tareas,TSK000389,task,✅Lista de Tareas,405,PRJ0001,Academia MISI,Academia MISI,Implementación,Campuspack,implementation_campuspack,Desarrollos a la medida,Actividad,TSK000389,Documentación desarrollo: checks solicitados (imágenes y habeas data),3.0,2025-12-16,2025-12-16,true,Hecho,Alto,Geraldine Araque,,"No van a pagar, lo manejan como el sistema",implementation_campuspack:ACT-103,,,,,,,,,,,,,,,,,,,,,,,,,,,,,,,"{""B"": ""Academia MISI"", ""C"": ""Documentación desarrollo: checks solicitados (imágenes y habeas data)"", ""D"": ""3.0"", ""E"": ""46007.0"", ""F"": true, ""G"": ""46007.0"", ""H"": ""Hecho"", ""I"": ""Alto"", ""K"": ""Geraldine Araque"", ""L"": ""No van a pagar, lo manejan como el sistema""}",{},implementation_campuspack,TASK_BELONGS_TO_PROJECT_TEMPLATE,HISTORICAL_TASK_BOUND_TO_PROJECT_TEMPLATE_NOT_TEMPLATE_ACTIVITY,,
tareas,TSK000390,task,✅Lista de Tareas,406,PRJ0022,INPEC,INPEC,Implementación,Campuspack,implementation_campuspack,Desarrollos a la medida,Actividad,TSK000390,Documentación Desarrollo Bienestar (Procesos disciplinarios),5.0,2026-01-21,2026-03-24,true,Hecho,Alto,Carmen Donoso,,,implementation_campuspack:ACT-104,,,,,,,,,,,,,,,,,,,,,,,,,,,,,,,"{""B"": ""INPEC"", ""C"": ""Documentación Desarrollo Bienestar (Procesos disciplinarios)"", ""D"": ""5.0"", ""E"": ""46043.0"", ""F"": true, ""G"": ""46105.0"", ""H"": ""Hecho"", ""I"": ""Alto"", ""K"": ""Carmen Donoso""}",{},implementation_campuspack,TASK_BELONGS_TO_PROJECT_TEMPLATE,HISTORICAL_TASK_BOUND_TO_PROJECT_TEMPLATE_NOT_TEMPLATE_ACTIVITY,,
tareas,TSK000391,task,✅Lista de Tareas,407,PRJ0026,Corp.Edu Adventista,Corp.Edu Adventista,Implementación,Schoolpack,implementation_schoolpack,Admisiones,Actividad,TSK000391,Admisiones: Configuración incial y Capacitación (2h) y acta,0.0,2026-03-13,2026-03-13,false,No iniciado,Alto,Geraldine Araque,N/A,,implementation_schoolpack:ACT-38,,,,,,,,,,,,,,,,,,,,,,,,,,,,,,,"{""B"": ""Corp.Edu Adventista"", ""C"": ""Admisiones: Configuración incial y Capacitación (2h) y acta"", ""D"": ""0.0"", ""E"": ""46094.0"", ""F"": false, ""G"": ""46094.0"", ""H"": ""No iniciado"", ""I"": ""Alto"", ""J"": ""N/A"", ""K"": ""Geraldine Araque""}","{""J"": ""if(or(F407=TRUE,G407>0,H407=\""Done\"",isblank(E407)),\""N/A\"",if($B$5<=E407,\""N/A\"",\""Overdue\""))""}",implementation_schoolpack,TASK_BELONGS_TO_PROJECT_TEMPLATE,HISTORICAL_TASK_BOUND_TO_PROJECT_TEMPLATE_NOT_TEMPLATE_ACTIVITY,,
tareas,TSK000392,task,✅Lista de Tareas,408,PRJ0023,Contraloria,Contraloria,Soporte,Schoolpack,support,Matrículas,Actividad,TSK000392,86326 - Solicitud de actualización documentos de matricula - Revisión de documentación y cotización (OSE),2.0,2025-12-10,2025-12-10,false,Hecho,Alto,Geraldine Araque,N/A,"Eliminar los documentos que no requieren ser descargados por los padres de familia. Actualizar el formato de salud, libranza y contrato de convivencia. Item donde el padre de familia adjunte el soporte de pago de matricula y pesion",support:ACT-233,,,,,,,,,,,,,,,,,,,,,,,,,,,,,,,"{""B"": ""Contraloria"", ""C"": ""86326 - Solicitud de actualización documentos de matricula - Revisión de documentación y cotización (OSE)"", ""D"": ""2.0"", ""E"": ""46001.0"", ""F"": false, ""G"": ""46001.0"", ""H"": ""Hecho"", ""I"": ""Alto"", ""J"": ""N/A"", ""K"": ""Geraldine Araque"", ""L"": ""Eliminar los documentos que no requieren ser descargados por los padres de familia. Actualizar el formato de salud, libranza y contrato de convivencia. Item donde el padre de familia adjunte el soporte de pago de matricula y pesion""}","{""J"": """"}",support,TASK_BELONGS_TO_PROJECT_TEMPLATE,HISTORICAL_TASK_BOUND_TO_PROJECT_TEMPLATE_NOT_TEMPLATE_ACTIVITY,,
tareas,TSK000393,task,✅Lista de Tareas,409,PRJ0018,Colegio Gimnasio del Saber,Colegio Gimnasio del Saber,Soporte,Schoolpack,support,Académico,Actividad,TSK000393,Tableros de academico (Ellos envian los diseños): Documentación,7.0,2025-12-23,2025-12-23,true,Hecho,Alto,Carmen Donoso,N/A,,support:ACT-234,,,,,,,,,,,,,,,,,,,,,,,,,,,,,,,"{""B"": ""Colegio Gimnasio del Saber"", ""C"": ""Tableros de academico (Ellos envian los diseños): Documentación"", ""D"": ""7.0"", ""E"": ""46014.0"", ""F"": true, ""G"": ""46014.0"", ""H"": ""Hecho"", ""I"": ""Alto"", ""J"": ""N/A"", ""K"": ""Carmen Donoso""}","{""J"": """"}",support,TASK_BELONGS_TO_PROJECT_TEMPLATE,HISTORICAL_TASK_BOUND_TO_PROJECT_TEMPLATE_NOT_TEMPLATE_ACTIVITY,,
tareas,TSK000394,task,✅Lista de Tareas,410,PRJ0028,Jalam,Jalam,Implementación,Schoolpack,implementation_schoolpack,Documentación / Actas / Entrega,Actividad,TSK000394,Entrega de Manuales a Jalam,2.0,2026-01-26,2026-01-26,true,Hecho,Alto,Jhoec Camayo,,,implementation_schoolpack:ACT-39,,,,,,,,,,,,,,,,,,,,,,,,,,,,,,,"{""B"": ""Jalam"", ""C"": ""Entrega de Manuales a Jalam"", ""D"": ""2.0"", ""E"": ""46048.0"", ""F"": true, ""G"": ""46048.0"", ""H"": ""Hecho"", ""I"": ""Alto"", ""K"": ""Jhoec Camayo""}",{},implementation_schoolpack,TASK_BELONGS_TO_PROJECT_TEMPLATE,HISTORICAL_TASK_BOUND_TO_PROJECT_TEMPLATE_NOT_TEMPLATE_ACTIVITY,,
tareas,TSK000395,task,✅Lista de Tareas,411,PRJ0028,Jalam,Jalam,Implementación,Schoolpack,implementation_schoolpack,Documentación / Actas / Entrega,Actividad,TSK000395,Entrega de Videos a Jalam,3.0,2026-01-28,2026-01-28,true,Hecho,Alto,Jhoec Camayo,,,implementation_schoolpack:ACT-40,,,,,,,,,,,,,,,,,,,,,,,,,,,,,,,"{""B"": ""Jalam"", ""C"": ""Entrega de Videos a Jalam"", ""D"": ""3.0"", ""E"": ""46050.0"", ""F"": true, ""G"": ""46050.0"", ""H"": ""Hecho"", ""I"": ""Alto"", ""K"": ""Jhoec Camayo""}",{},implementation_schoolpack,TASK_BELONGS_TO_PROJECT_TEMPLATE,HISTORICAL_TASK_BOUND_TO_PROJECT_TEMPLATE_NOT_TEMPLATE_ACTIVITY,,
tareas,TSK000396,task,✅Lista de Tareas,412,PRJ0028,Jalam,Jalam,Implementación,Schoolpack,implementation_schoolpack,Otros,Actividad,TSK000396,Solicitar cuatro estornos del SAC,1.0,2026-01-23,2026-01-29,true,Hecho,Alto,Jhoec Camayo,,,implementation_schoolpack:ACT-41,,,,,,,,,,,,,,,,,,,,,,,,,,,,,,,"{""B"": ""Jalam"", ""C"": ""Solicitar cuatro estornos del SAC"", ""D"": ""1.0"", ""E"": ""46045.0"", ""F"": true, ""G"": ""46051.0"", ""H"": ""Hecho"", ""I"": ""Alto"", ""K"": ""Jhoec Camayo""}",{},implementation_schoolpack,TASK_BELONGS_TO_PROJECT_TEMPLATE,HISTORICAL_TASK_BOUND_TO_PROJECT_TEMPLATE_NOT_TEMPLATE_ACTIVITY,,
tareas,TSK000397,task,✅Lista de Tareas,413,PRJ0022,INPEC,INPEC,Implementación,Campuspack,implementation_campuspack,Académico,Actividad,TSK000397,"Auditar Desarrollo caracterización academica: Sylabus, programas y reportes y solution",5.0,2026-05-08,2026-05-14,true,Hecho,Alto,Carmen Donoso,,,implementation_campuspack:ACT-105,,,,,,,,,,,,,,,,,,,,,,,,,,,,,,,"{""B"": ""INPEC"", ""C"": ""Auditar Desarrollo caracterización academica: Sylabus, programas y reportes y solution"", ""D"": ""5.0"", ""E"": ""46150.0"", ""F"": true, ""G"": ""46156.0"", ""H"": ""Hecho"", ""I"": ""Alto"", ""K"": ""Carmen Donoso""}",{},implementation_campuspack,TASK_BELONGS_TO_PROJECT_TEMPLATE,HISTORICAL_TASK_BOUND_TO_PROJECT_TEMPLATE_NOT_TEMPLATE_ACTIVITY,,
tareas,TSK000398,task,✅Lista de Tareas,414,PRJ0022,INPEC,INPEC,Implementación,Campuspack,implementation_campuspack,Admisiones,Actividad,TSK000398,Auditoria y entrega del Desarrollo Admisiones y Matriculas,4.0,2026-03-09,2026-04-01,true,Hecho,Alto,Carmen Donoso,,Viernes,implementation_campuspack:ACT-106,,,,,,,,,,,,,,,,,,,,,,,,,,,,,,,"{""B"": ""INPEC"", ""C"": ""Auditoria y entrega del Desarrollo Admisiones y Matriculas "", ""D"": ""4.0"", ""E"": ""46090.0"", ""F"": true, ""G"": ""46113.0"", ""H"": ""Hecho"", ""I"": ""Alto"", ""K"": ""Carmen Donoso"", ""L"": ""Viernes""}",{},implementation_campuspack,TASK_BELONGS_TO_PROJECT_TEMPLATE,HISTORICAL_TASK_BOUND_TO_PROJECT_TEMPLATE_NOT_TEMPLATE_ACTIVITY,,
tareas,TSK000399,task,✅Lista de Tareas,415,PRJ0004,Corp.Edu Dr. Amin Ariza,Corp.Edu Dr. Amin Ariza,Implementación,Campuspack,implementation_campuspack,Matrículas,Actividad,TSK000399,Documentación de programación de horarios y programación de matriculas (Sesiónes con la persona fija en la institución),3.0,2026-04-28,2026-04-28,true,Hecho,Alto,Carmen Donoso,,,implementation_campuspack:ACT-107,,,,,,,,,,,,,,,,,,,,,,,,,,,,,,,"{""B"": ""Corp.Edu Dr. Amin Ariza"", ""C"": ""Documentación de programación de horarios y programación de matriculas (Sesiónes con la persona fija en la institución)"", ""D"": ""3.0"", ""E"": ""46140.0"", ""F"": true, ""G"": ""46140.0"", ""H"": ""Hecho"", ""I"": ""Alto"", ""K"": ""Carmen Donoso""}",{},implementation_campuspack,TASK_BELONGS_TO_PROJECT_TEMPLATE,HISTORICAL_TASK_BOUND_TO_PROJECT_TEMPLATE_NOT_TEMPLATE_ACTIVITY,,
tareas,TSK000400,task,✅Lista de Tareas,416,PRJ0018,Colegio Gimnasio del Saber,Colegio Gimnasio del Saber,Soporte,Schoolpack,support,Académico,Actividad,TSK000400,86376 - Cotización: Pantalla de Valoraciones Plus,6.0,2026-01-15,2026-01-15,true,Hecho,Alto,Carmen Donoso,N/A,"Cambiar a otra pantalla que ya existe, Pantalla plus, Vamos a hacer presencial la capacitación ",support:ACT-235,,,,,,,,,,,,,,,,,,,,,,,,,,,,,,,"{""B"": ""Colegio Gimnasio del Saber"", ""C"": ""86376 - Cotización: Pantalla de Valoraciones Plus"", ""D"": ""6.0"", ""E"": ""46037.0"", ""F"": true, ""G"": ""46037.0"", ""H"": ""Hecho"", ""I"": ""Alto"", ""J"": ""N/A"", ""K"": ""Carmen Donoso"", ""L"": ""Cambiar a otra pantalla que ya existe, Pantalla plus, Vamos a hacer presencial la capacitación ""}","{""J"": ""if(or(F416=TRUE,G416>0,H416=\""Done\"",isblank(E416)),\""N/A\"",if($B$5<=E416,\""N/A\"",\""Overdue\""))""}",support,TASK_BELONGS_TO_PROJECT_TEMPLATE,HISTORICAL_TASK_BOUND_TO_PROJECT_TEMPLATE_NOT_TEMPLATE_ACTIVITY,,
tareas,TSK000401,task,✅Lista de Tareas,417,PRJ0018,Colegio Gimnasio del Saber,Colegio Gimnasio del Saber,Soporte,Schoolpack,support,Otros,Actividad,TSK000401,"Migración a la pantalla plus a logros, indicadores y actividaes",0.0,2025-12-23,2025-12-23,true,Hecho,Alto,Carmen Donoso,N/A,Ene12 cuando vuelvas,support:ACT-236,,,,,,,,,,,,,,,,,,,,,,,,,,,,,,,"{""B"": ""Colegio Gimnasio del Saber"", ""C"": ""Migración a la pantalla plus a logros, indicadores y actividaes"", ""D"": ""0.0"", ""E"": ""46014.0"", ""F"": true, ""G"": ""46014.0"", ""H"": ""Hecho"", ""I"": ""Alto"", ""J"": ""N/A"", ""K"": ""Carmen Donoso"", ""L"": ""Ene12 cuando vuelvas""}","{""J"": """"}",support,TASK_BELONGS_TO_PROJECT_TEMPLATE,HISTORICAL_TASK_BOUND_TO_PROJECT_TEMPLATE_NOT_TEMPLATE_ACTIVITY,,
tareas,TSK000402,task,✅Lista de Tareas,418,PRJ0018,Colegio Gimnasio del Saber,Colegio Gimnasio del Saber,Soporte,Schoolpack,support,Académico,Actividad,TSK000402,"Cotización - Personalización de los label del planeador standar de Infinite, visualizador actitudinal en pantalla",6.0,2026-01-15,2026-01-15,true,Hecho,Alto,Carmen Donoso,N/A,Ya esta aprobada,support:ACT-237,,,,,,,,,,,,,,,,,,,,,,,,,,,,,,,"{""B"": ""Colegio Gimnasio del Saber"", ""C"": ""Cotización - Personalización de los label del planeador standar de Infinite, visualizador actitudinal en pantalla"", ""D"": ""6.0"", ""E"": ""46037.0"", ""F"": true, ""G"": ""46037.0"", ""H"": ""Hecho"", ""I"": ""Alto"", ""J"": ""N/A"", ""K"": ""Carmen Donoso"", ""L"": ""Ya esta aprobada""}","{""J"": """"}",support,TASK_BELONGS_TO_PROJECT_TEMPLATE,HISTORICAL_TASK_BOUND_TO_PROJECT_TEMPLATE_NOT_TEMPLATE_ACTIVITY,,
tareas,TSK000403,task,✅Lista de Tareas,419,PRJ0018,Colegio Gimnasio del Saber,Colegio Gimnasio del Saber,Soporte,Schoolpack,support,Académico,Actividad,TSK000403,"Desarrollo - Personalización de los label del planeador standar de Infinite, visualizador actitudinal en pantalla",8.0,2026-01-22,2026-01-28,true,Hecho,Alto,Desarrollo,,,support:ACT-238,,,,,,,,,,,,,,,,,,,,,,,,,,,,,,,"{""B"": ""Colegio Gimnasio del Saber"", ""C"": ""Desarrollo - Personalización de los label del planeador standar de Infinite, visualizador actitudinal en pantalla"", ""D"": ""8.0"", ""E"": ""46044.0"", ""F"": true, ""G"": ""46050.0"", ""H"": ""Hecho"", ""I"": ""Alto"", ""K"": ""Desarrollo""}",{},support,TASK_BELONGS_TO_PROJECT_TEMPLATE,HISTORICAL_TASK_BOUND_TO_PROJECT_TEMPLATE_NOT_TEMPLATE_ACTIVITY,,
tareas,TSK000404,task,✅Lista de Tareas,420,PRJ0018,Colegio Gimnasio del Saber,Colegio Gimnasio del Saber,Soporte,Schoolpack,support,Reuniones y coordinación,Actividad,TSK000404,86524 - Actualizar 7 reportes (Antes de la visita presencial) Enviar OSE,4.0,2026-01-16,2026-01-20,true,Hecho,Alto,Carmen Donoso,N/A,"Sesión el viernes 16 de enero, pasar a LORENA LO MAS PRONTO",support:ACT-239,,,,,,,,,,,,,,,,,,,,,,,,,,,,,,,"{""B"": ""Colegio Gimnasio del Saber"", ""C"": ""86524 - Actualizar 7 reportes (Antes de la visita presencial) Enviar OSE"", ""D"": ""4.0"", ""E"": ""46038.0"", ""F"": true, ""G"": ""46042.0"", ""H"": ""Hecho"", ""I"": ""Alto"", ""J"": ""N/A"", ""K"": ""Carmen Donoso"", ""L"": ""Sesión el viernes 16 de enero, pasar a LORENA LO MAS PRONTO""}","{""J"": ""if(or(F420=TRUE,G420>0,H420=\""Done\"",isblank(E420)),\""N/A\"",if($B$5<=E420,\""N/A\"",\""Overdue\""))""}",support,TASK_BELONGS_TO_PROJECT_TEMPLATE,HISTORICAL_TASK_BOUND_TO_PROJECT_TEMPLATE_NOT_TEMPLATE_ACTIVITY,,
tareas,TSK000405,task,✅Lista de Tareas,421,PRJ0026,Corp.Edu Adventista,Corp.Edu Adventista,Implementación,Schoolpack,implementation_schoolpack,Académico,Actividad,TSK000405,Seguimiento a la entrega de la lista de chequeo academica,1.0,2026-02-24,2026-02-26,true,Hecho,Urgente,Geraldine Araque,N/A,,implementation_schoolpack:ACT-42,,,,,,,,,,,,,,,,,,,,,,,,,,,,,,,"{""B"": ""Corp.Edu Adventista"", ""C"": ""Seguimiento a la entrega de la lista de chequeo academica"", ""D"": ""1.0"", ""E"": ""46077.0"", ""F"": true, ""G"": ""46079.0"", ""H"": ""Hecho"", ""I"": ""Urgente"", ""J"": ""N/A"", ""K"": ""Geraldine Araque""}","{""J"": """"}",implementation_schoolpack,TASK_BELONGS_TO_PROJECT_TEMPLATE,HISTORICAL_TASK_BOUND_TO_PROJECT_TEMPLATE_NOT_TEMPLATE_ACTIVITY,,
tareas,TSK000406,task,✅Lista de Tareas,422,PRJ0008,Corazonistas,Corazonistas,Soporte,Implementado,support,Admisiones,Actividad,TSK000406,86349 - Levantamiento Admisiones Corazonista Barranquilla (ABREN SAC CUANDO TENGAN LOS DOCUMENTOS),3.0,2026-03-19,2026-07-07,true,Hecho,Alto,Carmen Donoso,N/A,"Versión mas pequeña de la pequeña FOR ADM, JUAN ARELLANA",support:ACT-240,,,,,,,,,,,,,,,,,,,,,,,,,,,,,,,"{""B"": ""Corazonistas"", ""C"": ""86349 - Levantamiento Admisiones Corazonista Barranquilla (ABREN SAC CUANDO TENGAN LOS DOCUMENTOS)"", ""D"": ""3.0"", ""E"": ""46100.0"", ""F"": true, ""G"": ""46210.0"", ""H"": ""Hecho"", ""I"": ""Alto"", ""J"": ""N/A"", ""K"": ""Carmen Donoso"", ""L"": ""Versión mas pequeña de la pequeña FOR ADM, JUAN ARELLANA""}","{""J"": """"}",support,TASK_BELONGS_TO_PROJECT_TEMPLATE,HISTORICAL_TASK_BOUND_TO_PROJECT_TEMPLATE_NOT_TEMPLATE_ACTIVITY,,
tareas,TSK000407,task,✅Lista de Tareas,423,PRJ0022,INPEC,INPEC,Implementación,Campuspack,implementation_campuspack,Migración / Importadores,Actividad,TSK000407,Puesta en pruebas del Importador Grupos académicos y Notas,2.0,2026-01-23,2026-01-23,true,Hecho,Alto,Julian Sanchez ,N/A,,implementation_campuspack:ACT-108,,,,,,,,,,,,,,,,,,,,,,,,,,,,,,,"{""B"": ""INPEC"", ""C"": ""Puesta en pruebas del Importador Grupos académicos y Notas"", ""D"": ""2.0"", ""E"": ""46045.0"", ""F"": true, ""G"": ""46045.0"", ""H"": ""Hecho"", ""I"": ""Alto"", ""J"": ""N/A"", ""K"": ""Julian Sanchez ""}","{""J"": """"}",implementation_campuspack,TASK_BELONGS_TO_PROJECT_TEMPLATE,HISTORICAL_TASK_BOUND_TO_PROJECT_TEMPLATE_NOT_TEMPLATE_ACTIVITY,,
tareas,TSK000408,task,✅Lista de Tareas,424,PRJ0021,FESA,FESA,Soporte,Schoolpack,support,Académico,Actividad,TSK000408,Incluir nueva pantalla de valoraciones para académico de acuerdo a lo hablado anteriormente con Heidy y ver la posibilidad de incluir el Piar,5.0,2026-01-20,2026-02-10,true,Hecho,Medio,Carmen Donoso,N/A,sesión el 10Feb,support:ACT-241,,,,,,,,,,,,,,,,,,,,,,,,,,,,,,,"{""B"": ""FESA"", ""C"": ""Incluir nueva pantalla de valoraciones para académico de acuerdo a lo hablado anteriormente con Heidy y ver la posibilidad de incluir el Piar"", ""D"": ""5.0"", ""E"": ""46042.0"", ""F"": true, ""G"": ""46063.0"", ""H"": ""Hecho"", ""I"": ""Medio"", ""J"": ""N/A"", ""K"": ""Carmen Donoso"", ""L"": ""sesión el 10Feb""}","{""J"": """"}",support,TASK_BELONGS_TO_PROJECT_TEMPLATE,HISTORICAL_TASK_BOUND_TO_PROJECT_TEMPLATE_NOT_TEMPLATE_ACTIVITY,,
tareas,TSK000409,task,✅Lista de Tareas,425,,Confenalco,Confenalco ,,,,,Actividad,TSK000409,"Sesión de revisión de integraciones (Office 365, Hopspot, Moodle)",0.0,2026-01-29,2026-01-29,false,No iniciado,Alto,Julian Sanchez ,N/A,Con Miguel ,,,,,,,,,,,,,,,,,,,,,,,,,,,,,,,,"{""B"": ""Confenalco "", ""C"": ""Sesión de revisión de integraciones (Office 365, Hopspot, Moodle)"", ""D"": ""0.0"", ""E"": ""46051.0"", ""F"": false, ""G"": ""46051.0"", ""H"": ""No iniciado"", ""I"": ""Alto"", ""J"": ""N/A"", ""K"": ""Julian Sanchez "", ""L"": ""Con Miguel ""}","{""J"": """"}",,TASK_BELONGS_TO_PROJECT_TEMPLATE,NOT_APPLICABLE,,
tareas,TSK000410,task,✅Lista de Tareas,426,PRJ0022,INPEC,INPEC,Implementación,Campuspack,implementation_campuspack,Académico,Actividad,TSK000410,Academico: Capacitación Configuración de plan de estudios (1h),1.0,2026-01-27,2026-01-27,true,Hecho,Alto,Carmen Donoso,N/A,,implementation_campuspack:ACT-109,,,,,,,,,,,,,,,,,,,,,,,,,,,,,,,"{""B"": ""INPEC"", ""C"": ""Academico: Capacitación Configuración de plan de estudios (1h)"", ""D"": ""1.0"", ""E"": ""46049.0"", ""F"": true, ""G"": ""46049.0"", ""H"": ""Hecho"", ""I"": ""Alto"", ""J"": ""N/A"", ""K"": ""Carmen Donoso""}","{""J"": """"}",implementation_campuspack,TASK_BELONGS_TO_PROJECT_TEMPLATE,HISTORICAL_TASK_BOUND_TO_PROJECT_TEMPLATE_NOT_TEMPLATE_ACTIVITY,,
tareas,TSK000411,task,✅Lista de Tareas,427,PRJ0022,INPEC,INPEC,Implementación,Campuspack,implementation_campuspack,Académico,Actividad,TSK000411,Configuración de registro y control (Grupos y horarios),2.0,2026-02-03,2026-02-05,true,Hecho,Alto,Carmen Donoso,N/A,,implementation_campuspack:ACT-110,,,,,,,,,,,,,,,,,,,,,,,,,,,,,,,"{""B"": ""INPEC"", ""C"": ""Configuración de registro y control (Grupos y horarios)"", ""D"": ""2.0"", ""E"": ""46056.0"", ""F"": true, ""G"": ""46058.0"", ""H"": ""Hecho"", ""I"": ""Alto"", ""J"": ""N/A"", ""K"": ""Carmen Donoso""}","{""J"": """"}",implementation_campuspack,TASK_BELONGS_TO_PROJECT_TEMPLATE,HISTORICAL_TASK_BOUND_TO_PROJECT_TEMPLATE_NOT_TEMPLATE_ACTIVITY,,
tareas,TSK000412,task,✅Lista de Tareas,428,PRJ0021,FESA,FESA,Soporte,Schoolpack,support,Pruebas / Auditoría,Actividad,TSK000412,"Sesión plan piloto (Revisión del modelo implantado en colegios de San Jose y Santos, y del boletín periodo)",2.0,2026-03-09,2026-03-09,true,Hecho,Alto,Carmen Donoso,,8am,support:ACT-242,,,,,,,,,,,,,,,,,,,,,,,,,,,,,,,"{""B"": ""FESA"", ""C"": ""Sesión plan piloto (Revisión del modelo implantado en colegios de San Jose y Santos, y del boletín periodo)"", ""D"": ""2.0"", ""E"": ""46090.0"", ""F"": true, ""G"": ""46090.0"", ""H"": ""Hecho"", ""I"": ""Alto"", ""K"": ""Carmen Donoso"", ""L"": ""8am""}",{},support,TASK_BELONGS_TO_PROJECT_TEMPLATE,HISTORICAL_TASK_BOUND_TO_PROJECT_TEMPLATE_NOT_TEMPLATE_ACTIVITY,,
tareas,TSK000413,task,✅Lista de Tareas,429,PRJ0021,FESA,FESA,Soporte,Schoolpack,support,Otros,Actividad,TSK000413,Piloto: Caracterización de pantallas,4.0,2026-03-10,2026-03-13,true,Hecho,Alto,Carmen Donoso,,,support:ACT-243,,,,,,,,,,,,,,,,,,,,,,,,,,,,,,,"{""B"": ""FESA"", ""C"": ""Piloto: Caracterización de pantallas"", ""D"": ""4.0"", ""E"": ""46091.0"", ""F"": true, ""G"": ""46094.0"", ""H"": ""Hecho"", ""I"": ""Alto"", ""K"": ""Carmen Donoso""}",{},support,TASK_BELONGS_TO_PROJECT_TEMPLATE,HISTORICAL_TASK_BOUND_TO_PROJECT_TEMPLATE_NOT_TEMPLATE_ACTIVITY,,
tareas,TSK000414,task,✅Lista de Tareas,430,PRJ0021,FESA,FESA,Soporte,Schoolpack,support,Capacitación,Actividad,TSK000414,Capacitación Preescolar,2.0,2026-03-09,2026-03-09,true,Hecho,Alto,Carmen Donoso,,,support:ACT-244,,,,,,,,,,,,,,,,,,,,,,,,,,,,,,,"{""B"": ""FESA"", ""C"": ""Capacitación Preescolar"", ""D"": ""2.0"", ""E"": ""46090.0"", ""F"": true, ""G"": ""46090.0"", ""H"": ""Hecho"", ""I"": ""Alto"", ""K"": ""Carmen Donoso""}",{},support,TASK_BELONGS_TO_PROJECT_TEMPLATE,HISTORICAL_TASK_BOUND_TO_PROJECT_TEMPLATE_NOT_TEMPLATE_ACTIVITY,,
tareas,TSK000415,task,✅Lista de Tareas,431,PRJ0021,FESA,FESA,Soporte,Schoolpack,support,Otros,Actividad,TSK000415,Ajuste de los reportes primaria y secundaria (Ok los tiene Lorena),2.0,2026-03-18,2026-04-01,true,Hecho,Alto,Carmen Donoso,,,support:ACT-245,,,,,,,,,,,,,,,,,,,,,,,,,,,,,,,"{""B"": ""FESA"", ""C"": ""Ajuste de los reportes primaria y secundaria (Ok los tiene Lorena)"", ""D"": ""2.0"", ""E"": ""46099.0"", ""F"": true, ""G"": ""46113.0"", ""H"": ""Hecho"", ""I"": ""Alto"", ""K"": ""Carmen Donoso""}",{},support,TASK_BELONGS_TO_PROJECT_TEMPLATE,HISTORICAL_TASK_BOUND_TO_PROJECT_TEMPLATE_NOT_TEMPLATE_ACTIVITY,,
tareas,TSK000416,task,✅Lista de Tareas,432,PRJ0021,FESA,FESA,Soporte,Schoolpack,support,Acompañamiento / Seguimiento,Actividad,TSK000416,Acompañamiento de generación de boletines para Santos Apostoles,2.0,2026-04-16,2026-04-16,true,Hecho,Alto,Carmen Donoso,,,support:ACT-246,,,,,,,,,,,,,,,,,,,,,,,,,,,,,,,"{""B"": ""FESA"", ""C"": ""Acompañamiento de generación de boletines para Santos Apostoles"", ""D"": ""2.0"", ""E"": ""46128.0"", ""F"": true, ""G"": ""46128.0"", ""H"": ""Hecho"", ""I"": ""Alto"", ""K"": ""Carmen Donoso""}",{},support,TASK_BELONGS_TO_PROJECT_TEMPLATE,HISTORICAL_TASK_BOUND_TO_PROJECT_TEMPLATE_NOT_TEMPLATE_ACTIVITY,,
tareas,TSK000417,task,✅Lista de Tareas,433,PRJ0022,INPEC,INPEC,Implementación,Campuspack,implementation_campuspack,Académico,Actividad,TSK000417,Academico: Configuración y Capacitación Programación de criterios evaluativos (Silabus) (1h),2.0,2026-02-03,2026-02-17,true,Hecho,Alto,Carmen Donoso,N/A,"Silabus:Tecnico, Cursos cortos, Aprendisaje. Envian Reportes por Calidad esta semana ",implementation_campuspack:ACT-111,,,,,,,,,,,,,,,,,,,,,,,,,,,,,,,"{""B"": ""INPEC"", ""C"": ""Academico: Configuración y Capacitación Programación de criterios evaluativos (Silabus) (1h)"", ""D"": ""2.0"", ""E"": ""46056.0"", ""F"": true, ""G"": ""46070.0"", ""H"": ""Hecho"", ""I"": ""Alto"", ""J"": ""N/A"", ""K"": ""Carmen Donoso"", ""L"": ""Silabus:Tecnico, Cursos cortos, Aprendisaje. Envian Reportes por Calidad esta semana ""}","{""J"": ""if(or(F433=TRUE,G433>0,H433=\""Done\"",isblank(E433)),\""N/A\"",if($B$5<=E433,\""N/A\"",\""Overdue\""))""}",implementation_campuspack,TASK_BELONGS_TO_PROJECT_TEMPLATE,HISTORICAL_TASK_BOUND_TO_PROJECT_TEMPLATE_NOT_TEMPLATE_ACTIVITY,,
tareas,TSK000418,task,✅Lista de Tareas,434,PRJ0021,FESA,FESA,Soporte,Schoolpack,support,Acompañamiento / Seguimiento,Actividad,TSK000418,Acompañamiento de generación de boletines para San Jose,2.0,2026-04-15,2026-04-15,true,Hecho,Alto,Carmen Donoso,,,support:ACT-247,,,,,,,,,,,,,,,,,,,,,,,,,,,,,,,"{""B"": ""FESA"", ""C"": ""Acompañamiento de generación de boletines para San Jose"", ""D"": ""2.0"", ""E"": ""46127.0"", ""F"": true, ""G"": ""46127.0"", ""H"": ""Hecho"", ""I"": ""Alto"", ""K"": ""Carmen Donoso""}",{},support,TASK_BELONGS_TO_PROJECT_TEMPLATE,HISTORICAL_TASK_BOUND_TO_PROJECT_TEMPLATE_NOT_TEMPLATE_ACTIVITY,,
tareas,TSK000419,task,✅Lista de Tareas,435,PRJ0021,FESA,FESA,Soporte,Schoolpack,support,Capacitación,Actividad,TSK000419,87140 - Capacitación de módulos para Secretaría y Coordinación,,2026-07-01,2026-07-01,true,Hecho,Alto,Carmen Donoso,,,support:ACT-248,,,,,,,,,,,,,,,,,,,,,,,,,,,,,,,"{""B"": ""FESA"", ""C"": ""87140 - Capacitación de módulos para Secretaría y Coordinación"", ""E"": ""46204.0"", ""F"": true, ""G"": ""46204.0"", ""H"": ""Hecho"", ""I"": ""Alto"", ""K"": ""Carmen Donoso""}",{},support,TASK_BELONGS_TO_PROJECT_TEMPLATE,HISTORICAL_TASK_BOUND_TO_PROJECT_TEMPLATE_NOT_TEMPLATE_ACTIVITY,,
tareas,TSK000420,task,✅Lista de Tareas,436,PRJ0030,Comfenalco,Comfenalco ,Soporte,Campuspack,support,Académico,Actividad,TSK000420,Validación de modificación de reportes academicos,3.0,2026-07-20,2026-07-20,false,En espera,Alto,Carmen Donoso,N/A,Estan decidiendo si se van a migrar o no a finales del ciclo en Julio ,support:ACT-249,,,,,,,,,,,,,,,,,,,,,,,,,,,,,,,"{""B"": ""Comfenalco "", ""C"": ""Validación de modificación de reportes academicos "", ""D"": ""3.0"", ""E"": ""46223.0"", ""F"": false, ""G"": ""46223.0"", ""H"": ""En espera"", ""I"": ""Alto"", ""J"": ""N/A"", ""K"": ""Carmen Donoso"", ""L"": ""Estan decidiendo si se van a migrar o no a finales del ciclo en Julio ""}","{""J"": ""if(or(F436=TRUE,G436>0,H436=\""Done\"",isblank(E436)),\""N/A\"",if($B$5<=E436,\""N/A\"",\""Overdue\""))""}",support,TASK_BELONGS_TO_PROJECT_TEMPLATE,HISTORICAL_TASK_BOUND_TO_PROJECT_TEMPLATE_NOT_TEMPLATE_ACTIVITY,,
tareas,TSK000421,task,✅Lista de Tareas,437,PRJ0022,INPEC,INPEC,Implementación,Campuspack,implementation_campuspack,Académico,Actividad,TSK000421,Academico: Capacitación Programación plan de clase (Planeador) y Creacion y publicacion de actividades de trabajo independiente (Tareas) (1h),1.0,2026-02-09,2026-02-09,true,Hecho,Alto,Carmen Donoso,N/A,Despues del desarrollo del sylabus,implementation_campuspack:ACT-112,,,,,,,,,,,,,,,,,,,,,,,,,,,,,,,"{""B"": ""INPEC"", ""C"": ""Academico: Capacitación Programación plan de clase (Planeador) y Creacion y publicacion de actividades de trabajo independiente (Tareas) (1h)"", ""D"": ""1.0"", ""E"": ""46062.0"", ""F"": true, ""G"": ""46062.0"", ""H"": ""Hecho"", ""I"": ""Alto"", ""J"": ""N/A"", ""K"": ""Carmen Donoso"", ""L"": ""Despues del desarrollo del sylabus""}","{""J"": """"}",implementation_campuspack,TASK_BELONGS_TO_PROJECT_TEMPLATE,HISTORICAL_TASK_BOUND_TO_PROJECT_TEMPLATE_NOT_TEMPLATE_ACTIVITY,,
tareas,TSK000422,task,✅Lista de Tareas,438,PRJ0022,INPEC,INPEC,Implementación,Campuspack,implementation_campuspack,Académico,Actividad,TSK000422,Academico: Capacitación Registro de valoraciones (Competencias y metas) (2h),2.0,2026-02-10,2026-02-10,true,Hecho,Alto,Carmen Donoso,N/A,,implementation_campuspack:ACT-113,,,,,,,,,,,,,,,,,,,,,,,,,,,,,,,"{""B"": ""INPEC"", ""C"": ""Academico: Capacitación Registro de valoraciones (Competencias y metas) (2h)"", ""D"": ""2.0"", ""E"": ""46063.0"", ""F"": true, ""G"": ""46063.0"", ""H"": ""Hecho"", ""I"": ""Alto"", ""J"": ""N/A"", ""K"": ""Carmen Donoso""}","{""J"": """"}",implementation_campuspack,TASK_BELONGS_TO_PROJECT_TEMPLATE,HISTORICAL_TASK_BOUND_TO_PROJECT_TEMPLATE_NOT_TEMPLATE_ACTIVITY,,
tareas,TSK000423,task,✅Lista de Tareas,439,PRJ0018,Colegio Gimnasio del Saber,Colegio Gimnasio del Saber,Soporte,Schoolpack,support,Académico,Actividad,TSK000423,Capacitacion docente (29 y 30 Ene Presencial): Pantalla nueva de valoraciones (ACTA),15.0,2026-01-29,2026-01-30,true,Hecho,Alto,Carmen Donoso,N/A,,support:ACT-250,,,,,,,,,,,,,,,,,,,,,,,,,,,,,,,"{""B"": ""Colegio Gimnasio del Saber"", ""C"": ""Capacitacion docente (29 y 30 Ene Presencial): Pantalla nueva de valoraciones (ACTA)"", ""D"": ""15.0"", ""E"": ""46051.0"", ""F"": true, ""G"": ""46052.0"", ""H"": ""Hecho"", ""I"": ""Alto"", ""J"": ""N/A"", ""K"": ""Carmen Donoso""}","{""J"": """"}",support,TASK_BELONGS_TO_PROJECT_TEMPLATE,HISTORICAL_TASK_BOUND_TO_PROJECT_TEMPLATE_NOT_TEMPLATE_ACTIVITY,,
tareas,TSK000424,task,✅Lista de Tareas,440,PRJ0022,INPEC,INPEC,Implementación,Campuspack,implementation_campuspack,Académico,Actividad,TSK000424,"Academico: Capacitación Visualizacion de gestion academica (Alumno Web) y Publicación de Pensum, Revisión gestión académica (1h)",1.0,2026-02-13,2026-02-13,true,Hecho,Alto,Carmen Donoso,N/A,,implementation_campuspack:ACT-114,,,,,,,,,,,,,,,,,,,,,,,,,,,,,,,"{""B"": ""INPEC"", ""C"": ""Academico: Capacitación Visualizacion de gestion academica (Alumno Web) y Publicación de Pensum, Revisión gestión académica (1h)"", ""D"": ""1.0"", ""E"": ""46066.0"", ""F"": true, ""G"": ""46066.0"", ""H"": ""Hecho"", ""I"": ""Alto"", ""J"": ""N/A"", ""K"": ""Carmen Donoso""}","{""J"": """"}",implementation_campuspack,TASK_BELONGS_TO_PROJECT_TEMPLATE,HISTORICAL_TASK_BOUND_TO_PROJECT_TEMPLATE_NOT_TEMPLATE_ACTIVITY,,
tareas,TSK000425,task,✅Lista de Tareas,441,PRJ0019,Instituto Alberto Merani,Instituto Alberto Merani,Soporte,Schoolpack,support,Otros,Actividad,TSK000425,Implementación del modulo de valoración,,2026-01-27,2026-01-27,false,No iniciado,Alto,Carmen Donoso,,Pendiente reunión administrativa ,support:ACT-251,,,,,,,,,,,,,,,,,,,,,,,,,,,,,,,"{""B"": ""Instituto Alberto Merani"", ""C"": ""Implementación del modulo de valoración "", ""E"": ""46049.0"", ""F"": false, ""G"": ""46049.0"", ""H"": ""No iniciado"", ""I"": ""Alto"", ""K"": ""Carmen Donoso"", ""L"": ""Pendiente reunión administrativa ""}",{},support,TASK_BELONGS_TO_PROJECT_TEMPLATE,HISTORICAL_TASK_BOUND_TO_PROJECT_TEMPLATE_NOT_TEMPLATE_ACTIVITY,,
tareas,TSK000426,task,✅Lista de Tareas,442,PRJ0019,Instituto Alberto Merani,Instituto Alberto Merani,Soporte,Schoolpack,support,Otros,Actividad,TSK000426,85660 - Elaboración de certificados de notas (4 reportes) - Lorena,32.0,2026-02-03,2026-02-16,true,Hecho,Alto,Carmen Donoso,N/A,Entregan los calculos del certificados,support:ACT-252,,,,,,,,,,,,,,,,,,,,,,,,,,,,,,,"{""B"": ""Instituto Alberto Merani"", ""C"": ""85660 - Elaboración de certificados de notas (4 reportes) - Lorena "", ""D"": ""32.0"", ""E"": ""46056.0"", ""F"": true, ""G"": ""46069.0"", ""H"": ""Hecho"", ""I"": ""Alto"", ""J"": ""N/A"", ""K"": ""Carmen Donoso"", ""L"": ""Entregan los calculos del certificados""}","{""J"": ""if(or(F442=TRUE,G442>0,H442=\""Done\"",isblank(E442)),\""N/A\"",if($B$5<=E442,\""N/A\"",\""Overdue\""))""}",support,TASK_BELONGS_TO_PROJECT_TEMPLATE,HISTORICAL_TASK_BOUND_TO_PROJECT_TEMPLATE_NOT_TEMPLATE_ACTIVITY,,
tareas,TSK000427,task,✅Lista de Tareas,443,PRJ0022,INPEC,INPEC,Implementación,Campuspack,implementation_campuspack,Académico,Actividad,TSK000427,Matriculas: Configuración inicial Académico,3.0,2026-02-17,2026-02-17,true,Hecho,Alto,Carmen Donoso,N/A,,implementation_campuspack:ACT-115,,,,,,,,,,,,,,,,,,,,,,,,,,,,,,,"{""B"": ""INPEC"", ""C"": ""Matriculas: Configuración inicial Académico"", ""D"": ""3.0"", ""E"": ""46070.0"", ""F"": true, ""G"": ""46070.0"", ""H"": ""Hecho"", ""I"": ""Alto"", ""J"": ""N/A"", ""K"": ""Carmen Donoso""}","{""J"": """"}",implementation_campuspack,TASK_BELONGS_TO_PROJECT_TEMPLATE,HISTORICAL_TASK_BOUND_TO_PROJECT_TEMPLATE_NOT_TEMPLATE_ACTIVITY,,
tareas,TSK000428,task,✅Lista de Tareas,444,PRJ0018,Colegio Gimnasio del Saber,Colegio Gimnasio del Saber,Soporte,Schoolpack,support,Otros,Actividad,TSK000428,86751 - Caracterizar las materias del Piar con la pantalla Inclusión,2.0,2026-01-29,2026-01-30,true,Hecho,Alto,Carmen Donoso,,,support:ACT-253,,,,,,,,,,,,,,,,,,,,,,,,,,,,,,,"{""B"": ""Colegio Gimnasio del Saber"", ""C"": ""86751 - Caracterizar las materias del Piar con la pantalla Inclusión"", ""D"": ""2.0"", ""E"": ""46051.0"", ""F"": true, ""G"": ""46052.0"", ""H"": ""Hecho"", ""I"": ""Alto"", ""K"": ""Carmen Donoso""}",{},support,TASK_BELONGS_TO_PROJECT_TEMPLATE,HISTORICAL_TASK_BOUND_TO_PROJECT_TEMPLATE_NOT_TEMPLATE_ACTIVITY,,
tareas,TSK000429,task,✅Lista de Tareas,445,PRJ0018,Colegio Gimnasio del Saber,Colegio Gimnasio del Saber,Soporte,Schoolpack,support,Académico,Actividad,TSK000429,86752 - Configuración del desborde de decimales segun nueva disposición academica,2.0,2026-01-29,2026-01-30,true,Hecho,Alto,Carmen Donoso,,,support:ACT-254,,,,,,,,,,,,,,,,,,,,,,,,,,,,,,,"{""B"": ""Colegio Gimnasio del Saber"", ""C"": ""86752 - Configuración del desborde de decimales segun nueva disposición academica "", ""D"": ""2.0"", ""E"": ""46051.0"", ""F"": true, ""G"": ""46052.0"", ""H"": ""Hecho"", ""I"": ""Alto"", ""K"": ""Carmen Donoso""}",{},support,TASK_BELONGS_TO_PROJECT_TEMPLATE,HISTORICAL_TASK_BOUND_TO_PROJECT_TEMPLATE_NOT_TEMPLATE_ACTIVITY,,
tareas,TSK000430,task,✅Lista de Tareas,446,PRJ0018,Colegio Gimnasio del Saber,Colegio Gimnasio del Saber,Soporte,Schoolpack,support,Documentación / Actas / Entrega,Actividad,TSK000430,Acompañamiento previo a entrega de notas,4.0,2026-04-06,2026-04-15,true,Hecho,Alto,Carmen Donoso,,,support:ACT-255,,,,,,,,,,,,,,,,,,,,,,,,,,,,,,,"{""B"": ""Colegio Gimnasio del Saber"", ""C"": ""Acompañamiento previo a entrega de notas "", ""D"": ""4.0"", ""E"": ""46118.0"", ""F"": true, ""G"": ""46127.0"", ""H"": ""Hecho"", ""I"": ""Alto"", ""K"": ""Carmen Donoso""}",{},support,TASK_BELONGS_TO_PROJECT_TEMPLATE,HISTORICAL_TASK_BOUND_TO_PROJECT_TEMPLATE_NOT_TEMPLATE_ACTIVITY,,
tareas,TSK000431,task,✅Lista de Tareas,447,PRJ0018,Colegio Gimnasio del Saber,Colegio Gimnasio del Saber,Soporte,Schoolpack,support,Académico,Actividad,TSK000431,Entrega de los reportes academicos actualizados (7 reportes),2.0,2026-02-02,2026-02-06,true,Hecho,Alto,Carmen Donoso,,,support:ACT-256,,,,,,,,,,,,,,,,,,,,,,,,,,,,,,,"{""B"": ""Colegio Gimnasio del Saber"", ""C"": ""Entrega de los reportes academicos actualizados (7 reportes) "", ""D"": ""2.0"", ""E"": ""46055.0"", ""F"": true, ""G"": ""46059.0"", ""H"": ""Hecho"", ""I"": ""Alto"", ""K"": ""Carmen Donoso""}",{},support,TASK_BELONGS_TO_PROJECT_TEMPLATE,HISTORICAL_TASK_BOUND_TO_PROJECT_TEMPLATE_NOT_TEMPLATE_ACTIVITY,,
tareas,TSK000432,task,✅Lista de Tareas,448,PRJ0019,Instituto Alberto Merani,Instituto Alberto Merani,Soporte,Schoolpack,support,Otros,Actividad,TSK000432,85660 - Elaboración de certificados de notas (4 reportes) -  Lorena,,2026-02-17,2026-02-20,false,En progreso,Alto,Desarrollo,N/A,Lorena desarrollo,support:ACT-252,,,,,,,,,,,,,,,,,,,,,,,,,,,,,,,"{""B"": ""Instituto Alberto Merani"", ""C"": ""85660 - Elaboración de certificados de notas (4 reportes) -  Lorena "", ""E"": ""46070.0"", ""F"": false, ""G"": ""46073.0"", ""H"": ""En progreso"", ""I"": ""Alto"", ""J"": ""N/A"", ""K"": ""Desarrollo"", ""L"": ""Lorena desarrollo""}","{""J"": ""if(or(F448=TRUE,G448>0,H448=\""Done\"",isblank(E448)),\""N/A\"",if($B$5<=E448,\""N/A\"",\""Overdue\""))""}",support,TASK_BELONGS_TO_PROJECT_TEMPLATE,HISTORICAL_TASK_BOUND_TO_PROJECT_TEMPLATE_NOT_TEMPLATE_ACTIVITY,,
tareas,TSK000433,task,✅Lista de Tareas,449,PRJ0008,Corazonistas,Corazonistas,Soporte,Implementado,support,Pruebas / Auditoría,Actividad,TSK000433,Auditoria de reportes (Libros finales),2.0,2026-05-05,2026-05-05,true,Hecho,Alto,Carmen Donoso,N/A,,support:ACT-258,,,,,,,,,,,,,,,,,,,,,,,,,,,,,,,"{""B"": ""Corazonistas"", ""C"": ""Auditoria de reportes (Libros finales)"", ""D"": ""2.0"", ""E"": ""46147.0"", ""F"": true, ""G"": ""46147.0"", ""H"": ""Hecho"", ""I"": ""Alto"", ""J"": ""N/A"", ""K"": ""Carmen Donoso""}","{""J"": """"}",support,TASK_BELONGS_TO_PROJECT_TEMPLATE,HISTORICAL_TASK_BOUND_TO_PROJECT_TEMPLATE_NOT_TEMPLATE_ACTIVITY,,
tareas,TSK000434,task,✅Lista de Tareas,450,PRJ0019,Instituto Alberto Merani,Instituto Alberto Merani,Soporte,Schoolpack,support,Otros,Actividad,TSK000434,85660 - Elaboración de certificados de notas (4 reportes) (Retomas mas adelante),1.0,2026-02-26,2026-04-15,true,Hecho,Alto,Carmen Donoso,N/A,,support:ACT-259,,,,,,,,,,,,,,,,,,,,,,,,,,,,,,,"{""B"": ""Instituto Alberto Merani"", ""C"": ""85660 - Elaboración de certificados de notas (4 reportes) (Retomas mas adelante)"", ""D"": ""1.0"", ""E"": ""46079.0"", ""F"": true, ""G"": ""46127.0"", ""H"": ""Hecho"", ""I"": ""Alto"", ""J"": ""N/A"", ""K"": ""Carmen Donoso""}","{""J"": """"}",support,TASK_BELONGS_TO_PROJECT_TEMPLATE,HISTORICAL_TASK_BOUND_TO_PROJECT_TEMPLATE_NOT_TEMPLATE_ACTIVITY,,
tareas,TSK000435,task,✅Lista de Tareas,451,PRJ0018,Colegio Gimnasio del Saber,Colegio Gimnasio del Saber,Soporte,Schoolpack,support,Académico,Actividad,TSK000435,87068 - Tableros de control academicos: Pasar DOCUMENTACIÓN,,2026-05-29,2026-07-02,true,Hecho,Alto,Carmen Donoso,N/A,,support:ACT-260,,,,,,,,,,,,,,,,,,,,,,,,,,,,,,,"{""B"": ""Colegio Gimnasio del Saber"", ""C"": ""87068 - Tableros de control academicos: Pasar DOCUMENTACIÓN"", ""E"": ""46171.0"", ""F"": true, ""G"": ""46205.0"", ""H"": ""Hecho"", ""I"": ""Alto"", ""J"": ""N/A"", ""K"": ""Carmen Donoso""}","{""J"": """"}",support,TASK_BELONGS_TO_PROJECT_TEMPLATE,HISTORICAL_TASK_BOUND_TO_PROJECT_TEMPLATE_NOT_TEMPLATE_ACTIVITY,,
tareas,TSK000436,task,✅Lista de Tareas,452,PRJ0018,Colegio Gimnasio del Saber,Colegio Gimnasio del Saber,Soporte,Schoolpack,support,Documentación / Actas / Entrega,Actividad,TSK000436,"86751 - Entrega del modelo y la documentación de reportes para el PIAR (Parcial, Periodico y final)",,2026-02-09,2026-02-28,true,Hecho,Alto,Carmen Donoso,,,support:ACT-261,,,,,,,,,,,,,,,,,,,,,,,,,,,,,,,"{""B"": ""Colegio Gimnasio del Saber"", ""C"": ""86751 - Entrega del modelo y la documentación de reportes para el PIAR (Parcial, Periodico y final)"", ""E"": ""46062.0"", ""F"": true, ""G"": ""46081.0"", ""H"": ""Hecho"", ""I"": ""Alto"", ""K"": ""Carmen Donoso""}",{},support,TASK_BELONGS_TO_PROJECT_TEMPLATE,HISTORICAL_TASK_BOUND_TO_PROJECT_TEMPLATE_NOT_TEMPLATE_ACTIVITY,,
tareas,TSK000437,task,✅Lista de Tareas,453,PRJ0018,Colegio Gimnasio del Saber,Colegio Gimnasio del Saber,Soporte,Schoolpack,support,Académico,Actividad,TSK000437,87024 - Entrega del modelo y la documentación del exportador de notas consolidado (Desistieron por los tableros academicos),,2026-03-05,2026-03-05,true,Hecho,Alto,Carmen Donoso,,,support:ACT-262,,,,,,,,,,,,,,,,,,,,,,,,,,,,,,,"{""B"": ""Colegio Gimnasio del Saber"", ""C"": ""87024 - Entrega del modelo y la documentación del exportador de notas consolidado (Desistieron por los tableros academicos)"", ""E"": ""46086.0"", ""F"": true, ""G"": ""46086.0"", ""H"": ""Hecho"", ""I"": ""Alto"", ""K"": ""Carmen Donoso""}",{},support,TASK_BELONGS_TO_PROJECT_TEMPLATE,HISTORICAL_TASK_BOUND_TO_PROJECT_TEMPLATE_NOT_TEMPLATE_ACTIVITY,,
tareas,TSK000438,task,✅Lista de Tareas,454,PRJ0018,Colegio Gimnasio del Saber,Colegio Gimnasio del Saber,Soporte,Schoolpack,support,Académico,Actividad,TSK000438,Entrega del modelo y la documentación del exportador y/o analitica de data para coordinadores y rectoria pendiente por definir (Desistieron por los tableros academicos),,2026-02-26,2026-02-26,true,Hecho,Alto,Carmen Donoso,,,support:ACT-263,,,,,,,,,,,,,,,,,,,,,,,,,,,,,,,"{""B"": ""Colegio Gimnasio del Saber"", ""C"": ""Entrega del modelo y la documentación del exportador y/o analitica de data para coordinadores y rectoria pendiente por definir (Desistieron por los tableros academicos)"", ""E"": ""46079.0"", ""F"": true, ""G"": ""46079.0"", ""H"": ""Hecho"", ""I"": ""Alto"", ""K"": ""Carmen Donoso""}",{},support,TASK_BELONGS_TO_PROJECT_TEMPLATE,HISTORICAL_TASK_BOUND_TO_PROJECT_TEMPLATE_NOT_TEMPLATE_ACTIVITY,,
tareas,TSK000439,task,✅Lista de Tareas,455,PRJ0032,Americano Barranquilla,Americano Barranquilla,Soporte,Schoolpack,support,Reuniones y coordinación,Actividad,TSK000439,Socialización del cambio de Pantalla de Valoraciones para Preescolar,2.0,2026-02-02,2026-02-02,true,Hecho,Alto,Carmen Donoso,,,support:ACT-264,,,,,,,,,,,,,,,,,,,,,,,,,,,,,,,"{""B"": ""Americano Barranquilla"", ""C"": ""Socialización del cambio de Pantalla de Valoraciones para Preescolar"", ""D"": ""2.0"", ""E"": ""46055.0"", ""F"": true, ""G"": ""46055.0"", ""H"": ""Hecho"", ""I"": ""Alto"", ""K"": ""Carmen Donoso""}",{},support,TASK_BELONGS_TO_PROJECT_TEMPLATE,HISTORICAL_TASK_BOUND_TO_PROJECT_TEMPLATE_NOT_TEMPLATE_ACTIVITY,,
tareas,TSK000440,task,✅Lista de Tareas,456,PRJ0032,Americano Barranquilla,Americano Barranquilla,Soporte,Schoolpack,support,Desarrollos a la medida,Actividad,TSK000440,86976 - Sesión Implementación del modelo cualitativo para preescolar: revisar los requerimientos,2.0,2026-02-26,2026-02-26,true,Hecho,Alto,Carmen Donoso,,11am,support:ACT-265,,,,,,,,,,,,,,,,,,,,,,,,,,,,,,,"{""B"": ""Americano Barranquilla"", ""C"": ""86976 - Sesión Implementación del modelo cualitativo para preescolar: revisar los requerimientos"", ""D"": ""2.0"", ""E"": ""46079.0"", ""F"": true, ""G"": ""46079.0"", ""H"": ""Hecho"", ""I"": ""Alto"", ""K"": ""Carmen Donoso"", ""L"": ""11am""}",{},support,TASK_BELONGS_TO_PROJECT_TEMPLATE,HISTORICAL_TASK_BOUND_TO_PROJECT_TEMPLATE_NOT_TEMPLATE_ACTIVITY,,
tareas,TSK000441,task,✅Lista de Tareas,457,PRJ0032,Americano Barranquilla,Americano Barranquilla,Soporte,Schoolpack,support,Pruebas / Auditoría,Actividad,TSK000441,Implementación del modelo cualitativo para Preescolar: Configuración y caracterización de Pantalla Cualitativa (Revisión en conjunto),3.0,2026-03-02,2026-03-04,true,Hecho,Alto,Carmen Donoso,,12am,support:ACT-266,,,,,,,,,,,,,,,,,,,,,,,,,,,,,,,"{""B"": ""Americano Barranquilla"", ""C"": ""Implementación del modelo cualitativo para Preescolar: Configuración y caracterización de Pantalla Cualitativa (Revisión en conjunto)"", ""D"": ""3.0"", ""E"": ""46083.0"", ""F"": true, ""G"": ""46085.0"", ""H"": ""Hecho"", ""I"": ""Alto"", ""K"": ""Carmen Donoso"", ""L"": ""12am""}",{},support,TASK_BELONGS_TO_PROJECT_TEMPLATE,HISTORICAL_TASK_BOUND_TO_PROJECT_TEMPLATE_NOT_TEMPLATE_ACTIVITY,,
tareas,TSK000442,task,✅Lista de Tareas,458,PRJ0032,Americano Barranquilla,Americano Barranquilla,Soporte,Schoolpack,support,Académico,Actividad,TSK000442,86689 - Implementación del modelo cualitativo para Preescolar: Modelo de reportes PERSONALIZADOS academicos Preescolar (Segunda revisión),2.0,2026-03-05,2026-03-18,true,Hecho,Alto,Carmen Donoso,,10am,support:ACT-267,,,,,,,,,,,,,,,,,,,,,,,,,,,,,,,"{""B"": ""Americano Barranquilla"", ""C"": ""86689 - Implementación del modelo cualitativo para Preescolar: Modelo de reportes PERSONALIZADOS academicos Preescolar (Segunda revisión)"", ""D"": ""2.0"", ""E"": ""46086.0"", ""F"": true, ""G"": ""46099.0"", ""H"": ""Hecho"", ""I"": ""Alto"", ""K"": ""Carmen Donoso"", ""L"": ""10am""}",{},support,TASK_BELONGS_TO_PROJECT_TEMPLATE,HISTORICAL_TASK_BOUND_TO_PROJECT_TEMPLATE_NOT_TEMPLATE_ACTIVITY,,
tareas,TSK000443,task,✅Lista de Tareas,459,PRJ0018,Colegio Gimnasio del Saber,Colegio Gimnasio del Saber,Soporte,Schoolpack,support,Académico,Actividad,TSK000443,Auditoria al Ajuste del Planeador (El duplicador),4.0,2026-03-18,2026-03-24,true,Hecho,Alto,Carmen Donoso,,9am,support:ACT-268,,,,,,,,,,,,,,,,,,,,,,,,,,,,,,,"{""B"": ""Colegio Gimnasio del Saber"", ""C"": ""Auditoria al Ajuste del Planeador (El duplicador)"", ""D"": ""4.0"", ""E"": ""46099.0"", ""F"": true, ""G"": ""46105.0"", ""H"": ""Hecho"", ""I"": ""Alto"", ""K"": ""Carmen Donoso"", ""L"": ""9am""}",{},support,TASK_BELONGS_TO_PROJECT_TEMPLATE,HISTORICAL_TASK_BOUND_TO_PROJECT_TEMPLATE_NOT_TEMPLATE_ACTIVITY,,
tareas,TSK000444,task,✅Lista de Tareas,460,PRJ0018,Colegio Gimnasio del Saber,Colegio Gimnasio del Saber,Soporte,Schoolpack,support,Académico,Actividad,TSK000444,Control de cambios informes academicos periodicos de control y finales (12 reportes pendientes) Exportadores de planeación CANCELADO DIJERON QUE NO,4.0,2026-03-02,2026-03-30,false,Hecho,Alto,Carmen Donoso,N/A,Si apruebas tableros de control ya no es necesario,support:ACT-269,,,,,,,,,,,,,,,,,,,,,,,,,,,,,,,"{""B"": ""Colegio Gimnasio del Saber"", ""C"": ""Control de cambios informes academicos periodicos de control y finales (12 reportes pendientes) Exportadores de planeación CANCELADO DIJERON QUE NO"", ""D"": ""4.0"", ""E"": ""46083.0"", ""F"": false, ""G"": ""46111.0"", ""H"": ""Hecho"", ""I"": ""Alto"", ""J"": ""N/A"", ""K"": ""Carmen Donoso"", ""L"": ""Si apruebas tableros de control ya no es necesario""}","{""J"": ""if(or(F460=TRUE,G460>0,H460=\""Done\"",isblank(E460)),\""N/A\"",if($B$5<=E460,\""N/A\"",\""Overdue\""))""}",support,TASK_BELONGS_TO_PROJECT_TEMPLATE,HISTORICAL_TASK_BOUND_TO_PROJECT_TEMPLATE_NOT_TEMPLATE_ACTIVITY,,
tareas,TSK000445,task,✅Lista de Tareas,461,PRJ0026,Corp.Edu Adventista,Corp.Edu Adventista,Implementación,Schoolpack,implementation_schoolpack,Financiero,Actividad,TSK000445,"Matriculas: Configuración inicial: Financiero: Asignación de servicios, Caracterización de tarifas y descuentos, Pago de servicios ..",0.0,2026-03-20,2026-03-20,false,No iniciado,Alto,Geraldine Araque,N/A,,implementation_schoolpack:ACT-43,,,,,,,,,,,,,,,,,,,,,,,,,,,,,,,"{""B"": ""Corp.Edu Adventista"", ""C"": ""Matriculas: Configuración inicial: Financiero: Asignación de servicios, Caracterización de tarifas y descuentos, Pago de servicios .."", ""D"": ""0.0"", ""E"": ""46101.0"", ""F"": false, ""G"": ""46101.0"", ""H"": ""No iniciado"", ""I"": ""Alto"", ""J"": ""N/A"", ""K"": ""Geraldine Araque""}","{""J"": """"}",implementation_schoolpack,TASK_BELONGS_TO_PROJECT_TEMPLATE,HISTORICAL_TASK_BOUND_TO_PROJECT_TEMPLATE_NOT_TEMPLATE_ACTIVITY,,
tareas,TSK000446,task,✅Lista de Tareas,462,PRJ0026,Corp.Edu Adventista,Corp.Edu Adventista,Implementación,Schoolpack,implementation_schoolpack,Académico,Actividad,TSK000446,Matriculas: Configuración inicial: Academico: Actualización de datos y generación de documentos legales,0.0,2026-03-20,2026-03-20,false,No iniciado,Alto,Geraldine Araque,N/A,,implementation_schoolpack:ACT-44,,,,,,,,,,,,,,,,,,,,,,,,,,,,,,,"{""B"": ""Corp.Edu Adventista"", ""C"": ""Matriculas: Configuración inicial: Academico: Actualización de datos y generación de documentos legales "", ""D"": ""0.0"", ""E"": ""46101.0"", ""F"": false, ""G"": ""46101.0"", ""H"": ""No iniciado"", ""I"": ""Alto"", ""J"": ""N/A"", ""K"": ""Geraldine Araque""}","{""J"": """"}",implementation_schoolpack,TASK_BELONGS_TO_PROJECT_TEMPLATE,HISTORICAL_TASK_BOUND_TO_PROJECT_TEMPLATE_NOT_TEMPLATE_ACTIVITY,,
tareas,TSK000447,task,✅Lista de Tareas,463,PRJ0026,Corp.Edu Adventista,Corp.Edu Adventista,Implementación,Schoolpack,implementation_schoolpack,Matrículas,Actividad,TSK000447,Matriculas: Capacitación (2h),0.0,2026-03-23,2026-03-23,false,No iniciado,Alto,Geraldine Araque,N/A,,implementation_schoolpack:ACT-45,,,,,,,,,,,,,,,,,,,,,,,,,,,,,,,"{""B"": ""Corp.Edu Adventista"", ""C"": ""Matriculas: Capacitación (2h)"", ""D"": ""0.0"", ""E"": ""46104.0"", ""F"": false, ""G"": ""46104.0"", ""H"": ""No iniciado"", ""I"": ""Alto"", ""J"": ""N/A"", ""K"": ""Geraldine Araque""}","{""J"": """"}",implementation_schoolpack,TASK_BELONGS_TO_PROJECT_TEMPLATE,HISTORICAL_TASK_BOUND_TO_PROJECT_TEMPLATE_NOT_TEMPLATE_ACTIVITY,,
tareas,TSK000448,task,✅Lista de Tareas,464,PRJ0026,Corp.Edu Adventista,Corp.Edu Adventista,Implementación,Schoolpack,implementation_schoolpack,Matrículas,Actividad,TSK000448,"Matriculas: Acompañamiento, dudas e inquietudes y acta",0.0,2026-03-25,2026-03-25,false,No iniciado,Alto,Geraldine Araque,N/A,,implementation_schoolpack:ACT-46,,,,,,,,,,,,,,,,,,,,,,,,,,,,,,,"{""B"": ""Corp.Edu Adventista"", ""C"": ""Matriculas: Acompañamiento, dudas e inquietudes y acta"", ""D"": ""0.0"", ""E"": ""46106.0"", ""F"": false, ""G"": ""46106.0"", ""H"": ""No iniciado"", ""I"": ""Alto"", ""J"": ""N/A"", ""K"": ""Geraldine Araque""}","{""J"": """"}",implementation_schoolpack,TASK_BELONGS_TO_PROJECT_TEMPLATE,HISTORICAL_TASK_BOUND_TO_PROJECT_TEMPLATE_NOT_TEMPLATE_ACTIVITY,,
tareas,TSK000449,task,✅Lista de Tareas,465,PRJ0011,Cet,Cet ,Soporte,Evolutivo inscripción,support,Financiero,Actividad,TSK000449,Entrega de los desarrollos financieros,2.0,2026-01-20,2026-01-20,true,Hecho,Alto,Desarrollo,N/A,,support:ACT-270,,,,,,,,,,,,,,,,,,,,,,,,,,,,,,,"{""B"": ""Cet "", ""C"": ""Entrega de los desarrollos financieros "", ""D"": ""2.0"", ""E"": ""46042.0"", ""F"": true, ""G"": ""46042.0"", ""H"": ""Hecho"", ""I"": ""Alto"", ""J"": ""N/A"", ""K"": ""Desarrollo""}","{""J"": """"}",support,TASK_BELONGS_TO_PROJECT_TEMPLATE,HISTORICAL_TASK_BOUND_TO_PROJECT_TEMPLATE_NOT_TEMPLATE_ACTIVITY,,
tareas,TSK000450,task,✅Lista de Tareas,466,PRJ0003,The English School,The English School,Soporte,Schoolpack,support,Desarrollos a la medida,Actividad,TSK000450,Entrega de la Documentación Personalización Transporte,2.0,2026-01-21,2026-01-23,true,Hecho,Alto,Jhoec Camayo,N/A,,support:ACT-271,,,,,,,,,,,,,,,,,,,,,,,,,,,,,,,"{""B"": ""The English School"", ""C"": ""Entrega de la Documentación Personalización Transporte"", ""D"": ""2.0"", ""E"": ""46043.0"", ""F"": true, ""G"": ""46045.0"", ""H"": ""Hecho"", ""I"": ""Alto"", ""J"": ""N/A"", ""K"": ""Jhoec Camayo""}","{""J"": """"}",support,TASK_BELONGS_TO_PROJECT_TEMPLATE,HISTORICAL_TASK_BOUND_TO_PROJECT_TEMPLATE_NOT_TEMPLATE_ACTIVITY,,
tareas,TSK000451,task,✅Lista de Tareas,467,PRJ0003,The English School,The English School,Soporte,Schoolpack,support,Integraciones,Actividad,TSK000451,Seguimiento a la Aprobación de la automatización de la Interfaz Contable,10.0,2026-01-21,2026-03-09,true,Hecho,Alto,Sebastian Ballesteros,N/A,Estaban haciendo las pruebas en el ambiente de pruebas y no en el de NOVASOFT - Sesión viernes 13Feb,support:ACT-272,,,,,,,,,,,,,,,,,,,,,,,,,,,,,,,"{""B"": ""The English School"", ""C"": ""Seguimiento a la Aprobación de la automatización de la Interfaz Contable"", ""D"": ""10.0"", ""E"": ""46043.0"", ""F"": true, ""G"": ""46090.0"", ""H"": ""Hecho"", ""I"": ""Alto"", ""J"": ""N/A"", ""K"": ""Sebastian Ballesteros"", ""L"": ""Estaban haciendo las pruebas en el ambiente de pruebas y no en el de NOVASOFT - Sesión viernes 13Feb""}","{""J"": """"}",support,TASK_BELONGS_TO_PROJECT_TEMPLATE,HISTORICAL_TASK_BOUND_TO_PROJECT_TEMPLATE_NOT_TEMPLATE_ACTIVITY,,
tareas,TSK000452,task,✅Lista de Tareas,468,PRJ0023,Contraloria,Contraloria,Soporte,Schoolpack,support,Financiero,Actividad,TSK000452,86609 - Capacitación sistema contable,2.0,2026-01-28,2026-01-28,true,Hecho,Urgente,Sebastian Ballesteros,N/A,"orden de servicio No. 5560, 9am",support:ACT-273,,,,,,,,,,,,,,,,,,,,,,,,,,,,,,,"{""B"": ""Contraloria"", ""C"": ""86609 - Capacitación sistema contable"", ""D"": ""2.0"", ""E"": ""46050.0"", ""F"": true, ""G"": ""46050.0"", ""H"": ""Hecho"", ""I"": ""Urgente"", ""J"": ""N/A"", ""K"": ""Sebastian Ballesteros"", ""L"": ""orden de servicio No. 5560, 9am""}","{""J"": """"}",support,TASK_BELONGS_TO_PROJECT_TEMPLATE,HISTORICAL_TASK_BOUND_TO_PROJECT_TEMPLATE_NOT_TEMPLATE_ACTIVITY,,
tareas,TSK000453,task,✅Lista de Tareas,469,PRJ0023,Contraloria,Contraloria,Soporte,Schoolpack,support,Admisiones,Actividad,TSK000453,86609 - Capacitación Admisiones,2.0,2026-01-29,2026-01-29,true,Hecho,Urgente,Geraldine Araque,N/A,"orden de servicio No. 5560, 10 am a 12am",support:ACT-274,,,,,,,,,,,,,,,,,,,,,,,,,,,,,,,"{""B"": ""Contraloria"", ""C"": ""86609 - Capacitación Admisiones"", ""D"": ""2.0"", ""E"": ""46051.0"", ""F"": true, ""G"": ""46051.0"", ""H"": ""Hecho"", ""I"": ""Urgente"", ""J"": ""N/A"", ""K"": ""Geraldine Araque"", ""L"": ""orden de servicio No. 5560, 10 am a 12am""}","{""J"": """"}",support,TASK_BELONGS_TO_PROJECT_TEMPLATE,HISTORICAL_TASK_BOUND_TO_PROJECT_TEMPLATE_NOT_TEMPLATE_ACTIVITY,,
tareas,TSK000454,task,✅Lista de Tareas,470,PRJ0023,Contraloria,Contraloria,Soporte,Schoolpack,support,Académico,Actividad,TSK000454,86609  - Capacitación Registro y Control (PENDIENTE ACTA),2.0,2026-01-27,2026-01-27,true,Hecho,Urgente,Geraldine Araque,N/A,orden de servicio No. 5560 2pm a 4pm,support:ACT-275,,,,,,,,,,,,,,,,,,,,,,,,,,,,,,,"{""B"": ""Contraloria"", ""C"": ""86609  - Capacitación Registro y Control (PENDIENTE ACTA)"", ""D"": ""2.0"", ""E"": ""46049.0"", ""F"": true, ""G"": ""46049.0"", ""H"": ""Hecho"", ""I"": ""Urgente"", ""J"": ""N/A"", ""K"": ""Geraldine Araque"", ""L"": ""orden de servicio No. 5560 2pm a 4pm""}","{""J"": """"}",support,TASK_BELONGS_TO_PROJECT_TEMPLATE,HISTORICAL_TASK_BOUND_TO_PROJECT_TEMPLATE_NOT_TEMPLATE_ACTIVITY,,
tareas,TSK000455,task,✅Lista de Tareas,471,PRJ0001,Academia MISI,Academia MISI,Implementación,Campuspack,implementation_campuspack,Documentación / Actas / Entrega,Actividad,TSK000455,Sesión de Configuración de logros para entregas parciales en producción,2.0,2026-02-23,2026-02-23,true,Hecho,Alto,Carmen Donoso,N/A,11am,implementation_campuspack:ACT-116,,,,,,,,,,,,,,,,,,,,,,,,,,,,,,,"{""B"": ""Academia MISI"", ""C"": ""Sesión de Configuración de logros para entregas parciales en producción"", ""D"": ""2.0"", ""E"": ""46076.0"", ""F"": true, ""G"": ""46076.0"", ""H"": ""Hecho"", ""I"": ""Alto"", ""J"": ""N/A"", ""K"": ""Carmen Donoso"", ""L"": ""11am""}","{""J"": """"}",implementation_campuspack,TASK_BELONGS_TO_PROJECT_TEMPLATE,HISTORICAL_TASK_BOUND_TO_PROJECT_TEMPLATE_NOT_TEMPLATE_ACTIVITY,,
tareas,TSK000456,task,✅Lista de Tareas,472,PRJ0001,Academia MISI,Academia MISI,Implementación,Campuspack,implementation_campuspack,Capacitación,Actividad,TSK000456,Capacitación docente,2.0,2026-03-03,2026-03-03,true,Hecho,Alto,Carmen Donoso,N/A,,implementation_campuspack:ACT-117,,,,,,,,,,,,,,,,,,,,,,,,,,,,,,,"{""B"": ""Academia MISI"", ""C"": ""Capacitación docente "", ""D"": ""2.0"", ""E"": ""46084.0"", ""F"": true, ""G"": ""46084.0"", ""H"": ""Hecho"", ""I"": ""Alto"", ""J"": ""N/A"", ""K"": ""Carmen Donoso""}","{""J"": """"}",implementation_campuspack,TASK_BELONGS_TO_PROJECT_TEMPLATE,HISTORICAL_TASK_BOUND_TO_PROJECT_TEMPLATE_NOT_TEMPLATE_ACTIVITY,,
tareas,TSK000457,task,✅Lista de Tareas,473,PRJ0027,Casa sobre la Roca - Nuevo Gimnasio Cristiano,Casa sobre la Roca - Nuevo Gimnasio Cristiano,Soporte,Schoolpack,support,Otros,Actividad,TSK000457,Actualización del aplicativo,2.0,2026-08-18,2026-08-17,true,Hecho,Alto,Carmen Donoso,N/A,,support:ACT-276,,,,,,,,,,,,,,,,,,,,,,,,,,,,,,,"{""B"": ""Casa sobre la Roca - Nuevo Gimnasio Cristiano"", ""C"": ""Actualización del aplicativo"", ""D"": ""2.0"", ""E"": ""46252.0"", ""F"": true, ""G"": ""46251.0"", ""H"": ""Hecho"", ""I"": ""Alto"", ""J"": ""N/A"", ""K"": ""Carmen Donoso""}","{""J"": """"}",support,TASK_BELONGS_TO_PROJECT_TEMPLATE,HISTORICAL_TASK_BOUND_TO_PROJECT_TEMPLATE_NOT_TEMPLATE_ACTIVITY,,
tareas,TSK000458,task,✅Lista de Tareas,474,PRJ0002,Fundación Incolmotos Yamaha,Fundación Incolmotos Yamaha,Soporte,Campuspack,support,Académico,Actividad,TSK000458,"Establecer modelo academico Escuelas Musicales: 1. Documento solicitado con las condiciones para acceder a cada programa y el tipo de material que requiere cada programa. 2. confirmar el modelo de parametrización académica considerando: cursos sin duración fija, evaluación cualitativa, ausencia de créditos, notas y títulos formales.",2.0,2026-01-29,2026-01-29,true,Hecho,Alto,Geraldine Araque,N/A,,support:ACT-277,,,,,,,,,,,,,,,,,,,,,,,,,,,,,,,"{""B"": ""Fundación Incolmotos Yamaha"", ""C"": ""Establecer modelo academico Escuelas Musicales: 1. Documento solicitado con las condiciones para acceder a cada programa y el tipo de material que requiere cada programa. 2. confirmar el modelo de parametrización académica considerando: cursos sin duración fija, evaluación cualitativa, ausencia de créditos, notas y títulos formales. "", ""D"": ""2.0"", ""E"": ""46051.0"", ""F"": true, ""G"": ""46051.0"", ""H"": ""Hecho"", ""I"": ""Alto"", ""J"": ""N/A"", ""K"": ""Geraldine Araque""}","{""J"": """"}",support,TASK_BELONGS_TO_PROJECT_TEMPLATE,HISTORICAL_TASK_BOUND_TO_PROJECT_TEMPLATE_NOT_TEMPLATE_ACTIVITY,,
tareas,TSK000459,task,✅Lista de Tareas,475,PRJ0016,Sigmund Freud,Sigmund Freud,Soporte,Implementado,support,Otros,Actividad,TSK000459,Ajuste y corrección proceso de firma masiva,2.0,2026-01-27,2026-01-27,true,Hecho,Alto,Jhoec Camayo,N/A,,support:ACT-278,,,,,,,,,,,,,,,,,,,,,,,,,,,,,,,"{""B"": ""Sigmund Freud"", ""C"": ""Ajuste y corrección proceso de firma masiva"", ""D"": ""2.0"", ""E"": ""46049.0"", ""F"": true, ""G"": ""46049.0"", ""H"": ""Hecho"", ""I"": ""Alto"", ""J"": ""N/A"", ""K"": ""Jhoec Camayo""}","{""J"": """"}",support,TASK_BELONGS_TO_PROJECT_TEMPLATE,HISTORICAL_TASK_BOUND_TO_PROJECT_TEMPLATE_NOT_TEMPLATE_ACTIVITY,,
tareas,TSK000460,task,✅Lista de Tareas,476,PRJ0008,Corazonistas,Corazonistas,Soporte,Implementado,support,Financiero,Actividad,TSK000460,Automatización Financiera: FASE 1: PRUEBAS Y CONFIGURACIÓN DE LA PROGRAMACIÓN ECONOMICA (Documentar las pruebas y las incidencias encontradas),6.0,2026-01-28,2026-02-03,true,Hecho,Alto,Sebastian Ballesteros,N/A,Sebastián lo envio el 4 de febrero a las 4:50 revisar,support:ACT-279,,,,,,,,,,,,,,,,,,,,,,,,,,,,,,,"{""B"": ""Corazonistas"", ""C"": ""Automatización Financiera: FASE 1: PRUEBAS Y CONFIGURACIÓN DE LA PROGRAMACIÓN ECONOMICA (Documentar las pruebas y las incidencias encontradas) "", ""D"": ""6.0"", ""E"": ""46050.0"", ""F"": true, ""G"": ""46056.0"", ""H"": ""Hecho"", ""I"": ""Alto"", ""J"": ""N/A"", ""K"": ""Sebastian Ballesteros"", ""L"": ""Sebastián lo envio el 4 de febrero a las 4:50 revisar""}","{""J"": """"}",support,TASK_BELONGS_TO_PROJECT_TEMPLATE,HISTORICAL_TASK_BOUND_TO_PROJECT_TEMPLATE_NOT_TEMPLATE_ACTIVITY,,
tareas,TSK000461,task,✅Lista de Tareas,477,PRJ0004,Corp.Edu Dr. Amin Ariza,Corp.Edu Dr. Amin Ariza,Implementación,Campuspack,implementation_campuspack,Reuniones y coordinación,Actividad,TSK000461,Sesión de trabajo en Conjunto 1,2.0,2026-02-23,2026-02-23,true,Hecho,Alto,Carmen Donoso,N/A,,implementation_campuspack:ACT-118,,,,,,,,,,,,,,,,,,,,,,,,,,,,,,,"{""B"": ""Corp.Edu Dr. Amin Ariza"", ""C"": ""Sesión de trabajo en Conjunto 1"", ""D"": ""2.0"", ""E"": ""46076.0"", ""F"": true, ""G"": ""46076.0"", ""H"": ""Hecho"", ""I"": ""Alto"", ""J"": ""N/A"", ""K"": ""Carmen Donoso""}","{""J"": """"}",implementation_campuspack,TASK_BELONGS_TO_PROJECT_TEMPLATE,HISTORICAL_TASK_BOUND_TO_PROJECT_TEMPLATE_NOT_TEMPLATE_ACTIVITY,,
tareas,TSK000462,task,✅Lista de Tareas,478,PRJ0004,Corp.Edu Dr. Amin Ariza,Corp.Edu Dr. Amin Ariza,Implementación,Campuspack,implementation_campuspack,Reuniones y coordinación,Actividad,TSK000462,Sesión de trabajo en Conjunto 2: Caracterización academica,3.0,2026-03-02,2026-03-02,true,Hecho,Alto,Carmen Donoso,N/A,2:30 a 5:30pm,implementation_campuspack:ACT-119,,,,,,,,,,,,,,,,,,,,,,,,,,,,,,,"{""B"": ""Corp.Edu Dr. Amin Ariza"", ""C"": ""Sesión de trabajo en Conjunto 2: Caracterización academica"", ""D"": ""3.0"", ""E"": ""46083.0"", ""F"": true, ""G"": ""46083.0"", ""H"": ""Hecho"", ""I"": ""Alto"", ""J"": ""N/A"", ""K"": ""Carmen Donoso"", ""L"": ""2:30 a 5:30pm""}","{""J"": """"}",implementation_campuspack,TASK_BELONGS_TO_PROJECT_TEMPLATE,HISTORICAL_TASK_BOUND_TO_PROJECT_TEMPLATE_NOT_TEMPLATE_ACTIVITY,,
tareas,TSK000463,task,✅Lista de Tareas,479,PRJ0004,Corp.Edu Dr. Amin Ariza,Corp.Edu Dr. Amin Ariza,Implementación,Campuspack,implementation_campuspack,Financiero,Actividad,TSK000463,Sesión con la Contadora Procesos Financieros,1.0,2026-02-02,2026-02-02,true,Hecho,Alto,Sebastian Ballesteros,N/A,10am a 12am,implementation_campuspack:ACT-120,,,,,,,,,,,,,,,,,,,,,,,,,,,,,,,"{""B"": ""Corp.Edu Dr. Amin Ariza"", ""C"": ""Sesión con la Contadora Procesos Financieros"", ""D"": ""1.0"", ""E"": ""46055.0"", ""F"": true, ""G"": ""46055.0"", ""H"": ""Hecho"", ""I"": ""Alto"", ""J"": ""N/A"", ""K"": ""Sebastian Ballesteros"", ""L"": ""10am a 12am""}","{""J"": """"}",implementation_campuspack,TASK_BELONGS_TO_PROJECT_TEMPLATE,HISTORICAL_TASK_BOUND_TO_PROJECT_TEMPLATE_NOT_TEMPLATE_ACTIVITY,,
tareas,TSK000464,task,✅Lista de Tareas,480,PRJ0008,Corazonistas,Corazonistas,Soporte,Implementado,support,Financiero,Actividad,TSK000464,Automatización Financiera: FASE 1: Enviar documento de Requerimientos,2.0,2026-02-03,2026-02-09,true,Hecho,Alto,Sebastian Ballesteros,N/A,Documento de requerimientos a desarrollo,support:ACT-280,,,,,,,,,,,,,,,,,,,,,,,,,,,,,,,"{""B"": ""Corazonistas"", ""C"": ""Automatización Financiera: FASE 1: Enviar documento de Requerimientos"", ""D"": ""2.0"", ""E"": ""46056.0"", ""F"": true, ""G"": ""46062.0"", ""H"": ""Hecho"", ""I"": ""Alto"", ""J"": ""N/A"", ""K"": ""Sebastian Ballesteros"", ""L"": ""Documento de requerimientos a desarrollo""}","{""J"": """"}",support,TASK_BELONGS_TO_PROJECT_TEMPLATE,HISTORICAL_TASK_BOUND_TO_PROJECT_TEMPLATE_NOT_TEMPLATE_ACTIVITY,,
tareas,TSK000465,task,✅Lista de Tareas,481,PRJ0008,Corazonistas,Corazonistas,Soporte,Implementado,support,Financiero,Actividad,TSK000465,Automatización Financiera: Configuración y entrega en pruebas de la automatización,2.0,2026-03-19,2026-03-20,true,Hecho,Alto,Sebastian Ballesteros,N/A,,support:ACT-281,,,,,,,,,,,,,,,,,,,,,,,,,,,,,,,"{""B"": ""Corazonistas"", ""C"": ""Automatización Financiera: Configuración y entrega en pruebas de la automatización"", ""D"": ""2.0"", ""E"": ""46100.0"", ""F"": true, ""G"": ""46101.0"", ""H"": ""Hecho"", ""I"": ""Alto"", ""J"": ""N/A"", ""K"": ""Sebastian Ballesteros""}","{""J"": """"}",support,TASK_BELONGS_TO_PROJECT_TEMPLATE,HISTORICAL_TASK_BOUND_TO_PROJECT_TEMPLATE_NOT_TEMPLATE_ACTIVITY,,
tareas,TSK000466,task,✅Lista de Tareas,482,PRJ0003,The English School,The English School,Soporte,Schoolpack,support,Otros,Actividad,TSK000466,Paso a productivo de Doble responsable ajustes (Orden a servidores),1.0,2026-02-27,2026-02-27,true,Hecho,Alto,Sebastian Ballesteros,N/A,,support:ACT-282,,,,,,,,,,,,,,,,,,,,,,,,,,,,,,,"{""B"": ""The English School"", ""C"": ""Paso a productivo de Doble responsable ajustes (Orden a servidores)"", ""D"": ""1.0"", ""E"": ""46080.0"", ""F"": true, ""G"": ""46080.0"", ""H"": ""Hecho"", ""I"": ""Alto"", ""J"": ""N/A"", ""K"": ""Sebastian Ballesteros""}","{""J"": """"}",support,TASK_BELONGS_TO_PROJECT_TEMPLATE,HISTORICAL_TASK_BOUND_TO_PROJECT_TEMPLATE_NOT_TEMPLATE_ACTIVITY,,
tareas,TSK000467,task,✅Lista de Tareas,483,PRJ0003,The English School,The English School,Soporte,Schoolpack,support,Desarrollos a la medida,Actividad,TSK000467,Entrega de la documentación de las personalizaciones de: Extracurriculares para cotización,,2026-03-02,2026-03-13,true,Hecho,Urgente,Sebastian Ballesteros,N/A,Sesión Jueves con Cesar,support:ACT-283,,,,,,,,,,,,,,,,,,,,,,,,,,,,,,,"{""B"": ""The English School"", ""C"": ""Entrega de la documentación de las personalizaciones de: Extracurriculares para cotización "", ""E"": ""46083.0"", ""F"": true, ""G"": ""46094.0"", ""H"": ""Hecho"", ""I"": ""Urgente"", ""J"": ""N/A"", ""K"": ""Sebastian Ballesteros"", ""L"": ""Sesión Jueves con Cesar""}","{""J"": """"}",support,TASK_BELONGS_TO_PROJECT_TEMPLATE,HISTORICAL_TASK_BOUND_TO_PROJECT_TEMPLATE_NOT_TEMPLATE_ACTIVITY,,
tareas,TSK000468,task,✅Lista de Tareas,484,PRJ0004,Corp.Edu Dr. Amin Ariza,Corp.Edu Dr. Amin Ariza,Implementación,Campuspack,implementation_campuspack,Documentación / Actas / Entrega,Actividad,TSK000468,Seguimiento a la entrega de los codigos de recaudo por recibo de pago,,2026-02-19,2026-02-19,true,Hecho,Alto,Sebastian Ballesteros,,Compromiso: Entregan 19Feb,implementation_campuspack:ACT-121,,,,,,,,,,,,,,,,,,,,,,,,,,,,,,,"{""B"": ""Corp.Edu Dr. Amin Ariza"", ""C"": ""Seguimiento a la entrega de los codigos de recaudo por recibo de pago"", ""E"": ""46072.0"", ""F"": true, ""G"": ""46072.0"", ""H"": ""Hecho"", ""I"": ""Alto"", ""K"": ""Sebastian Ballesteros"", ""L"": ""Compromiso: Entregan 19Feb""}",{},implementation_campuspack,TASK_BELONGS_TO_PROJECT_TEMPLATE,HISTORICAL_TASK_BOUND_TO_PROJECT_TEMPLATE_NOT_TEMPLATE_ACTIVITY,,
tareas,TSK000469,task,✅Lista de Tareas,485,PRJ0004,Corp.Edu Dr. Amin Ariza,Corp.Edu Dr. Amin Ariza,Implementación,Campuspack,implementation_campuspack,Financiero,Actividad,TSK000469,Sesión 2 con la Contadora Procesos Financieros,2.0,2026-02-18,2026-02-18,true,Hecho,Alto,Sebastian Ballesteros,,10am,implementation_campuspack:ACT-122,,,,,,,,,,,,,,,,,,,,,,,,,,,,,,,"{""B"": ""Corp.Edu Dr. Amin Ariza"", ""C"": ""Sesión 2 con la Contadora Procesos Financieros"", ""D"": ""2.0"", ""E"": ""46071.0"", ""F"": true, ""G"": ""46071.0"", ""H"": ""Hecho"", ""I"": ""Alto"", ""K"": ""Sebastian Ballesteros"", ""L"": ""10am""}",{},implementation_campuspack,TASK_BELONGS_TO_PROJECT_TEMPLATE,HISTORICAL_TASK_BOUND_TO_PROJECT_TEMPLATE_NOT_TEMPLATE_ACTIVITY,,
tareas,TSK000470,task,✅Lista de Tareas,486,PRJ0001,Academia MISI,Academia MISI,Implementación,Campuspack,implementation_campuspack,Financiero,Actividad,TSK000470,Sesión Apartado Financiero (Pendiente ACTA),1.0,2026-02-09,2026-02-09,true,Hecho,Alto,Sebastian Ballesteros,N/A,2:30pm,implementation_campuspack:ACT-123,,,,,,,,,,,,,,,,,,,,,,,,,,,,,,,"{""B"": ""Academia MISI"", ""C"": ""Sesión Apartado Financiero (Pendiente ACTA)"", ""D"": ""1.0"", ""E"": ""46062.0"", ""F"": true, ""G"": ""46062.0"", ""H"": ""Hecho"", ""I"": ""Alto"", ""J"": ""N/A"", ""K"": ""Sebastian Ballesteros"", ""L"": ""2:30pm""}","{""J"": ""if(or(F486=TRUE,G486>0,H486=\""Done\"",isblank(E486)),\""N/A\"",if($B$5<=E486,\""N/A\"",\""Overdue\""))""}",implementation_campuspack,TASK_BELONGS_TO_PROJECT_TEMPLATE,HISTORICAL_TASK_BOUND_TO_PROJECT_TEMPLATE_NOT_TEMPLATE_ACTIVITY,,
tareas,TSK000471,task,✅Lista de Tareas,487,PRJ0002,Fundación Incolmotos Yamaha,Fundación Incolmotos Yamaha,Soporte,Campuspack,support,Botón de pagos,Actividad,TSK000471,Proceso Botón de Pagos Zona Virtual Escuelas Musicales: Definición de la cuenta de recaudo para conexión con Zona pagos EN PRODUCCIÖN,2.0,2026-02-02,2026-02-02,true,Hecho,Alto,Jhoec Camayo,N/A,,support:ACT-284,,,,,,,,,,,,,,,,,,,,,,,,,,,,,,,"{""B"": ""Fundación Incolmotos Yamaha"", ""C"": ""Proceso Botón de Pagos Zona Virtual Escuelas Musicales: Definición de la cuenta de recaudo para conexión con Zona pagos EN PRODUCCIÖN"", ""D"": ""2.0"", ""E"": ""46055.0"", ""F"": true, ""G"": ""46055.0"", ""H"": ""Hecho"", ""I"": ""Alto"", ""J"": ""N/A"", ""K"": ""Jhoec Camayo""}","{""J"": """"}",support,TASK_BELONGS_TO_PROJECT_TEMPLATE,HISTORICAL_TASK_BOUND_TO_PROJECT_TEMPLATE_NOT_TEMPLATE_ACTIVITY,,
tareas,TSK000472,task,✅Lista de Tareas,488,,Refus,Refus,,,,,Actividad,TSK000472,Configuración codigo recibos de pago,2.0,2026-01-30,2026-01-30,true,Hecho,Alto,Sebastian Ballesteros,N/A,2:40pm,,,,,,,,,,,,,,,,,,,,,,,,,,,,,,,,"{""B"": ""Refus"", ""C"": ""Configuración codigo recibos de pago"", ""D"": ""2.0"", ""E"": ""46052.0"", ""F"": true, ""G"": ""46052.0"", ""H"": ""Hecho"", ""I"": ""Alto"", ""J"": ""N/A"", ""K"": ""Sebastian Ballesteros"", ""L"": ""2:40pm""}","{""J"": """"}",,TASK_BELONGS_TO_PROJECT_TEMPLATE,NOT_APPLICABLE,,
tareas,TSK000473,task,✅Lista de Tareas,489,PRJ0033,Binet,Binet,Soporte,Schoolpack,support,Académico,Actividad,TSK000473,Configuración del sistema para valoraciones,5.0,2026-02-04,2026-02-09,true,Hecho,Alto,Carmen Donoso,N/A,,support:ACT-285,,,,,,,,,,,,,,,,,,,,,,,,,,,,,,,"{""B"": ""Binet"", ""C"": ""Configuración del sistema para valoraciones"", ""D"": ""5.0"", ""E"": ""46057.0"", ""F"": true, ""G"": ""46062.0"", ""H"": ""Hecho"", ""I"": ""Alto"", ""J"": ""N/A"", ""K"": ""Carmen Donoso""}","{""J"": """"}",support,TASK_BELONGS_TO_PROJECT_TEMPLATE,HISTORICAL_TASK_BOUND_TO_PROJECT_TEMPLATE_NOT_TEMPLATE_ACTIVITY,,
tareas,TSK000474,task,✅Lista de Tareas,490,PRJ0001,Academia MISI,Academia MISI,Implementación,Campuspack,implementation_campuspack,Pruebas / Auditoría,Actividad,TSK000474,Revisión Configuración y caracterización en producción,2.0,2026-03-25,2026-03-25,true,Hecho,Alto,Carmen Donoso,N/A,,implementation_campuspack:ACT-124,,,,,,,,,,,,,,,,,,,,,,,,,,,,,,,"{""B"": ""Academia MISI"", ""C"": ""Revisión Configuración y caracterización en producción"", ""D"": ""2.0"", ""E"": ""46106.0"", ""F"": true, ""G"": ""46106.0"", ""H"": ""Hecho"", ""I"": ""Alto"", ""J"": ""N/A"", ""K"": ""Carmen Donoso""}","{""J"": """"}",implementation_campuspack,TASK_BELONGS_TO_PROJECT_TEMPLATE,HISTORICAL_TASK_BOUND_TO_PROJECT_TEMPLATE_NOT_TEMPLATE_ACTIVITY,,
tareas,TSK000475,task,✅Lista de Tareas,491,PRJ0016,Sigmund Freud,Sigmund Freud,Soporte,Implementado,support,Académico,Actividad,TSK000475,Sesión configuración academica,1.0,2026-03-27,2026-03-27,true,Hecho,Alto,Carmen Donoso,,1 a 2pm,support:ACT-286,,,,,,,,,,,,,,,,,,,,,,,,,,,,,,,"{""B"": ""Sigmund Freud"", ""C"": ""Sesión configuración academica "", ""D"": ""1.0"", ""E"": ""46108.0"", ""F"": true, ""G"": ""46108.0"", ""H"": ""Hecho"", ""I"": ""Alto"", ""K"": ""Carmen Donoso"", ""L"": ""1 a 2pm""}",{},support,TASK_BELONGS_TO_PROJECT_TEMPLATE,HISTORICAL_TASK_BOUND_TO_PROJECT_TEMPLATE_NOT_TEMPLATE_ACTIVITY,,
tareas,TSK000476,task,✅Lista de Tareas,492,PRJ0016,Sigmund Freud,Sigmund Freud,Soporte,Implementado,support,Académico,Actividad,TSK000476,Sesión Revisión configuración academica,1.0,2026-03-27,2026-03-27,true,Hecho,Alto,Carmen Donoso,,1 a 2pm,support:ACT-287,,,,,,,,,,,,,,,,,,,,,,,,,,,,,,,"{""B"": ""Sigmund Freud"", ""C"": ""Sesión Revisión configuración academica "", ""D"": ""1.0"", ""E"": ""46108.0"", ""F"": true, ""G"": ""46108.0"", ""H"": ""Hecho"", ""I"": ""Alto"", ""K"": ""Carmen Donoso"", ""L"": ""1 a 2pm""}",{},support,TASK_BELONGS_TO_PROJECT_TEMPLATE,HISTORICAL_TASK_BOUND_TO_PROJECT_TEMPLATE_NOT_TEMPLATE_ACTIVITY,,
tareas,TSK000477,task,✅Lista de Tareas,493,PRJ0001,Academia MISI,Academia MISI,Implementación,Campuspack,implementation_campuspack,Desarrollos a la medida,Actividad,TSK000477,Auditoria de la personalización de la visualización de notas en pantalla padres,2.0,2026-03-30,2026-03-30,true,Hecho,Alto,Carmen Donoso,N/A,,implementation_campuspack:ACT-125,,,,,,,,,,,,,,,,,,,,,,,,,,,,,,,"{""B"": ""Academia MISI"", ""C"": ""Auditoria de la personalización de la visualización de notas en pantalla padres "", ""D"": ""2.0"", ""E"": ""46111.0"", ""F"": true, ""G"": ""46111.0"", ""H"": ""Hecho"", ""I"": ""Alto"", ""J"": ""N/A"", ""K"": ""Carmen Donoso""}","{""J"": ""if(or(F493=TRUE,G493>0,H493=\""Done\"",isblank(E493)),\""N/A\"",if($B$5<=E493,\""N/A\"",\""Overdue\""))""}",implementation_campuspack,TASK_BELONGS_TO_PROJECT_TEMPLATE,HISTORICAL_TASK_BOUND_TO_PROJECT_TEMPLATE_NOT_TEMPLATE_ACTIVITY,,
tareas,TSK000478,task,✅Lista de Tareas,494,PRJ0001,Academia MISI,Academia MISI,Implementación,Campuspack,implementation_campuspack,Desarrollos a la medida,Actividad,TSK000478,87061- Finalización de la documentación de la personalización de la visualización de notas en pantalla padres,2.0,2026-03-03,2026-03-04,true,Hecho,Alto,Carmen Donoso,N/A,,implementation_campuspack:ACT-126,,,,,,,,,,,,,,,,,,,,,,,,,,,,,,,"{""B"": ""Academia MISI"", ""C"": ""87061- Finalización de la documentación de la personalización de la visualización de notas en pantalla padres "", ""D"": ""2.0"", ""E"": ""46084.0"", ""F"": true, ""G"": ""46085.0"", ""H"": ""Hecho"", ""I"": ""Alto"", ""J"": ""N/A"", ""K"": ""Carmen Donoso""}","{""J"": """"}",implementation_campuspack,TASK_BELONGS_TO_PROJECT_TEMPLATE,HISTORICAL_TASK_BOUND_TO_PROJECT_TEMPLATE_NOT_TEMPLATE_ACTIVITY,,
tareas,TSK000479,task,✅Lista de Tareas,495,PRJ0022,INPEC,INPEC,Implementación,Campuspack,implementation_campuspack,Académico,Actividad,TSK000479,Reportes de asistencia Seguimiento y Silabus,4.0,2026-02-16,2026-03-24,true,Hecho,Alto,Carmen Donoso,,,implementation_campuspack:ACT-127,,,,,,,,,,,,,,,,,,,,,,,,,,,,,,,"{""B"": ""INPEC"", ""C"": ""Reportes de asistencia Seguimiento y Silabus"", ""D"": ""4.0"", ""E"": ""46069.0"", ""F"": true, ""G"": ""46105.0"", ""H"": ""Hecho"", ""I"": ""Alto"", ""K"": ""Carmen Donoso""}",{},implementation_campuspack,TASK_BELONGS_TO_PROJECT_TEMPLATE,HISTORICAL_TASK_BOUND_TO_PROJECT_TEMPLATE_NOT_TEMPLATE_ACTIVITY,,
tareas,TSK000480,task,✅Lista de Tareas,496,PRJ0001,Academia MISI,Academia MISI,Implementación,Campuspack,implementation_campuspack,Desarrollos a la medida,Actividad,TSK000480,Entrega de la personalización de la visualización de notas en pantalla padres,2.0,2026-04-06,2026-04-09,true,Hecho,Alto,Carmen Donoso,N/A,,implementation_campuspack:ACT-128,,,,,,,,,,,,,,,,,,,,,,,,,,,,,,,"{""B"": ""Academia MISI"", ""C"": ""Entrega de la personalización de la visualización de notas en pantalla padres "", ""D"": ""2.0"", ""E"": ""46118.0"", ""F"": true, ""G"": ""46121.0"", ""H"": ""Hecho"", ""I"": ""Alto"", ""J"": ""N/A"", ""K"": ""Carmen Donoso""}","{""J"": ""if(or(F496=TRUE,G496>0,H496=\""Done\"",isblank(E496)),\""N/A\"",if($B$5<=E496,\""N/A\"",\""Overdue\""))""}",implementation_campuspack,TASK_BELONGS_TO_PROJECT_TEMPLATE,HISTORICAL_TASK_BOUND_TO_PROJECT_TEMPLATE_NOT_TEMPLATE_ACTIVITY,,
tareas,TSK000481,task,✅Lista de Tareas,497,PRJ0022,INPEC,INPEC,Implementación,Campuspack,implementation_campuspack,Documentación / Actas / Entrega,Actividad,TSK000481,Entrega de los Reportes de calificaciones,1.0,2026-03-31,2026-04-14,true,Hecho,Alto,Carmen Donoso,,,implementation_campuspack:ACT-129,,,,,,,,,,,,,,,,,,,,,,,,,,,,,,,"{""B"": ""INPEC"", ""C"": ""Entrega de los Reportes de calificaciones"", ""D"": ""1.0"", ""E"": ""46112.0"", ""F"": true, ""G"": ""46126.0"", ""H"": ""Hecho"", ""I"": ""Alto"", ""K"": ""Carmen Donoso""}",{},implementation_campuspack,TASK_BELONGS_TO_PROJECT_TEMPLATE,HISTORICAL_TASK_BOUND_TO_PROJECT_TEMPLATE_NOT_TEMPLATE_ACTIVITY,,
tareas,TSK000482,task,✅Lista de Tareas,498,PRJ0022,INPEC,INPEC,Implementación,Campuspack,implementation_campuspack,Académico,Actividad,TSK000482,Documentación Desarrollo Académico (Sylabus y documentos programa),2.0,2026-02-19,2026-03-24,true,Hecho,Alto,Carmen Donoso,,,implementation_campuspack:ACT-130,,,,,,,,,,,,,,,,,,,,,,,,,,,,,,,"{""B"": ""INPEC"", ""C"": ""Documentación Desarrollo Académico (Sylabus y documentos programa)"", ""D"": ""2.0"", ""E"": ""46072.0"", ""F"": true, ""G"": ""46105.0"", ""H"": ""Hecho"", ""I"": ""Alto"", ""K"": ""Carmen Donoso""}",{},implementation_campuspack,TASK_BELONGS_TO_PROJECT_TEMPLATE,HISTORICAL_TASK_BOUND_TO_PROJECT_TEMPLATE_NOT_TEMPLATE_ACTIVITY,,
tareas,TSK000483,task,✅Lista de Tareas,499,PRJ0035,Franciscanos,Franciscanos,Soporte,Schoolpack,support,Admisiones,Actividad,TSK000483,86904 - Documentación Pesonalización proceso de admisiones Puento Colombia Franciscanos,6.0,2026-02-16,2026-03-02,true,Hecho,Alto,Carmen Donoso,,CANCELADO HASTA EL NUEVO AVISO DEL COLEGIO,support:ACT-288,,,,,,,,,,,,,,,,,,,,,,,,,,,,,,,"{""B"": ""Franciscanos"", ""C"": ""86904 - Documentación Pesonalización proceso de admisiones Puento Colombia Franciscanos"", ""D"": ""6.0"", ""E"": ""46069.0"", ""F"": true, ""G"": ""46083.0"", ""H"": ""Hecho"", ""I"": ""Alto"", ""K"": ""Carmen Donoso"", ""L"": ""CANCELADO HASTA EL NUEVO AVISO DEL COLEGIO""}",{},support,TASK_BELONGS_TO_PROJECT_TEMPLATE,HISTORICAL_TASK_BOUND_TO_PROJECT_TEMPLATE_NOT_TEMPLATE_ACTIVITY,,
tareas,TSK000484,task,✅Lista de Tareas,500,PRJ0033,Binet,Binet,Soporte,Schoolpack,support,Capacitación,Actividad,TSK000484,Capacitación docente Lideres,2.0,2026-02-11,2026-02-13,true,Hecho,Alto,Carmen Donoso,N/A,,support:ACT-289,,,,,,,,,,,,,,,,,,,,,,,,,,,,,,,"{""B"": ""Binet"", ""C"": ""Capacitación docente Lideres"", ""D"": ""2.0"", ""E"": ""46064.0"", ""F"": true, ""G"": ""46066.0"", ""H"": ""Hecho"", ""I"": ""Alto"", ""J"": ""N/A"", ""K"": ""Carmen Donoso""}","{""J"": ""if(or(F500=TRUE,G500>0,H500=\""Done\"",isblank(E500)),\""N/A\"",if($B$5<=E500,\""N/A\"",\""Overdue\""))""}",support,TASK_BELONGS_TO_PROJECT_TEMPLATE,HISTORICAL_TASK_BOUND_TO_PROJECT_TEMPLATE_NOT_TEMPLATE_ACTIVITY,,
tareas,TSK000485,task,✅Lista de Tareas,501,PRJ0017,Nuevo colegio del Prado,Nuevo colegio del Prado,Soporte,Schoolpack,support,Financiero,Actividad,TSK000485,"85786 - Sesión de Entrega Desarrollo (3): Mensaje de cartera, de facturación e impresión de plaquetas (PENDIENTE ACTA)",1.0,2026-04-07,2026-04-14,true,Hecho,Alto,Sebastian Ballesteros,N/A,2:30pm,support:ACT-290,,,,,,,,,,,,,,,,,,,,,,,,,,,,,,,"{""B"": ""Nuevo colegio del Prado"", ""C"": ""85786 - Sesión de Entrega Desarrollo (3): Mensaje de cartera, de facturación e impresión de plaquetas (PENDIENTE ACTA)"", ""D"": ""1.0"", ""E"": ""46119.0"", ""F"": true, ""G"": ""46126.0"", ""H"": ""Hecho"", ""I"": ""Alto"", ""J"": ""N/A"", ""K"": ""Sebastian Ballesteros"", ""L"": ""2:30pm""}","{""J"": """"}",support,TASK_BELONGS_TO_PROJECT_TEMPLATE,HISTORICAL_TASK_BOUND_TO_PROJECT_TEMPLATE_NOT_TEMPLATE_ACTIVITY,,
tareas,TSK000486,task,✅Lista de Tareas,502,PRJ0026,Corp.Edu Adventista,Corp.Edu Adventista,Implementación,Schoolpack,implementation_schoolpack,Migración / Importadores,Actividad,TSK000486,Sesión de Trabajo Presencial (1. Importación de todos los importadores. 2. Capacitación esenciales),6.0,2026-02-05,2026-02-05,true,Hecho,Alto,Geraldine Araque,N/A,,implementation_schoolpack:ACT-47,,,,,,,,,,,,,,,,,,,,,,,,,,,,,,,"{""B"": ""Corp.Edu Adventista"", ""C"": ""Sesión de Trabajo Presencial (1. Importación de todos los importadores. 2. Capacitación esenciales)"", ""D"": ""6.0"", ""E"": ""46058.0"", ""F"": true, ""G"": ""46058.0"", ""H"": ""Hecho"", ""I"": ""Alto"", ""J"": ""N/A"", ""K"": ""Geraldine Araque""}","{""J"": """"}",implementation_schoolpack,TASK_BELONGS_TO_PROJECT_TEMPLATE,HISTORICAL_TASK_BOUND_TO_PROJECT_TEMPLATE_NOT_TEMPLATE_ACTIVITY,,
tareas,TSK000487,task,✅Lista de Tareas,503,PRJ0030,Comfenalco,Comfenalco ,Soporte,Campuspack,support,Académico,Actividad,TSK000487,86708 - Actualizar Manuales COMFENALCO asociados a caracterización academica (AUDITORIA) ENTREGA,5.0,2026-02-03,2026-02-16,true,Hecho,Urgente,Geraldine Araque,N/A,,support:ACT-291,,,,,,,,,,,,,,,,,,,,,,,,,,,,,,,"{""B"": ""Comfenalco "", ""C"": ""86708 - Actualizar Manuales COMFENALCO asociados a caracterización academica (AUDITORIA) ENTREGA"", ""D"": ""5.0"", ""E"": ""46056.0"", ""F"": true, ""G"": ""46069.0"", ""H"": ""Hecho"", ""I"": ""Urgente"", ""J"": ""N/A"", ""K"": ""Geraldine Araque""}","{""J"": """"}",support,TASK_BELONGS_TO_PROJECT_TEMPLATE,HISTORICAL_TASK_BOUND_TO_PROJECT_TEMPLATE_NOT_TEMPLATE_ACTIVITY,,
tareas,TSK000488,task,✅Lista de Tareas,504,PRJ0008,Corazonistas,Corazonistas,Soporte,Implementado,support,Capacitación,Actividad,TSK000488,86624 - Capacitación Biblioteca Colegio Conzolata Puerto Salgar,2.0,2026-02-03,2026-02-03,true,Hecho,Alto,Geraldine Araque,N/A,,support:ACT-292,,,,,,,,,,,,,,,,,,,,,,,,,,,,,,,"{""B"": ""Corazonistas"", ""C"": ""86624 - Capacitación Biblioteca Colegio Conzolata Puerto Salgar"", ""D"": ""2.0"", ""E"": ""46056.0"", ""F"": true, ""G"": ""46056.0"", ""H"": ""Hecho"", ""I"": ""Alto"", ""J"": ""N/A"", ""K"": ""Geraldine Araque""}","{""J"": """"}",support,TASK_BELONGS_TO_PROJECT_TEMPLATE,HISTORICAL_TASK_BOUND_TO_PROJECT_TEMPLATE_NOT_TEMPLATE_ACTIVITY,,
tareas,TSK000489,task,✅Lista de Tareas,505,PRJ0034,Incolmotos - Escuelas Musicales,Incolmotos - Escuelas Musicales,Implementación,Campuspack,implementation_campuspack,Migración / Importadores,Actividad,TSK000489,"Importadores académicos: Estudiantes, Empleados y docentes,  Plan de estudios y asiganutas: Auditoria y pruebas",6.0,2026-01-23,2026-02-09,true,Hecho,Alto,Geraldine Araque,N/A,,implementation_campuspack:ACT-131,,,,,,,,,,,,,,,,,,,,,,,,,,,,,,,"{""B"": ""Incolmotos - Escuelas Musicales"", ""C"": ""Importadores académicos: Estudiantes, Empleados y docentes,  Plan de estudios y asiganutas: Auditoria y pruebas"", ""D"": ""6.0"", ""E"": ""46045.0"", ""F"": true, ""G"": ""46062.0"", ""H"": ""Hecho"", ""I"": ""Alto"", ""J"": ""N/A"", ""K"": ""Geraldine Araque""}","{""J"": ""IF(OR(F505=TRUE,G505>0,H505=\""Done\"",ISBLANK(E505)),\""N/A\"",IF($B$5<=E505,\""N/A\"",\""Overdue\""))""}",implementation_campuspack,TASK_BELONGS_TO_PROJECT_TEMPLATE,HISTORICAL_TASK_BOUND_TO_PROJECT_TEMPLATE_NOT_TEMPLATE_ACTIVITY,,
tareas,TSK000490,task,✅Lista de Tareas,506,PRJ0034,Incolmotos - Escuelas Musicales,Incolmotos - Escuelas Musicales,Implementación,Campuspack,implementation_campuspack,Migración / Importadores,Actividad,TSK000490,"Importadores académicos: Estudiantes, Empleados y docentes,  Plan de estudios y asiganutas: Paso a pruducción",6.0,2026-01-23,2026-02-17,true,Hecho,Alto,Geraldine Araque,N/A,,implementation_campuspack:ACT-132,,,,,,,,,,,,,,,,,,,,,,,,,,,,,,,"{""B"": ""Incolmotos - Escuelas Musicales"", ""C"": ""Importadores académicos: Estudiantes, Empleados y docentes,  Plan de estudios y asiganutas: Paso a pruducción"", ""D"": ""6.0"", ""E"": ""46045.0"", ""F"": true, ""G"": ""46070.0"", ""H"": ""Hecho"", ""I"": ""Alto"", ""J"": ""N/A"", ""K"": ""Geraldine Araque""}","{""J"": """"}",implementation_campuspack,TASK_BELONGS_TO_PROJECT_TEMPLATE,HISTORICAL_TASK_BOUND_TO_PROJECT_TEMPLATE_NOT_TEMPLATE_ACTIVITY,,
tareas,TSK000491,task,✅Lista de Tareas,507,PRJ0002,Fundación Incolmotos Yamaha,Fundación Incolmotos Yamaha,Soporte,Campuspack,support,Migración / Importadores,Actividad,TSK000491,Importadores académicos: Creación de grupos,2.0,2026-02-09,2026-02-20,true,Hecho,Alto,Geraldine Araque,,,support:ACT-293,,,,,,,,,,,,,,,,,,,,,,,,,,,,,,,"{""B"": ""Fundación Incolmotos Yamaha"", ""C"": ""Importadores académicos: Creación de grupos "", ""D"": ""2.0"", ""E"": ""46062.0"", ""F"": true, ""G"": ""46073.0"", ""H"": ""Hecho"", ""I"": ""Alto"", ""K"": ""Geraldine Araque""}",{},support,TASK_BELONGS_TO_PROJECT_TEMPLATE,HISTORICAL_TASK_BOUND_TO_PROJECT_TEMPLATE_NOT_TEMPLATE_ACTIVITY,,
tareas,TSK000492,task,✅Lista de Tareas,508,PRJ0034,Incolmotos - Escuelas Musicales,Incolmotos - Escuelas Musicales,Implementación,Campuspack,implementation_campuspack,Migración / Importadores,Actividad,TSK000492,Auditoria y puesta en pruebas Importadores academicos: Plan de estudios,4.0,2026-02-02,2026-02-05,true,Hecho,Alto,Geraldine Araque,,,implementation_campuspack:ACT-133,,,,,,,,,,,,,,,,,,,,,,,,,,,,,,,"{""B"": ""Incolmotos - Escuelas Musicales"", ""C"": ""Auditoria y puesta en pruebas Importadores academicos: Plan de estudios"", ""D"": ""4.0"", ""E"": ""46055.0"", ""F"": true, ""G"": ""46058.0"", ""H"": ""Hecho"", ""I"": ""Alto"", ""K"": ""Geraldine Araque""}",{},implementation_campuspack,TASK_BELONGS_TO_PROJECT_TEMPLATE,HISTORICAL_TASK_BOUND_TO_PROJECT_TEMPLATE_NOT_TEMPLATE_ACTIVITY,,
tareas,TSK000493,task,✅Lista de Tareas,509,PRJ0034,Incolmotos - Escuelas Musicales,Incolmotos - Escuelas Musicales,Implementación,Campuspack,implementation_campuspack,Integraciones,Actividad,TSK000493,Interfaz Contable: Seguimiento a la entrega de la documentación Dinamica y malla contable (Retomar abrir Sac),1.0,2026-04-20,2026-04-20,false,En espera,Alto,Sebastian Ballesteros,N/A,,implementation_campuspack:ACT-134,,,,,,,,,,,,,,,,,,,,,,,,,,,,,,,"{""B"": ""Incolmotos - Escuelas Musicales"", ""C"": ""Interfaz Contable: Seguimiento a la entrega de la documentación Dinamica y malla contable (Retomar abrir Sac)"", ""D"": ""1.0"", ""E"": ""46132.0"", ""F"": false, ""G"": ""46132.0"", ""H"": ""En espera"", ""I"": ""Alto"", ""J"": ""N/A"", ""K"": ""Sebastian Ballesteros""}","{""J"": ""IF(OR(F509=TRUE,G509>0,H509=\""Done\"",ISBLANK(E509)),\""N/A\"",IF($B$5<=E509,\""N/A\"",\""Overdue\""))""}",implementation_campuspack,TASK_BELONGS_TO_PROJECT_TEMPLATE,HISTORICAL_TASK_BOUND_TO_PROJECT_TEMPLATE_NOT_TEMPLATE_ACTIVITY,,
tareas,TSK000494,task,✅Lista de Tareas,510,PRJ0034,Incolmotos - Escuelas Musicales,Incolmotos - Escuelas Musicales,Implementación,Campuspack,implementation_campuspack,Capacitación,Actividad,TSK000494,"Capacitación Esenciales (Personas, Protección)",3.0,2026-02-23,2026-03-02,true,Hecho,Alto,Geraldine Araque,,,implementation_campuspack:ACT-135,,,,,,,,,,,,,,,,,,,,,,,,,,,,,,,"{""B"": ""Incolmotos - Escuelas Musicales"", ""C"": ""Capacitación Esenciales (Personas, Protección)"", ""D"": ""3.0"", ""E"": ""46076.0"", ""F"": true, ""G"": ""46083.0"", ""H"": ""Hecho"", ""I"": ""Alto"", ""K"": ""Geraldine Araque""}",{},implementation_campuspack,TASK_BELONGS_TO_PROJECT_TEMPLATE,HISTORICAL_TASK_BOUND_TO_PROJECT_TEMPLATE_NOT_TEMPLATE_ACTIVITY,,
tareas,TSK000495,task,✅Lista de Tareas,511,PRJ0034,Incolmotos - Escuelas Musicales,Incolmotos - Escuelas Musicales,Implementación,Campuspack,implementation_campuspack,Migración / Importadores,Actividad,TSK000495,Importación de estudiantes empleados y docentes: Sesión 1: Configuración inicial (Protección y Personas) en ambiente de pruebas,2.0,2026-02-13,2026-01-16,true,Hecho,Alto,Geraldine Araque,N/A,,implementation_campuspack:ACT-136,,,,,,,,,,,,,,,,,,,,,,,,,,,,,,,"{""B"": ""Incolmotos - Escuelas Musicales"", ""C"": ""Importación de estudiantes empleados y docentes: Sesión 1: Configuración inicial (Protección y Personas) en ambiente de pruebas"", ""D"": ""2.0"", ""E"": ""46066.0"", ""F"": true, ""G"": ""46038.0"", ""H"": ""Hecho"", ""I"": ""Alto"", ""J"": ""N/A"", ""K"": ""Geraldine Araque""}","{""J"": ""IF(OR(F511=TRUE,G511>0,H511=\""Done\"",ISBLANK(E511)),\""N/A\"",IF($B$5<=E511,\""N/A\"",\""Overdue\""))""}",implementation_campuspack,TASK_BELONGS_TO_PROJECT_TEMPLATE,HISTORICAL_TASK_BOUND_TO_PROJECT_TEMPLATE_NOT_TEMPLATE_ACTIVITY,,
tareas,TSK000496,task,✅Lista de Tareas,512,PRJ0034,Incolmotos - Escuelas Musicales,Incolmotos - Escuelas Musicales,Implementación,Campuspack,implementation_campuspack,Migración / Importadores,Actividad,TSK000496,Importación de estudiantes empleados y docentes: Sesión 2: Validación de importación de data (Acta y paso a productivo),1.0,2026-02-16,2026-02-16,true,Hecho,Alto,Geraldine Araque,N/A,,implementation_campuspack:ACT-137,,,,,,,,,,,,,,,,,,,,,,,,,,,,,,,"{""B"": ""Incolmotos - Escuelas Musicales"", ""C"": ""Importación de estudiantes empleados y docentes: Sesión 2: Validación de importación de data (Acta y paso a productivo)"", ""D"": ""1.0"", ""E"": ""46069.0"", ""F"": true, ""G"": ""46069.0"", ""H"": ""Hecho"", ""I"": ""Alto"", ""J"": ""N/A"", ""K"": ""Geraldine Araque""}","{""J"": """"}",implementation_campuspack,TASK_BELONGS_TO_PROJECT_TEMPLATE,HISTORICAL_TASK_BOUND_TO_PROJECT_TEMPLATE_NOT_TEMPLATE_ACTIVITY,,
tareas,TSK000497,task,✅Lista de Tareas,513,PRJ0034,Incolmotos - Escuelas Musicales,Incolmotos - Escuelas Musicales,Implementación,Campuspack,implementation_campuspack,Migración / Importadores,Actividad,TSK000497,"Configuracion academica inicial (Programas, modulos y asignaturas): Sesión 1: Importación de datos en ambiente de pruebas (1h)",1.0,2026-02-20,2026-03-03,true,Hecho,Alto,Geraldine Araque,N/A,,implementation_campuspack:ACT-138,,,,,,,,,,,,,,,,,,,,,,,,,,,,,,,"{""B"": ""Incolmotos - Escuelas Musicales"", ""C"": ""Configuracion academica inicial (Programas, modulos y asignaturas): Sesión 1: Importación de datos en ambiente de pruebas (1h)"", ""D"": ""1.0"", ""E"": ""46073.0"", ""F"": true, ""G"": ""46084.0"", ""H"": ""Hecho"", ""I"": ""Alto"", ""J"": ""N/A"", ""K"": ""Geraldine Araque""}","{""J"": """"}",implementation_campuspack,TASK_BELONGS_TO_PROJECT_TEMPLATE,HISTORICAL_TASK_BOUND_TO_PROJECT_TEMPLATE_NOT_TEMPLATE_ACTIVITY,,
tareas,TSK000498,task,✅Lista de Tareas,514,PRJ0034,Incolmotos - Escuelas Musicales,Incolmotos - Escuelas Musicales,Implementación,Campuspack,implementation_campuspack,Migración / Importadores,Actividad,TSK000498,"Configuracion academica inicial (Programas, modulos y asignaturas): Sesión 2: Validación de importación de data (1h) (Acta y paso a productivo)",1.0,2026-02-23,2026-03-03,true,Hecho,Alto,Geraldine Araque,N/A,,implementation_campuspack:ACT-139,,,,,,,,,,,,,,,,,,,,,,,,,,,,,,,"{""B"": ""Incolmotos - Escuelas Musicales"", ""C"": ""Configuracion academica inicial (Programas, modulos y asignaturas): Sesión 2: Validación de importación de data (1h) (Acta y paso a productivo)"", ""D"": ""1.0"", ""E"": ""46076.0"", ""F"": true, ""G"": ""46084.0"", ""H"": ""Hecho"", ""I"": ""Alto"", ""J"": ""N/A"", ""K"": ""Geraldine Araque""}","{""J"": """"}",implementation_campuspack,TASK_BELONGS_TO_PROJECT_TEMPLATE,HISTORICAL_TASK_BOUND_TO_PROJECT_TEMPLATE_NOT_TEMPLATE_ACTIVITY,,
tareas,TSK000499,task,✅Lista de Tareas,515,PRJ0034,Incolmotos - Escuelas Musicales,Incolmotos - Escuelas Musicales,Implementación,Campuspack,implementation_campuspack,Académico,Actividad,TSK000499,Configuración de registro y control (Grupos y horarios): Configuración inicial (Protección y Matriculas),2.0,2026-03-03,2026-03-03,true,Hecho,Alto,Geraldine Araque,N/A,,implementation_campuspack:ACT-140,,,,,,,,,,,,,,,,,,,,,,,,,,,,,,,"{""B"": ""Incolmotos - Escuelas Musicales"", ""C"": ""Configuración de registro y control (Grupos y horarios): Configuración inicial (Protección y Matriculas)"", ""D"": ""2.0"", ""E"": ""46084.0"", ""F"": true, ""G"": ""46084.0"", ""H"": ""Hecho"", ""I"": ""Alto"", ""J"": ""N/A"", ""K"": ""Geraldine Araque""}","{""J"": """"}",implementation_campuspack,TASK_BELONGS_TO_PROJECT_TEMPLATE,HISTORICAL_TASK_BOUND_TO_PROJECT_TEMPLATE_NOT_TEMPLATE_ACTIVITY,,
tareas,TSK000500,task,✅Lista de Tareas,516,PRJ0034,Incolmotos - Escuelas Musicales,Incolmotos - Escuelas Musicales,Implementación,Campuspack,implementation_campuspack,Migración / Importadores,Actividad,TSK000500,Configuración de registro y control (Grupos y horarios): Sesión 1: Importación de datos en ambiente de pruebas (1h),1.0,2026-03-03,2026-03-03,true,Hecho,Alto,Geraldine Araque,N/A,,implementation_campuspack:ACT-141,,,,,,,,,,,,,,,,,,,,,,,,,,,,,,,"{""B"": ""Incolmotos - Escuelas Musicales"", ""C"": ""Configuración de registro y control (Grupos y horarios): Sesión 1: Importación de datos en ambiente de pruebas (1h)"", ""D"": ""1.0"", ""E"": ""46084.0"", ""F"": true, ""G"": ""46084.0"", ""H"": ""Hecho"", ""I"": ""Alto"", ""J"": ""N/A"", ""K"": ""Geraldine Araque""}","{""J"": """"}",implementation_campuspack,TASK_BELONGS_TO_PROJECT_TEMPLATE,HISTORICAL_TASK_BOUND_TO_PROJECT_TEMPLATE_NOT_TEMPLATE_ACTIVITY,,
tareas,TSK000501,task,✅Lista de Tareas,517,PRJ0034,Incolmotos - Escuelas Musicales,Incolmotos - Escuelas Musicales,Implementación,Campuspack,implementation_campuspack,Migración / Importadores,Actividad,TSK000501,Configuración de registro y control (Grupos y horarios): Sesión 2: Validación de importación de data (1h) (Acta y paso a productivo),1.0,2026-03-02,2026-03-03,true,Hecho,Alto,Geraldine Araque,N/A,,implementation_campuspack:ACT-142,,,,,,,,,,,,,,,,,,,,,,,,,,,,,,,"{""B"": ""Incolmotos - Escuelas Musicales"", ""C"": ""Configuración de registro y control (Grupos y horarios): Sesión 2: Validación de importación de data (1h) (Acta y paso a productivo)"", ""D"": ""1.0"", ""E"": ""46083.0"", ""F"": true, ""G"": ""46084.0"", ""H"": ""Hecho"", ""I"": ""Alto"", ""J"": ""N/A"", ""K"": ""Geraldine Araque""}","{""J"": """"}",implementation_campuspack,TASK_BELONGS_TO_PROJECT_TEMPLATE,HISTORICAL_TASK_BOUND_TO_PROJECT_TEMPLATE_NOT_TEMPLATE_ACTIVITY,,
tareas,TSK000502,task,✅Lista de Tareas,518,PRJ0034,Incolmotos - Escuelas Musicales,Incolmotos - Escuelas Musicales,Implementación,Campuspack,implementation_campuspack,Financiero,Actividad,TSK000502,Configuración financiera: Parametrización programas..,2.0,2026-03-09,2026-03-09,true,Hecho,Alto,Sebastian Ballesteros,N/A,,implementation_campuspack:ACT-143,,,,,,,,,,,,,,,,,,,,,,,,,,,,,,,"{""B"": ""Incolmotos - Escuelas Musicales"", ""C"": ""Configuración financiera: Parametrización programas.."", ""D"": ""2.0"", ""E"": ""46090.0"", ""F"": true, ""G"": ""46090.0"", ""H"": ""Hecho"", ""I"": ""Alto"", ""J"": ""N/A"", ""K"": ""Sebastian Ballesteros""}","{""J"": """"}",implementation_campuspack,TASK_BELONGS_TO_PROJECT_TEMPLATE,HISTORICAL_TASK_BOUND_TO_PROJECT_TEMPLATE_NOT_TEMPLATE_ACTIVITY,,
tareas,TSK000503,task,✅Lista de Tareas,519,PRJ0034,Incolmotos - Escuelas Musicales,Incolmotos - Escuelas Musicales,Implementación,Campuspack,implementation_campuspack,Académico,Actividad,TSK000503,Academico: Configuración de plan de estudios: Capacitación (1h),1.0,2026-03-30,2026-04-01,true,Hecho,Alto,Carmen Donoso,N/A,,implementation_campuspack:ACT-144,,,,,,,,,,,,,,,,,,,,,,,,,,,,,,,"{""B"": ""Incolmotos - Escuelas Musicales"", ""C"": ""Academico: Configuración de plan de estudios: Capacitación (1h)"", ""D"": ""1.0"", ""E"": ""46111.0"", ""F"": true, ""G"": ""46113.0"", ""H"": ""Hecho"", ""I"": ""Alto"", ""J"": ""N/A"", ""K"": ""Carmen Donoso""}","{""J"": """"}",implementation_campuspack,TASK_BELONGS_TO_PROJECT_TEMPLATE,HISTORICAL_TASK_BOUND_TO_PROJECT_TEMPLATE_NOT_TEMPLATE_ACTIVITY,,
tareas,TSK000504,task,✅Lista de Tareas,520,PRJ0034,Incolmotos - Escuelas Musicales,Incolmotos - Escuelas Musicales,Implementación,Campuspack,implementation_campuspack,Académico,Actividad,TSK000504,Academico: Configuración y Capacitación Programación de criterios evaluativos (Silabus) Por competencias. Configuración en producción YA EN PRODUCCIÓN,1.0,2026-04-06,2026-04-10,true,Hecho,Alto,Carmen Donoso,N/A,Por competencias (3 por cada programa) ,implementation_campuspack:ACT-145,,,,,,,,,,,,,,,,,,,,,,,,,,,,,,,"{""B"": ""Incolmotos - Escuelas Musicales"", ""C"": ""Academico: Configuración y Capacitación Programación de criterios evaluativos (Silabus) Por competencias. Configuración en producción YA EN PRODUCCIÓN"", ""D"": ""1.0"", ""E"": ""46118.0"", ""F"": true, ""G"": ""46122.0"", ""H"": ""Hecho"", ""I"": ""Alto"", ""J"": ""N/A"", ""K"": ""Carmen Donoso"", ""L"": ""Por competencias (3 por cada programa) ""}","{""J"": """"}",implementation_campuspack,TASK_BELONGS_TO_PROJECT_TEMPLATE,HISTORICAL_TASK_BOUND_TO_PROJECT_TEMPLATE_NOT_TEMPLATE_ACTIVITY,,
tareas,TSK000505,task,✅Lista de Tareas,521,PRJ0034,Incolmotos - Escuelas Musicales,Incolmotos - Escuelas Musicales,Implementación,Campuspack,implementation_campuspack,Financiero,Actividad,TSK000505,"Matriculas: Configuración inicial Académico (Actualización de datos, Liquidación de matriculas, Generación de documentos legales)",2.0,2026-04-23,2026-04-23,false,No iniciado,Alto,Geraldine Araque,N/A,,implementation_campuspack:ACT-146,,,,,,,,,,,,,,,,,,,,,,,,,,,,,,,"{""B"": ""Incolmotos - Escuelas Musicales"", ""C"": ""Matriculas: Configuración inicial Académico (Actualización de datos, Liquidación de matriculas, Generación de documentos legales)"", ""D"": ""2.0"", ""E"": ""46135.0"", ""F"": false, ""G"": ""46135.0"", ""H"": ""No iniciado"", ""I"": ""Alto"", ""J"": ""N/A"", ""K"": ""Geraldine Araque""}","{""J"": """"}",implementation_campuspack,TASK_BELONGS_TO_PROJECT_TEMPLATE,HISTORICAL_TASK_BOUND_TO_PROJECT_TEMPLATE_NOT_TEMPLATE_ACTIVITY,,
tareas,TSK000506,task,✅Lista de Tareas,522,PRJ0034,Incolmotos - Escuelas Musicales,Incolmotos - Escuelas Musicales,Implementación,Campuspack,implementation_campuspack,Matrículas,Actividad,TSK000506,Capacitación Matriculas (2h),2.0,2026-07-17,2026-07-17,true,Hecho,Alto,Sebastian Ballesteros,N/A,,implementation_campuspack:ACT-147,,,,,,,,,,,,,,,,,,,,,,,,,,,,,,,"{""B"": ""Incolmotos - Escuelas Musicales"", ""C"": ""Capacitación Matriculas (2h)"", ""D"": ""2.0"", ""E"": ""46220.0"", ""F"": true, ""G"": ""46220.0"", ""H"": ""Hecho"", ""I"": ""Alto"", ""J"": ""N/A"", ""K"": ""Sebastian Ballesteros""}","{""J"": """"}",implementation_campuspack,TASK_BELONGS_TO_PROJECT_TEMPLATE,HISTORICAL_TASK_BOUND_TO_PROJECT_TEMPLATE_NOT_TEMPLATE_ACTIVITY,,
tareas,TSK000507,task,✅Lista de Tareas,523,PRJ0034,Incolmotos - Escuelas Musicales,Incolmotos - Escuelas Musicales,Implementación,Campuspack,implementation_campuspack,Capacitación,Actividad,TSK000507,Adicionales: Recursos fisicos: Capacitación (2h),2.0,2026-04-20,2026-04-20,true,Hecho,Alto,Sebastian Ballesteros,N/A,,implementation_campuspack:ACT-148,,,,,,,,,,,,,,,,,,,,,,,,,,,,,,,"{""B"": ""Incolmotos - Escuelas Musicales"", ""C"": ""Adicionales: Recursos fisicos: Capacitación (2h)"", ""D"": ""2.0"", ""E"": ""46132.0"", ""F"": true, ""G"": ""46132.0"", ""H"": ""Hecho"", ""I"": ""Alto"", ""J"": ""N/A"", ""K"": ""Sebastian Ballesteros""}","{""J"": """"}",implementation_campuspack,TASK_BELONGS_TO_PROJECT_TEMPLATE,HISTORICAL_TASK_BOUND_TO_PROJECT_TEMPLATE_NOT_TEMPLATE_ACTIVITY,,
tareas,TSK000508,task,✅Lista de Tareas,524,PRJ0034,Incolmotos - Escuelas Musicales,Incolmotos - Escuelas Musicales,Implementación,Campuspack,implementation_campuspack,Otros,Actividad,TSK000508,Adicionales: Biblioteca,2.0,2026-04-27,2026-04-27,true,Hecho,Alto,Sebastian Ballesteros,N/A,,implementation_campuspack:ACT-149,,,,,,,,,,,,,,,,,,,,,,,,,,,,,,,"{""B"": ""Incolmotos - Escuelas Musicales"", ""C"": ""Adicionales: Biblioteca"", ""D"": ""2.0"", ""E"": ""46139.0"", ""F"": true, ""G"": ""46139.0"", ""H"": ""Hecho"", ""I"": ""Alto"", ""J"": ""N/A"", ""K"": ""Sebastian Ballesteros""}","{""J"": """"}",implementation_campuspack,TASK_BELONGS_TO_PROJECT_TEMPLATE,HISTORICAL_TASK_BOUND_TO_PROJECT_TEMPLATE_NOT_TEMPLATE_ACTIVITY,,
tareas,TSK000509,task,✅Lista de Tareas,525,PRJ0034,Incolmotos - Escuelas Musicales,Incolmotos - Escuelas Musicales,Implementación,Campuspack,implementation_campuspack,Facturación electrónica,Actividad,TSK000509,Adicionales: Bienestar estudiantil: Capacitación (1h),2.0,2026-04-24,2026-04-24,true,Hecho,Alto,Sebastian Ballesteros,N/A,,implementation_campuspack:ACT-150,,,,,,,,,,,,,,,,,,,,,,,,,,,,,,,"{""B"": ""Incolmotos - Escuelas Musicales"", ""C"": ""Adicionales: Bienestar estudiantil: Capacitación (1h)"", ""D"": ""2.0"", ""E"": ""46136.0"", ""F"": true, ""G"": ""46136.0"", ""H"": ""Hecho"", ""I"": ""Alto"", ""J"": ""N/A"", ""K"": ""Sebastian Ballesteros""}","{""J"": """"}",implementation_campuspack,TASK_BELONGS_TO_PROJECT_TEMPLATE,HISTORICAL_TASK_BOUND_TO_PROJECT_TEMPLATE_NOT_TEMPLATE_ACTIVITY,,
tareas,TSK000510,task,✅Lista de Tareas,526,PRJ0034,Incolmotos - Escuelas Musicales,Incolmotos - Escuelas Musicales,Implementación,Campuspack,implementation_campuspack,Capacitación,Actividad,TSK000510,Adicionales: Evaluación 360 y SNIES Capacitación (2h),2.0,2026-05-04,2026-05-04,true,Hecho,Alto,Sebastian Ballesteros,N/A,,implementation_campuspack:ACT-151,,,,,,,,,,,,,,,,,,,,,,,,,,,,,,,"{""B"": ""Incolmotos - Escuelas Musicales"", ""C"": ""Adicionales: Evaluación 360 y SNIES Capacitación (2h)"", ""D"": ""2.0"", ""E"": ""46146.0"", ""F"": true, ""G"": ""46146.0"", ""H"": ""Hecho"", ""I"": ""Alto"", ""J"": ""N/A"", ""K"": ""Sebastian Ballesteros""}","{""J"": """"}",implementation_campuspack,TASK_BELONGS_TO_PROJECT_TEMPLATE,HISTORICAL_TASK_BOUND_TO_PROJECT_TEMPLATE_NOT_TEMPLATE_ACTIVITY,,
tareas,TSK000511,task,✅Lista de Tareas,527,PRJ0017,Nuevo colegio del Prado,Nuevo colegio del Prado,Soporte,Schoolpack,support,Financiero,Actividad,TSK000511,Completar documentación Desarrollo: Mensaje de cartera y estadisticas,2.0,2026-02-04,2026-02-09,true,Hecho,Urgente,Sebastian Ballesteros,N/A,,support:ACT-294,,,,,,,,,,,,,,,,,,,,,,,,,,,,,,,"{""B"": ""Nuevo colegio del Prado"", ""C"": ""Completar documentación Desarrollo: Mensaje de cartera y estadisticas "", ""D"": ""2.0"", ""E"": ""46057.0"", ""F"": true, ""G"": ""46062.0"", ""H"": ""Hecho"", ""I"": ""Urgente"", ""J"": ""N/A"", ""K"": ""Sebastian Ballesteros""}","{""J"": ""if(or(F527=TRUE,G527>0,H527=\""Done\"",isblank(E527)),\""N/A\"",if($B$5<=E527,\""N/A\"",\""Overdue\""))""}",support,TASK_BELONGS_TO_PROJECT_TEMPLATE,HISTORICAL_TASK_BOUND_TO_PROJECT_TEMPLATE_NOT_TEMPLATE_ACTIVITY,,
tareas,TSK000512,task,✅Lista de Tareas,528,PRJ0043,Upwaresoft,Upwaresoft,Soporte,Implementado,support,Documentación / Actas / Entrega,Actividad,TSK000512,Sesiones de trabajo en conjunto: Entrega de Diagrama de procesos SP,6.0,2026-02-11,2026-02-13,true,Hecho,Alto,Geraldine Araque,N/A,2 horas diarias por 3 dias ,support:ACT-295,,,,,,,,,,,,,,,,,,,,,,,,,,,,,,,"{""B"": ""Upwaresoft"", ""C"": ""Sesiones de trabajo en conjunto: Entrega de Diagrama de procesos SP"", ""D"": ""6.0"", ""E"": ""46064.0"", ""F"": true, ""G"": ""46066.0"", ""H"": ""Hecho"", ""I"": ""Alto"", ""J"": ""N/A"", ""K"": ""Geraldine Araque"", ""L"": ""2 horas diarias por 3 dias ""}","{""J"": """"}",support,TASK_BELONGS_TO_PROJECT_TEMPLATE,HISTORICAL_TASK_BOUND_TO_PROJECT_TEMPLATE_NOT_TEMPLATE_ACTIVITY,,
tareas,TSK000513,task,✅Lista de Tareas,529,PRJ0043,Upwaresoft,Upwaresoft,Soporte,Implementado,support,Documentación / Actas / Entrega,Actividad,TSK000513,Presentación a Cesar: Entrega de Diagrama de procesos SP,,2026-02-17,2026-02-17,false,En espera,Alto,Sebastian Ballesteros,,,support:ACT-296,,,,,,,,,,,,,,,,,,,,,,,,,,,,,,,"{""B"": ""Upwaresoft"", ""C"": ""Presentación a Cesar: Entrega de Diagrama de procesos SP"", ""E"": ""46070.0"", ""F"": false, ""G"": ""46070.0"", ""H"": ""En espera"", ""I"": ""Alto"", ""K"": ""Sebastian Ballesteros""}",{},support,TASK_BELONGS_TO_PROJECT_TEMPLATE,HISTORICAL_TASK_BOUND_TO_PROJECT_TEMPLATE_NOT_TEMPLATE_ACTIVITY,,
tareas,TSK000514,task,✅Lista de Tareas,530,PRJ0008,Corazonistas,Corazonistas,Soporte,Implementado,support,Capacitación,Actividad,TSK000514,86617 - Configuración y capacitación Extracurriculares sin cambios Corazonista Antonio Nariño,2.0,2026-02-16,2026-02-23,true,Hecho,Urgente,Carmen Donoso,,3:30pm con sebas,support:ACT-297,,,,,,,,,,,,,,,,,,,,,,,,,,,,,,,"{""B"": ""Corazonistas"", ""C"": ""86617 - Configuración y capacitación Extracurriculares sin cambios Corazonista Antonio Nariño "", ""D"": ""2.0"", ""E"": ""46069.0"", ""F"": true, ""G"": ""46076.0"", ""H"": ""Hecho"", ""I"": ""Urgente"", ""K"": ""Carmen Donoso"", ""L"": ""3:30pm con sebas""}",{},support,TASK_BELONGS_TO_PROJECT_TEMPLATE,HISTORICAL_TASK_BOUND_TO_PROJECT_TEMPLATE_NOT_TEMPLATE_ACTIVITY,,
tareas,TSK000515,task,✅Lista de Tareas,531,PRJ0043,Upwaresoft,Upwaresoft,Soporte,Implementado,support,Documentación / Actas / Entrega,Actividad,TSK000515,Presentación a Cesar: Entrega de Diagrama de procesos SP,,2026-02-17,2026-02-17,false,En progreso,Alto,Geraldine Araque,,,support:ACT-296,,,,,,,,,,,,,,,,,,,,,,,,,,,,,,,"{""B"": ""Upwaresoft"", ""C"": ""Presentación a Cesar: Entrega de Diagrama de procesos SP"", ""E"": ""46070.0"", ""F"": false, ""G"": ""46070.0"", ""H"": ""En progreso"", ""I"": ""Alto"", ""K"": ""Geraldine Araque""}",{},support,TASK_BELONGS_TO_PROJECT_TEMPLATE,HISTORICAL_TASK_BOUND_TO_PROJECT_TEMPLATE_NOT_TEMPLATE_ACTIVITY,,
tareas,TSK000516,task,✅Lista de Tareas,532,PRJ0028,Jalam,Jalam,Implementación,Schoolpack,implementation_schoolpack,Otros,Actividad,TSK000516,Cración de usuarios y clientes CIRNAAP Y JALAM,4.0,2026-02-16,2026-02-23,true,Hecho,Alto,Sebastian Ballesteros,,Reunión con Diana Mora ambos dias ,implementation_schoolpack:ACT-48,,,,,,,,,,,,,,,,,,,,,,,,,,,,,,,"{""B"": ""Jalam"", ""C"": ""Cración de usuarios y clientes CIRNAAP Y JALAM"", ""D"": ""4.0"", ""E"": ""46069.0"", ""F"": true, ""G"": ""46076.0"", ""H"": ""Hecho"", ""I"": ""Alto"", ""K"": ""Sebastian Ballesteros"", ""L"": ""Reunión con Diana Mora ambos dias ""}",{},implementation_schoolpack,TASK_BELONGS_TO_PROJECT_TEMPLATE,HISTORICAL_TASK_BOUND_TO_PROJECT_TEMPLATE_NOT_TEMPLATE_ACTIVITY,,
tareas,TSK000517,task,✅Lista de Tareas,533,PRJ0043,Upwaresoft,Upwaresoft,Soporte,Implementado,support,Documentación / Actas / Entrega,Actividad,TSK000517,Sesiones de trabajo en conjunto: Entrega de Diagrama de procesos SP,6.0,2026-02-11,2026-02-13,true,Hecho,Alto,Sebastian Ballesteros,N/A,2 horas diarias por 3 dias ,support:ACT-295,,,,,,,,,,,,,,,,,,,,,,,,,,,,,,,"{""B"": ""Upwaresoft"", ""C"": ""Sesiones de trabajo en conjunto: Entrega de Diagrama de procesos SP"", ""D"": ""6.0"", ""E"": ""46064.0"", ""F"": true, ""G"": ""46066.0"", ""H"": ""Hecho"", ""I"": ""Alto"", ""J"": ""N/A"", ""K"": ""Sebastian Ballesteros"", ""L"": ""2 horas diarias por 3 dias ""}","{""J"": ""if(or(F533=TRUE,G533>0,H533=\""Done\"",isblank(E533)),\""N/A\"",if($B$5<=E533,\""N/A\"",\""Overdue\""))""}",support,TASK_BELONGS_TO_PROJECT_TEMPLATE,HISTORICAL_TASK_BOUND_TO_PROJECT_TEMPLATE_NOT_TEMPLATE_ACTIVITY,,
tareas,TSK000518,task,✅Lista de Tareas,534,PRJ0043,Upwaresoft,Upwaresoft,Soporte,Implementado,support,Documentación / Actas / Entrega,Actividad,TSK000518,Sesión de entrega a Cesar: Diagrama de procesos SP,2.0,2026-02-17,2026-02-17,false,No iniciado,Alto,Geraldine Araque,N/A,,support:ACT-298,,,,,,,,,,,,,,,,,,,,,,,,,,,,,,,"{""B"": ""Upwaresoft"", ""C"": ""Sesión de entrega a Cesar: Diagrama de procesos SP"", ""D"": ""2.0"", ""E"": ""46070.0"", ""F"": false, ""G"": ""46070.0"", ""H"": ""No iniciado"", ""I"": ""Alto"", ""J"": ""N/A"", ""K"": ""Geraldine Araque""}","{""J"": """"}",support,TASK_BELONGS_TO_PROJECT_TEMPLATE,HISTORICAL_TASK_BOUND_TO_PROJECT_TEMPLATE_NOT_TEMPLATE_ACTIVITY,,
tareas,TSK000519,task,✅Lista de Tareas,535,PRJ0008,Corazonistas,Corazonistas,Soporte,Implementado,support,Otros,Actividad,TSK000519,86927 - Parametrizar Pantalla de valoración Corazonista puerto salgar a Corazonista norte: Reporte cerrificado de notas,3.0,2026-02-17,2026-05-08,true,Hecho,Alto,Carmen Donoso,N/A,,support:ACT-299,,,,,,,,,,,,,,,,,,,,,,,,,,,,,,,"{""B"": ""Corazonistas"", ""C"": ""86927 - Parametrizar Pantalla de valoración Corazonista puerto salgar a Corazonista norte: Reporte cerrificado de notas "", ""D"": ""3.0"", ""E"": ""46070.0"", ""F"": true, ""G"": ""46150.0"", ""H"": ""Hecho"", ""I"": ""Alto"", ""J"": ""N/A"", ""K"": ""Carmen Donoso""}","{""J"": """"}",support,TASK_BELONGS_TO_PROJECT_TEMPLATE,HISTORICAL_TASK_BOUND_TO_PROJECT_TEMPLATE_NOT_TEMPLATE_ACTIVITY,,
tareas,TSK000520,task,✅Lista de Tareas,536,PRJ0008,Corazonistas,Corazonistas,Soporte,Implementado,support,Desarrollos a la medida,Actividad,TSK000520,86926 - Seguimiento Desarrollo: En la pantalla de fallas de valoración se incluya una opción que indique “Completos” - Colegio Antonio Nariño,1.0,2026-02-16,2026-02-16,true,Hecho,Alto,Geraldine Araque,,,support:ACT-300,,,,,,,,,,,,,,,,,,,,,,,,,,,,,,,"{""B"": ""Corazonistas"", ""C"": ""86926 - Seguimiento Desarrollo: En la pantalla de fallas de valoración se incluya una opción que indique “Completos” - Colegio Antonio Nariño"", ""D"": ""1.0"", ""E"": ""46069.0"", ""F"": true, ""G"": ""46069.0"", ""H"": ""Hecho"", ""I"": ""Alto"", ""K"": ""Geraldine Araque""}",{},support,TASK_BELONGS_TO_PROJECT_TEMPLATE,HISTORICAL_TASK_BOUND_TO_PROJECT_TEMPLATE_NOT_TEMPLATE_ACTIVITY,,
tareas,TSK000521,task,✅Lista de Tareas,537,PRJ0008,Corazonistas,Corazonistas,Soporte,Implementado,support,Otros,Actividad,TSK000521,86927 - Sesión con Corazonista norte con Normal y coordinadores para caracterización del sistema Pantalla de Valoración,5.0,2026-02-27,2026-02-27,true,Hecho,Alto,Geraldine Araque,N/A,8am,support:ACT-301,,,,,,,,,,,,,,,,,,,,,,,,,,,,,,,"{""B"": ""Corazonistas"", ""C"": ""86927 - Sesión con Corazonista norte con Normal y coordinadores para caracterización del sistema Pantalla de Valoración"", ""D"": ""5.0"", ""E"": ""46080.0"", ""F"": true, ""G"": ""46080.0"", ""H"": ""Hecho"", ""I"": ""Alto"", ""J"": ""N/A"", ""K"": ""Geraldine Araque"", ""L"": ""8am""}","{""J"": ""if(or(F537=TRUE,G537>0,H537=\""Done\"",isblank(E537)),\""N/A\"",if($B$5<=E537,\""N/A\"",\""Overdue\""))""}",support,TASK_BELONGS_TO_PROJECT_TEMPLATE,HISTORICAL_TASK_BOUND_TO_PROJECT_TEMPLATE_NOT_TEMPLATE_ACTIVITY,,
tareas,TSK000522,task,✅Lista de Tareas,538,PRJ0023,Contraloria,Contraloria,Soporte,Schoolpack,support,Capacitación,Actividad,TSK000522,Capacitación Mi institución y protección,2.0,2026-02-18,2026-02-18,true,Hecho,Alto,Geraldine Araque,N/A,,support:ACT-302,,,,,,,,,,,,,,,,,,,,,,,,,,,,,,,"{""B"": ""Contraloria"", ""C"": ""Capacitación Mi institución y protección "", ""D"": ""2.0"", ""E"": ""46071.0"", ""F"": true, ""G"": ""46071.0"", ""H"": ""Hecho"", ""I"": ""Alto"", ""J"": ""N/A"", ""K"": ""Geraldine Araque""}","{""J"": """"}",support,TASK_BELONGS_TO_PROJECT_TEMPLATE,HISTORICAL_TASK_BOUND_TO_PROJECT_TEMPLATE_NOT_TEMPLATE_ACTIVITY,,
tareas,TSK000523,task,✅Lista de Tareas,539,PRJ0023,Contraloria,Contraloria,Soporte,Schoolpack,support,Capacitación,Actividad,TSK000523,Capacitación Personal,2.0,2026-02-19,2026-02-19,true,Hecho,Alto,Geraldine Araque,N/A,,support:ACT-303,,,,,,,,,,,,,,,,,,,,,,,,,,,,,,,"{""B"": ""Contraloria"", ""C"": ""Capacitación Personal"", ""D"": ""2.0"", ""E"": ""46072.0"", ""F"": true, ""G"": ""46072.0"", ""H"": ""Hecho"", ""I"": ""Alto"", ""J"": ""N/A"", ""K"": ""Geraldine Araque""}","{""J"": """"}",support,TASK_BELONGS_TO_PROJECT_TEMPLATE,HISTORICAL_TASK_BOUND_TO_PROJECT_TEMPLATE_NOT_TEMPLATE_ACTIVITY,,
tareas,TSK000524,task,✅Lista de Tareas,540,PRJ0023,Contraloria,Contraloria,Soporte,Schoolpack,support,Académico,Actividad,TSK000524,Capacitación Configuración académica,2.0,2026-02-20,2026-02-20,true,Hecho,Alto,Geraldine Araque,N/A,,support:ACT-304,,,,,,,,,,,,,,,,,,,,,,,,,,,,,,,"{""B"": ""Contraloria"", ""C"": ""Capacitación Configuración académica"", ""D"": ""2.0"", ""E"": ""46073.0"", ""F"": true, ""G"": ""46073.0"", ""H"": ""Hecho"", ""I"": ""Alto"", ""J"": ""N/A"", ""K"": ""Geraldine Araque""}","{""J"": """"}",support,TASK_BELONGS_TO_PROJECT_TEMPLATE,HISTORICAL_TASK_BOUND_TO_PROJECT_TEMPLATE_NOT_TEMPLATE_ACTIVITY,,
tareas,TSK000525,task,✅Lista de Tareas,541,PRJ0023,Contraloria,Contraloria,Soporte,Schoolpack,support,Financiero,Actividad,TSK000525,Capacitación Financiera (PENDIENTE ACTA),2.0,2026-02-25,2026-02-25,true,Hecho,Alto,Sebastian Ballesteros,N/A,8 a 9am,support:ACT-305,,,,,,,,,,,,,,,,,,,,,,,,,,,,,,,"{""B"": ""Contraloria"", ""C"": ""Capacitación Financiera (PENDIENTE ACTA)"", ""D"": ""2.0"", ""E"": ""46078.0"", ""F"": true, ""G"": ""46078.0"", ""H"": ""Hecho"", ""I"": ""Alto"", ""J"": ""N/A"", ""K"": ""Sebastian Ballesteros"", ""L"": ""8 a 9am""}","{""J"": """"}",support,TASK_BELONGS_TO_PROJECT_TEMPLATE,HISTORICAL_TASK_BOUND_TO_PROJECT_TEMPLATE_NOT_TEMPLATE_ACTIVITY,,
tareas,TSK000526,task,✅Lista de Tareas,542,,Iglesia Cruzda Cristiana Colegio Integral Funza,Iglesia Cruzda Cristiana Colegio Integral Funza,,,,,Actividad,TSK000526,School web Pantalla gris en apartado de tareas (Actualización el 9Mar),1.0,2026-03-09,2026-03-09,true,Hecho,Alto,Geraldine Araque,,,,,,,,,,,,,,,,,,,,,,,,,,,,,,,,,,"{""B"": ""Iglesia Cruzda Cristiana Colegio Integral Funza"", ""C"": ""School web Pantalla gris en apartado de tareas (Actualización el 9Mar)"", ""D"": ""1.0"", ""E"": ""46090.0"", ""F"": true, ""G"": ""46090.0"", ""H"": ""Hecho"", ""I"": ""Alto"", ""K"": ""Geraldine Araque""}",{},,TASK_BELONGS_TO_PROJECT_TEMPLATE,NOT_APPLICABLE,,
tareas,TSK000527,task,✅Lista de Tareas,543,PRJ0036,Colegio Parroquial San Buenaventura,Colegio Parroquial San Buenaventura,Soporte,Schoolpack,support,Capacitación,Actividad,TSK000527,Capacitación Biblioteca (ACTA),2.0,2026-03-02,2026-03-02,true,Hecho,Medio,Geraldine Araque,,9 a 11am,support:ACT-306,,,,,,,,,,,,,,,,,,,,,,,,,,,,,,,"{""B"": ""Colegio Parroquial San Buenaventura"", ""C"": ""Capacitación Biblioteca (ACTA)"", ""D"": ""2.0"", ""E"": ""46083.0"", ""F"": true, ""G"": ""46083.0"", ""H"": ""Hecho"", ""I"": ""Medio"", ""K"": ""Geraldine Araque"", ""L"": ""9 a 11am""}",{},support,TASK_BELONGS_TO_PROJECT_TEMPLATE,HISTORICAL_TASK_BOUND_TO_PROJECT_TEMPLATE_NOT_TEMPLATE_ACTIVITY,,
tareas,TSK000528,task,✅Lista de Tareas,544,PRJ0023,Contraloria,Contraloria,Soporte,Schoolpack,support,Admisiones,Actividad,TSK000528,Capacitación Admisiones Web,2.0,2026-02-26,2026-02-26,true,Hecho,Alto,Geraldine Araque,N/A,,support:ACT-307,,,,,,,,,,,,,,,,,,,,,,,,,,,,,,,"{""B"": ""Contraloria"", ""C"": ""Capacitación Admisiones Web"", ""D"": ""2.0"", ""E"": ""46079.0"", ""F"": true, ""G"": ""46079.0"", ""H"": ""Hecho"", ""I"": ""Alto"", ""J"": ""N/A"", ""K"": ""Geraldine Araque""}","{""J"": ""if(or(F544=TRUE,G544>0,H544=\""Done\"",isblank(E544)),\""N/A\"",if($B$5<=E544,\""N/A\"",\""Overdue\""))""}",support,TASK_BELONGS_TO_PROJECT_TEMPLATE,HISTORICAL_TASK_BOUND_TO_PROJECT_TEMPLATE_NOT_TEMPLATE_ACTIVITY,,
tareas,TSK000529,task,✅Lista de Tareas,545,PRJ0023,Contraloria,Contraloria,Soporte,Schoolpack,support,Matrículas,Actividad,TSK000529,Capacitación Matriculas Web - Signio (ACTA),2.0,2026-03-02,2026-03-02,true,Hecho,Alto,Geraldine Araque,N/A,,support:ACT-308,,,,,,,,,,,,,,,,,,,,,,,,,,,,,,,"{""B"": ""Contraloria"", ""C"": ""Capacitación Matriculas Web - Signio (ACTA)"", ""D"": ""2.0"", ""E"": ""46083.0"", ""F"": true, ""G"": ""46083.0"", ""H"": ""Hecho"", ""I"": ""Alto"", ""J"": ""N/A"", ""K"": ""Geraldine Araque""}","{""J"": """"}",support,TASK_BELONGS_TO_PROJECT_TEMPLATE,HISTORICAL_TASK_BOUND_TO_PROJECT_TEMPLATE_NOT_TEMPLATE_ACTIVITY,,
tareas,TSK000530,task,✅Lista de Tareas,546,PRJ0023,Contraloria,Contraloria,Soporte,Schoolpack,support,Académico,Actividad,TSK000530,"Capacitación Valoraciones, Tareas y Planeador (ACTA)",2.0,2026-03-04,2026-03-04,true,Hecho,Alto,Geraldine Araque,N/A,,support:ACT-309,,,,,,,,,,,,,,,,,,,,,,,,,,,,,,,"{""B"": ""Contraloria"", ""C"": ""Capacitación Valoraciones, Tareas y Planeador (ACTA)"", ""D"": ""2.0"", ""E"": ""46085.0"", ""F"": true, ""G"": ""46085.0"", ""H"": ""Hecho"", ""I"": ""Alto"", ""J"": ""N/A"", ""K"": ""Geraldine Araque""}","{""J"": """"}",support,TASK_BELONGS_TO_PROJECT_TEMPLATE,HISTORICAL_TASK_BOUND_TO_PROJECT_TEMPLATE_NOT_TEMPLATE_ACTIVITY,,
tareas,TSK000531,task,✅Lista de Tareas,547,PRJ0006,Liceo Paternina,Liceo Paternina,Soporte,Schoolpack,support,Financiero,Actividad,TSK000531,Acompañamiento Financiero,2.0,2026-03-04,2026-03-04,true,Hecho,Urgente,Sebastian Ballesteros,N/A,2pm,support:ACT-310,,,,,,,,,,,,,,,,,,,,,,,,,,,,,,,"{""B"": ""Liceo Paternina"", ""C"": ""Acompañamiento Financiero"", ""D"": ""2.0"", ""E"": ""46085.0"", ""F"": true, ""G"": ""46085.0"", ""H"": ""Hecho"", ""I"": ""Urgente"", ""J"": ""N/A"", ""K"": ""Sebastian Ballesteros"", ""L"": ""2pm""}","{""J"": """"}",support,TASK_BELONGS_TO_PROJECT_TEMPLATE,HISTORICAL_TASK_BOUND_TO_PROJECT_TEMPLATE_NOT_TEMPLATE_ACTIVITY,,
tareas,TSK000532,task,✅Lista de Tareas,548,PRJ0006,Liceo Paternina,Liceo Paternina,Soporte,Schoolpack,support,Acompañamiento / Seguimiento,Actividad,TSK000532,Seguimiento y atención al cliente,1.0,2026-02-17,2026-02-17,true,Hecho,Urgente,Sebastian Ballesteros,N/A,,support:ACT-311,,,,,,,,,,,,,,,,,,,,,,,,,,,,,,,"{""B"": ""Liceo Paternina"", ""C"": ""Seguimiento y atención al cliente "", ""D"": ""1.0"", ""E"": ""46070.0"", ""F"": true, ""G"": ""46070.0"", ""H"": ""Hecho"", ""I"": ""Urgente"", ""J"": ""N/A"", ""K"": ""Sebastian Ballesteros""}","{""J"": """"}",support,TASK_BELONGS_TO_PROJECT_TEMPLATE,HISTORICAL_TASK_BOUND_TO_PROJECT_TEMPLATE_NOT_TEMPLATE_ACTIVITY,,
tareas,TSK000533,task,✅Lista de Tareas,549,PRJ0008,Corazonistas,Corazonistas,Soporte,Implementado,support,Capacitación,Actividad,TSK000533,Configuración y capacitación Extracurriculares sin cambios Corazonista Antonio Nariño: Caracterizar tarifas de actividades extracurriculares,2.0,2026-02-23,2026-02-23,true,Hecho,Urgente,Sebastian Ballesteros,,3:30pm,support:ACT-312,,,,,,,,,,,,,,,,,,,,,,,,,,,,,,,"{""B"": ""Corazonistas"", ""C"": ""Configuración y capacitación Extracurriculares sin cambios Corazonista Antonio Nariño: Caracterizar tarifas de actividades extracurriculares"", ""D"": ""2.0"", ""E"": ""46076.0"", ""F"": true, ""G"": ""46076.0"", ""H"": ""Hecho"", ""I"": ""Urgente"", ""K"": ""Sebastian Ballesteros"", ""L"": ""3:30pm""}",{},support,TASK_BELONGS_TO_PROJECT_TEMPLATE,HISTORICAL_TASK_BOUND_TO_PROJECT_TEMPLATE_NOT_TEMPLATE_ACTIVITY,,
tareas,TSK000534,task,✅Lista de Tareas,550,PRJ0021,FESA,FESA,Soporte,Schoolpack,support,Capacitación,Actividad,TSK000534,Capacitación Docente Nuevo modelo de valoración,2.0,2026-03-11,2026-03-11,true,Hecho,Alto,Carmen Donoso,N/A,10am,support:ACT-313,,,,,,,,,,,,,,,,,,,,,,,,,,,,,,,"{""B"": ""FESA"", ""C"": ""Capacitación Docente Nuevo modelo de valoración "", ""D"": ""2.0"", ""E"": ""46092.0"", ""F"": true, ""G"": ""46092.0"", ""H"": ""Hecho"", ""I"": ""Alto"", ""J"": ""N/A"", ""K"": ""Carmen Donoso"", ""L"": ""10am""}","{""J"": ""if(or(F550=TRUE,G550>0,H550=\""Done\"",isblank(E550)),\""N/A\"",if($B$5<=E550,\""N/A\"",\""Overdue\""))""}",support,TASK_BELONGS_TO_PROJECT_TEMPLATE,HISTORICAL_TASK_BOUND_TO_PROJECT_TEMPLATE_NOT_TEMPLATE_ACTIVITY,,
tareas,TSK000535,task,✅Lista de Tareas,551,PRJ0031,Colegio Refous,Colegio Refous,Soporte,Schoolpack,support,Integraciones,Actividad,TSK000535,Interfaz Contable: Auditoria y entrega en ambiente de pruebas de la Interfaz Contable PRUEBAS 2,2.0,2026-05-26,2026-05-28,true,Hecho,Alto,Sebastian Ballesteros,N/A,,support:ACT-314,,,,,,,,,,,,,,,,,,,,,,,,,,,,,,,"{""B"": ""Colegio Refous"", ""C"": ""Interfaz Contable: Auditoria y entrega en ambiente de pruebas de la Interfaz Contable PRUEBAS 2"", ""D"": ""2.0"", ""E"": ""46168.0"", ""F"": true, ""G"": ""46170.0"", ""H"": ""Hecho"", ""I"": ""Alto"", ""J"": ""N/A"", ""K"": ""Sebastian Ballesteros""}","{""J"": """"}",support,TASK_BELONGS_TO_PROJECT_TEMPLATE,HISTORICAL_TASK_BOUND_TO_PROJECT_TEMPLATE_NOT_TEMPLATE_ACTIVITY,,
tareas,TSK000536,task,✅Lista de Tareas,552,PRJ0031,Colegio Refous,Colegio Refous,Soporte,Schoolpack,support,Integraciones,Actividad,TSK000536,Interfaz Contable: Aprobación del cliente y paso a productivo de la Interfaz Contable,2.0,2026-05-29,2026-05-29,true,Hecho,Alto,Sebastian Ballesteros,N/A,,support:ACT-315,,,,,,,,,,,,,,,,,,,,,,,,,,,,,,,"{""B"": ""Colegio Refous"", ""C"": ""Interfaz Contable: Aprobación del cliente y paso a productivo de la Interfaz Contable "", ""D"": ""2.0"", ""E"": ""46171.0"", ""F"": true, ""G"": ""46171.0"", ""H"": ""Hecho"", ""I"": ""Alto"", ""J"": ""N/A"", ""K"": ""Sebastian Ballesteros""}","{""J"": """"}",support,TASK_BELONGS_TO_PROJECT_TEMPLATE,HISTORICAL_TASK_BOUND_TO_PROJECT_TEMPLATE_NOT_TEMPLATE_ACTIVITY,,
tareas,TSK000537,task,✅Lista de Tareas,553,PRJ0031,Colegio Refous,Colegio Refous,Soporte,Schoolpack,support,Facturación electrónica,Actividad,TSK000537,86963 - Facturación electronica: Activación en Dian y ejecutar kit de pruebas,2.0,2026-02-23,2026-02-24,true,Hecho,Alto,Sebastian Ballesteros,N/A,,support:ACT-316,,,,,,,,,,,,,,,,,,,,,,,,,,,,,,,"{""B"": ""Colegio Refous"", ""C"": ""86963 - Facturación electronica: Activación en Dian y ejecutar kit de pruebas "", ""D"": ""2.0"", ""E"": ""46076.0"", ""F"": true, ""G"": ""46077.0"", ""H"": ""Hecho"", ""I"": ""Alto"", ""J"": ""N/A"", ""K"": ""Sebastian Ballesteros""}","{""J"": """"}",support,TASK_BELONGS_TO_PROJECT_TEMPLATE,HISTORICAL_TASK_BOUND_TO_PROJECT_TEMPLATE_NOT_TEMPLATE_ACTIVITY,,
tareas,TSK000538,task,✅Lista de Tareas,554,PRJ0031,Colegio Refous,Colegio Refous,Soporte,Schoolpack,support,Facturación electrónica,Actividad,TSK000538,86963 - Facturación electronica: Pruebas y emisión de factura en ambiente de pruebas,2.0,2026-02-25,2026-02-25,true,Hecho,Alto,Sebastian Ballesteros,N/A,11:30am,support:ACT-317,,,,,,,,,,,,,,,,,,,,,,,,,,,,,,,"{""B"": ""Colegio Refous"", ""C"": ""86963 - Facturación electronica: Pruebas y emisión de factura en ambiente de pruebas"", ""D"": ""2.0"", ""E"": ""46078.0"", ""F"": true, ""G"": ""46078.0"", ""H"": ""Hecho"", ""I"": ""Alto"", ""J"": ""N/A"", ""K"": ""Sebastian Ballesteros"", ""L"": ""11:30am""}","{""J"": """"}",support,TASK_BELONGS_TO_PROJECT_TEMPLATE,HISTORICAL_TASK_BOUND_TO_PROJECT_TEMPLATE_NOT_TEMPLATE_ACTIVITY,,
tareas,TSK000539,task,✅Lista de Tareas,555,PRJ0031,Colegio Refous,Colegio Refous,Soporte,Schoolpack,support,Facturación electrónica,Actividad,TSK000539,86963 - Facturación electronica: Resolución de facturación electronica y entrega en producción (PENDIENTE ACTA),2.0,2026-02-26,2026-02-27,false,Hecho,Alto,Sebastian Ballesteros,N/A,,support:ACT-318,,,,,,,,,,,,,,,,,,,,,,,,,,,,,,,"{""B"": ""Colegio Refous"", ""C"": ""86963 - Facturación electronica: Resolución de facturación electronica y entrega en producción (PENDIENTE ACTA)"", ""D"": ""2.0"", ""E"": ""46079.0"", ""F"": false, ""G"": ""46080.0"", ""H"": ""Hecho"", ""I"": ""Alto"", ""J"": ""N/A"", ""K"": ""Sebastian Ballesteros""}","{""J"": """"}",support,TASK_BELONGS_TO_PROJECT_TEMPLATE,HISTORICAL_TASK_BOUND_TO_PROJECT_TEMPLATE_NOT_TEMPLATE_ACTIVITY,,
tareas,TSK000540,task,✅Lista de Tareas,556,PRJ0031,Colegio Refous,Colegio Refous,Soporte,Schoolpack,support,Capacitación,Actividad,TSK000540,96962 - Capacitación Cobros ocasionales (Pendiente Acta),2.0,2026-02-19,2026-02-19,true,Hecho,Alto,Sebastian Ballesteros,N/A,,support:ACT-319,,,,,,,,,,,,,,,,,,,,,,,,,,,,,,,"{""B"": ""Colegio Refous"", ""C"": ""96962 - Capacitación Cobros ocasionales (Pendiente Acta)"", ""D"": ""2.0"", ""E"": ""46072.0"", ""F"": true, ""G"": ""46072.0"", ""H"": ""Hecho"", ""I"": ""Alto"", ""J"": ""N/A"", ""K"": ""Sebastian Ballesteros""}","{""J"": """"}",support,TASK_BELONGS_TO_PROJECT_TEMPLATE,HISTORICAL_TASK_BOUND_TO_PROJECT_TEMPLATE_NOT_TEMPLATE_ACTIVITY,,
tareas,TSK000541,task,✅Lista de Tareas,557,PRJ0031,Colegio Refous,Colegio Refous,Soporte,Schoolpack,support,Capacitación,Actividad,TSK000541,96962 - Capacitación Cobros ocasionales (Recibos con Clave) (Pendiente Acta),2.0,2026-02-25,2026-02-25,true,Hecho,Alto,Sebastian Ballesteros,N/A,9am,support:ACT-320,,,,,,,,,,,,,,,,,,,,,,,,,,,,,,,"{""B"": ""Colegio Refous"", ""C"": ""96962 - Capacitación Cobros ocasionales (Recibos con Clave) (Pendiente Acta)"", ""D"": ""2.0"", ""E"": ""46078.0"", ""F"": true, ""G"": ""46078.0"", ""H"": ""Hecho"", ""I"": ""Alto"", ""J"": ""N/A"", ""K"": ""Sebastian Ballesteros"", ""L"": ""9am""}","{""J"": """"}",support,TASK_BELONGS_TO_PROJECT_TEMPLATE,HISTORICAL_TASK_BOUND_TO_PROJECT_TEMPLATE_NOT_TEMPLATE_ACTIVITY,,
tareas,TSK000542,task,✅Lista de Tareas,558,PRJ0031,Colegio Refous,Colegio Refous,Soporte,Schoolpack,support,Facturación electrónica,Actividad,TSK000542,"87027 - Extracurriculares para padres de familia (PENDIENTE ACTA) y inclusión de los padres como estudiantes, preguntan del proceso",2.0,2026-02-26,2026-03-03,true,Hecho,Alto,Sebastian Ballesteros,N/A,2:30pm,support:ACT-321,,,,,,,,,,,,,,,,,,,,,,,,,,,,,,,"{""B"": ""Colegio Refous"", ""C"": ""87027 - Extracurriculares para padres de familia (PENDIENTE ACTA) y inclusión de los padres como estudiantes, preguntan del proceso"", ""D"": ""2.0"", ""E"": ""46079.0"", ""F"": true, ""G"": ""46084.0"", ""H"": ""Hecho"", ""I"": ""Alto"", ""J"": ""N/A"", ""K"": ""Sebastian Ballesteros"", ""L"": ""2:30pm""}","{""J"": """"}",support,TASK_BELONGS_TO_PROJECT_TEMPLATE,HISTORICAL_TASK_BOUND_TO_PROJECT_TEMPLATE_NOT_TEMPLATE_ACTIVITY,,
tareas,TSK000543,task,✅Lista de Tareas,559,PRJ0034,Incolmotos - Escuelas Musicales,Incolmotos - Escuelas Musicales,Implementación,Campuspack,implementation_campuspack,Migración / Importadores,Actividad,TSK000543,"Capacitación persona nueva, diligenciamiento importador Personas",,2026-05-12,2026-05-12,true,Hecho,Alto,Sebastian Ballesteros,N/A,,implementation_campuspack:ACT-152,,,,,,,,,,,,,,,,,,,,,,,,,,,,,,,"{""B"": ""Incolmotos - Escuelas Musicales"", ""C"": ""Capacitación persona nueva, diligenciamiento importador Personas"", ""E"": ""46154.0"", ""F"": true, ""G"": ""46154.0"", ""H"": ""Hecho"", ""I"": ""Alto"", ""J"": ""N/A"", ""K"": ""Sebastian Ballesteros""}","{""J"": ""IF(OR(F559=TRUE,G559>0,H559=\""Done\"",ISBLANK(E559)),\""N/A\"",IF($B$5<=E559,\""N/A\"",\""Overdue\""))""}",implementation_campuspack,TASK_BELONGS_TO_PROJECT_TEMPLATE,HISTORICAL_TASK_BOUND_TO_PROJECT_TEMPLATE_NOT_TEMPLATE_ACTIVITY,,
tareas,TSK000544,task,✅Lista de Tareas,560,PRJ0031,Colegio Refous,Colegio Refous,Soporte,Schoolpack,support,Financiero,Actividad,TSK000544,Automatización financiera: Fase de pruebas y solicitud de requerimientos,1.0,2026-03-26,2026-04-03,false,En espera,Alto,Sebastian Ballesteros,N/A,,support:ACT-322,,,,,,,,,,,,,,,,,,,,,,,,,,,,,,,"{""B"": ""Colegio Refous"", ""C"": ""Automatización financiera: Fase de pruebas y solicitud de requerimientos "", ""D"": ""1.0"", ""E"": ""46107.0"", ""F"": false, ""G"": ""46115.0"", ""H"": ""En espera"", ""I"": ""Alto"", ""J"": ""N/A"", ""K"": ""Sebastian Ballesteros""}","{""J"": ""if(or(F560=TRUE,G560>0,H560=\""Done\"",isblank(E560)),\""N/A\"",if($B$5<=E560,\""N/A\"",\""Overdue\""))""}",support,TASK_BELONGS_TO_PROJECT_TEMPLATE,HISTORICAL_TASK_BOUND_TO_PROJECT_TEMPLATE_NOT_TEMPLATE_ACTIVITY,,
tareas,TSK000545,task,✅Lista de Tareas,561,PRJ0031,Colegio Refous,Colegio Refous,Soporte,Schoolpack,support,Financiero,Actividad,TSK000545,Automatización financiera: Capacitación y entrega,2.0,2026-07-13,2026-07-13,false,Hecho,Alto,Sebastian Ballesteros,N/A,,support:ACT-323,,,,,,,,,,,,,,,,,,,,,,,,,,,,,,,"{""B"": ""Colegio Refous"", ""C"": ""Automatización financiera: Capacitación y entrega"", ""D"": ""2.0"", ""E"": ""46216.0"", ""F"": false, ""G"": ""46216.0"", ""H"": ""Hecho"", ""I"": ""Alto"", ""J"": ""N/A"", ""K"": ""Sebastian Ballesteros""}","{""J"": """"}",support,TASK_BELONGS_TO_PROJECT_TEMPLATE,HISTORICAL_TASK_BOUND_TO_PROJECT_TEMPLATE_NOT_TEMPLATE_ACTIVITY,,
tareas,TSK000546,task,✅Lista de Tareas,562,PRJ0003,The English School,The English School,Soporte,Schoolpack,support,Facturación electrónica,Actividad,TSK000546,Incidencias Doble responsable financiero: realizar la validación correspondiente en los cobros por estudiante y operaciones masivas,2.0,2026-02-20,2026-02-23,true,Hecho,Alto,Sebastian Ballesteros,N/A,,support:ACT-324,,,,,,,,,,,,,,,,,,,,,,,,,,,,,,,"{""B"": ""The English School"", ""C"": ""Incidencias Doble responsable financiero: realizar la validación correspondiente en los cobros por estudiante y operaciones masivas"", ""D"": ""2.0"", ""E"": ""46073.0"", ""F"": true, ""G"": ""46076.0"", ""H"": ""Hecho"", ""I"": ""Alto"", ""J"": ""N/A"", ""K"": ""Sebastian Ballesteros""}","{""J"": """"}",support,TASK_BELONGS_TO_PROJECT_TEMPLATE,HISTORICAL_TASK_BOUND_TO_PROJECT_TEMPLATE_NOT_TEMPLATE_ACTIVITY,,
tareas,TSK000547,task,✅Lista de Tareas,563,PRJ0008,Corazonistas,Corazonistas,Soporte,Implementado,support,Capacitación,Actividad,TSK000547,86617 - Configuración y capacitación Extracurriculares sin cambios Corazonista Antonio Nariño (Confirmar Jennifer el Aval) (PENDIENTE ACTA),2.0,2026-02-16,2026-02-23,true,Hecho,Urgente,Sebastian Ballesteros,,3:30pm con sebas,support:ACT-325,,,,,,,,,,,,,,,,,,,,,,,,,,,,,,,"{""B"": ""Corazonistas"", ""C"": ""86617 - Configuración y capacitación Extracurriculares sin cambios Corazonista Antonio Nariño (Confirmar Jennifer el Aval) (PENDIENTE ACTA)"", ""D"": ""2.0"", ""E"": ""46069.0"", ""F"": true, ""G"": ""46076.0"", ""H"": ""Hecho"", ""I"": ""Urgente"", ""K"": ""Sebastian Ballesteros"", ""L"": ""3:30pm con sebas""}",{},support,TASK_BELONGS_TO_PROJECT_TEMPLATE,HISTORICAL_TASK_BOUND_TO_PROJECT_TEMPLATE_NOT_TEMPLATE_ACTIVITY,,
tareas,TSK000548,task,✅Lista de Tareas,564,PRJ0031,Colegio Refous,Colegio Refous,Soporte,Schoolpack,support,Otros,Actividad,TSK000548,Sesión presencial: Modelo Preescolar,3.0,2026-02-27,2026-02-27,true,Hecho,Alto,Carmen Donoso,N/A,"7am (Boletin de preescolar el 4 de marzo, Lore hace reportes Lunes y martes 2 y 3MAR)",support:ACT-326,,,,,,,,,,,,,,,,,,,,,,,,,,,,,,,"{""B"": ""Colegio Refous"", ""C"": ""Sesión presencial: Modelo Preescolar "", ""D"": ""3.0"", ""E"": ""46080.0"", ""F"": true, ""G"": ""46080.0"", ""H"": ""Hecho"", ""I"": ""Alto"", ""J"": ""N/A"", ""K"": ""Carmen Donoso"", ""L"": ""7am (Boletin de preescolar el 4 de marzo, Lore hace reportes Lunes y martes 2 y 3MAR)""}","{""J"": ""if(or(F564=TRUE,G564>0,H564=\""Done\"",isblank(E564)),\""N/A\"",if($B$5<=E564,\""N/A\"",\""Overdue\""))""}",support,TASK_BELONGS_TO_PROJECT_TEMPLATE,HISTORICAL_TASK_BOUND_TO_PROJECT_TEMPLATE_NOT_TEMPLATE_ACTIVITY,,
tareas,TSK000549,task,✅Lista de Tareas,565,PRJ0003,The English School,The English School,Soporte,Schoolpack,support,Admisiones,Actividad,TSK000549,Personalización: Admisiones (Documentación) Revisar y enviar a cotización,,2026-03-03,2026-03-10,true,Hecho,Urgente,Carmen Donoso,,,support:ACT-327,,,,,,,,,,,,,,,,,,,,,,,,,,,,,,,"{""B"": ""The English School"", ""C"": ""Personalización: Admisiones (Documentación) Revisar y enviar a cotización "", ""E"": ""46084.0"", ""F"": true, ""G"": ""46091.0"", ""H"": ""Hecho"", ""I"": ""Urgente"", ""K"": ""Carmen Donoso""}",{},support,TASK_BELONGS_TO_PROJECT_TEMPLATE,HISTORICAL_TASK_BOUND_TO_PROJECT_TEMPLATE_NOT_TEMPLATE_ACTIVITY,,
tareas,TSK000550,task,✅Lista de Tareas,566,PRJ0043,Upwaresoft,Upwaresoft,Soporte,Implementado,support,Otros,Actividad,TSK000550,Compromisos y actividades KIAI,1.0,2026-02-24,2026-03-03,true,Hecho,Alto,Sebastian Ballesteros,N/A,,support:ACT-328,,,,,,,,,,,,,,,,,,,,,,,,,,,,,,,"{""B"": ""Upwaresoft"", ""C"": ""Compromisos y actividades KIAI"", ""D"": ""1.0"", ""E"": ""46077.0"", ""F"": true, ""G"": ""46084.0"", ""H"": ""Hecho"", ""I"": ""Alto"", ""J"": ""N/A"", ""K"": ""Sebastian Ballesteros""}","{""J"": ""if(or(F566=TRUE,G566>0,H566=\""Done\"",isblank(E566)),\""N/A\"",if($B$5<=E566,\""N/A\"",\""Overdue\""))""}",support,TASK_BELONGS_TO_PROJECT_TEMPLATE,HISTORICAL_TASK_BOUND_TO_PROJECT_TEMPLATE_NOT_TEMPLATE_ACTIVITY,,
tareas,TSK000551,task,✅Lista de Tareas,567,PRJ0015,KIAI,KIAI,Soporte,Schoolpack,support,Otros,Actividad,TSK000551,Don guille expondrá un servicio con la finalidad de que kiai se conecte y emita la informacion de las facturas,1.0,2026-02-24,2026-03-03,false,En espera,Alto,Sebastian Ballesteros,N/A,,support:ACT-329,,,,,,,,,,,,,,,,,,,,,,,,,,,,,,,"{""B"": ""KIAI"", ""C"": ""Don guille expondrá un servicio con la finalidad de que kiai se conecte y emita la informacion de las facturas"", ""D"": ""1.0"", ""E"": ""46077.0"", ""F"": false, ""G"": ""46084.0"", ""H"": ""En espera"", ""I"": ""Alto"", ""J"": ""N/A"", ""K"": ""Sebastian Ballesteros""}","{""J"": """"}",support,TASK_BELONGS_TO_PROJECT_TEMPLATE,HISTORICAL_TASK_BOUND_TO_PROJECT_TEMPLATE_NOT_TEMPLATE_ACTIVITY,,
tareas,TSK000552,task,✅Lista de Tareas,568,PRJ0015,KIAI,KIAI,Soporte,Schoolpack,support,Reuniones y coordinación,Actividad,TSK000552,Generar reunion con maritza para validar los campos del JSON y crear la estructura,1.0,2026-02-24,2026-03-03,false,En espera,Alto,Sebastian Ballesteros,N/A,,support:ACT-330,,,,,,,,,,,,,,,,,,,,,,,,,,,,,,,"{""B"": ""KIAI"", ""C"": ""Generar reunion con maritza para validar los campos del JSON y crear la estructura"", ""D"": ""1.0"", ""E"": ""46077.0"", ""F"": false, ""G"": ""46084.0"", ""H"": ""En espera"", ""I"": ""Alto"", ""J"": ""N/A"", ""K"": ""Sebastian Ballesteros""}","{""J"": """"}",support,TASK_BELONGS_TO_PROJECT_TEMPLATE,HISTORICAL_TASK_BOUND_TO_PROJECT_TEMPLATE_NOT_TEMPLATE_ACTIVITY,,
tareas,TSK000553,task,✅Lista de Tareas,569,PRJ0020,Comfaboy,Comfaboy,Soporte,Schoolpack,support,Botón de pagos,Actividad,TSK000553,Botón de pagos: Codigo de servicio entrego eCollect,1.0,2026-03-03,2026-03-05,true,Hecho,Alto,Sebastian Ballesteros,N/A,10am,support:ACT-331,,,,,,,,,,,,,,,,,,,,,,,,,,,,,,,"{""B"": ""Comfaboy"", ""C"": ""Botón de pagos: Codigo de servicio entrego eCollect"", ""D"": ""1.0"", ""E"": ""46084.0"", ""F"": true, ""G"": ""46086.0"", ""H"": ""Hecho"", ""I"": ""Alto"", ""J"": ""N/A"", ""K"": ""Sebastian Ballesteros"", ""L"": ""10am""}","{""J"": """"}",support,TASK_BELONGS_TO_PROJECT_TEMPLATE,HISTORICAL_TASK_BOUND_TO_PROJECT_TEMPLATE_NOT_TEMPLATE_ACTIVITY,,
tareas,TSK000554,task,✅Lista de Tareas,570,PRJ0020,Comfaboy,Comfaboy,Soporte,Schoolpack,support,Botón de pagos,Actividad,TSK000554,Botón de pagos: Pruebas y entrega en ambiente de pruebas con los colegios,2.0,2026-03-20,2026-03-25,true,Hecho,Alto,Jhoec Camayo,N/A,,support:ACT-332,,,,,,,,,,,,,,,,,,,,,,,,,,,,,,,"{""B"": ""Comfaboy"", ""C"": ""Botón de pagos: Pruebas y entrega en ambiente de pruebas con los colegios"", ""D"": ""2.0"", ""E"": ""46101.0"", ""F"": true, ""G"": ""46106.0"", ""H"": ""Hecho"", ""I"": ""Alto"", ""J"": ""N/A"", ""K"": ""Jhoec Camayo""}","{""J"": """"}",support,TASK_BELONGS_TO_PROJECT_TEMPLATE,HISTORICAL_TASK_BOUND_TO_PROJECT_TEMPLATE_NOT_TEMPLATE_ACTIVITY,,
tareas,TSK000555,task,✅Lista de Tareas,571,PRJ0020,Comfaboy,Comfaboy,Soporte,Schoolpack,support,Botón de pagos,Actividad,TSK000555,Comunicarse con eCollect para averiguar el estado el Botón de pagos,1.0,2026-02-27,2026-02-27,true,Hecho,Urgente,Sebastian Ballesteros,N/A,,support:ACT-333,,,,,,,,,,,,,,,,,,,,,,,,,,,,,,,"{""B"": ""Comfaboy"", ""C"": ""Comunicarse con eCollect para averiguar el estado el Botón de pagos"", ""D"": ""1.0"", ""E"": ""46080.0"", ""F"": true, ""G"": ""46080.0"", ""H"": ""Hecho"", ""I"": ""Urgente"", ""J"": ""N/A"", ""K"": ""Sebastian Ballesteros""}","{""J"": """"}",support,TASK_BELONGS_TO_PROJECT_TEMPLATE,HISTORICAL_TASK_BOUND_TO_PROJECT_TEMPLATE_NOT_TEMPLATE_ACTIVITY,,
tareas,TSK000556,task,✅Lista de Tareas,572,PRJ0038,Institución Universitaria ESCOLME,Institución Universitaria ESCOLME,Soporte,Schoolpack,support,Capacitación,Actividad,TSK000556,"Capacitación Esenciales (Personal, Mi institución y Protección)",3.0,2026-03-09,2026-03-09,true,Hecho,Alto,Geraldine Araque,N/A,,support:ACT-334,,,,,,,,,,,,,,,,,,,,,,,,,,,,,,,"{""B"": ""Institución Universitaria ESCOLME"", ""C"": ""Capacitación Esenciales (Personal, Mi institución y Protección)"", ""D"": ""3.0"", ""E"": ""46090.0"", ""F"": true, ""G"": ""46090.0"", ""H"": ""Hecho"", ""I"": ""Alto"", ""J"": ""N/A"", ""K"": ""Geraldine Araque""}","{""J"": """"}",support,TASK_BELONGS_TO_PROJECT_TEMPLATE,HISTORICAL_TASK_BOUND_TO_PROJECT_TEMPLATE_NOT_TEMPLATE_ACTIVITY,,
tareas,TSK000557,task,✅Lista de Tareas,573,PRJ0038,Institución Universitaria ESCOLME,Institución Universitaria ESCOLME,Soporte,Schoolpack,support,Académico,Actividad,TSK000557,Capacitación Configuración Académica y Matriculas,2.0,2026-03-10,2026-03-10,true,Hecho,Alto,Carmen Donoso,N/A,1pm,support:ACT-335,,,,,,,,,,,,,,,,,,,,,,,,,,,,,,,"{""B"": ""Institución Universitaria ESCOLME"", ""C"": ""Capacitación Configuración Académica y Matriculas"", ""D"": ""2.0"", ""E"": ""46091.0"", ""F"": true, ""G"": ""46091.0"", ""H"": ""Hecho"", ""I"": ""Alto"", ""J"": ""N/A"", ""K"": ""Carmen Donoso"", ""L"": ""1pm""}","{""J"": """"}",support,TASK_BELONGS_TO_PROJECT_TEMPLATE,HISTORICAL_TASK_BOUND_TO_PROJECT_TEMPLATE_NOT_TEMPLATE_ACTIVITY,,
tareas,TSK000558,task,✅Lista de Tareas,574,PRJ0038,Institución Universitaria ESCOLME,Institución Universitaria ESCOLME,Soporte,Schoolpack,support,Académico,Actividad,TSK000558,"Capacitación Valoraciones, Planeador, Programación de trabajo extra",2.0,2026-03-11,2026-03-11,true,Hecho,Alto,Sebastian Ballesteros,N/A,,support:ACT-336,,,,,,,,,,,,,,,,,,,,,,,,,,,,,,,"{""B"": ""Institución Universitaria ESCOLME"", ""C"": ""Capacitación Valoraciones, Planeador, Programación de trabajo extra"", ""D"": ""2.0"", ""E"": ""46092.0"", ""F"": true, ""G"": ""46092.0"", ""H"": ""Hecho"", ""I"": ""Alto"", ""J"": ""N/A"", ""K"": ""Sebastian Ballesteros""}","{""J"": """"}",support,TASK_BELONGS_TO_PROJECT_TEMPLATE,HISTORICAL_TASK_BOUND_TO_PROJECT_TEMPLATE_NOT_TEMPLATE_ACTIVITY,,
tareas,TSK000559,task,✅Lista de Tareas,575,PRJ0003,The English School,The English School,Soporte,Schoolpack,support,Admisiones,Actividad,TSK000559,Personalización: Admisiones (Documentación) Revisión,1.0,2026-03-12,2026-03-12,true,Hecho,Urgente,Carmen Donoso,,,support:ACT-337,,,,,,,,,,,,,,,,,,,,,,,,,,,,,,,"{""B"": ""The English School"", ""C"": ""Personalización: Admisiones (Documentación) Revisión "", ""D"": ""1.0"", ""E"": ""46093.0"", ""F"": true, ""G"": ""46093.0"", ""H"": ""Hecho"", ""I"": ""Urgente"", ""K"": ""Carmen Donoso""}",{},support,TASK_BELONGS_TO_PROJECT_TEMPLATE,HISTORICAL_TASK_BOUND_TO_PROJECT_TEMPLATE_NOT_TEMPLATE_ACTIVITY,,
tareas,TSK000560,task,✅Lista de Tareas,576,PRJ0003,The English School,The English School,Soporte,Schoolpack,support,Admisiones,Actividad,TSK000560,Personalización: Admisiones (Documentación) Revisión,1.0,2026-03-12,2026-03-12,true,Hecho,Urgente,Sebastian Ballesteros,,,support:ACT-337,,,,,,,,,,,,,,,,,,,,,,,,,,,,,,,"{""B"": ""The English School"", ""C"": ""Personalización: Admisiones (Documentación) Revisión "", ""D"": ""1.0"", ""E"": ""46093.0"", ""F"": true, ""G"": ""46093.0"", ""H"": ""Hecho"", ""I"": ""Urgente"", ""K"": ""Sebastian Ballesteros""}",{},support,TASK_BELONGS_TO_PROJECT_TEMPLATE,HISTORICAL_TASK_BOUND_TO_PROJECT_TEMPLATE_NOT_TEMPLATE_ACTIVITY,,
tareas,TSK000561,task,✅Lista de Tareas,577,PRJ0003,The English School,The English School,Soporte,Schoolpack,support,Admisiones,Actividad,TSK000561,Personalización: Admisiones: Entrega de la documentación,1.0,2026-05-08,2026-05-12,true,Hecho,Urgente,Carmen Donoso,,,support:ACT-338,,,,,,,,,,,,,,,,,,,,,,,,,,,,,,,"{""B"": ""The English School"", ""C"": ""Personalización: Admisiones: Entrega de la documentación"", ""D"": ""1.0"", ""E"": ""46150.0"", ""F"": true, ""G"": ""46154.0"", ""H"": ""Hecho"", ""I"": ""Urgente"", ""K"": ""Carmen Donoso""}",{},support,TASK_BELONGS_TO_PROJECT_TEMPLATE,HISTORICAL_TASK_BOUND_TO_PROJECT_TEMPLATE_NOT_TEMPLATE_ACTIVITY,,
tareas,TSK000562,task,✅Lista de Tareas,578,PRJ0038,Institución Universitaria ESCOLME,Institución Universitaria ESCOLME,Soporte,Schoolpack,support,Capacitación,Actividad,TSK000562,"Capacitación Practica empresarias, SNIES y Evaluación Institucional",2.0,2026-03-19,2026-03-19,true,Hecho,Alto,Carmen Donoso,N/A,11am a 1pm,support:ACT-339,,,,,,,,,,,,,,,,,,,,,,,,,,,,,,,"{""B"": ""Institución Universitaria ESCOLME"", ""C"": ""Capacitación Practica empresarias, SNIES y Evaluación Institucional"", ""D"": ""2.0"", ""E"": ""46100.0"", ""F"": true, ""G"": ""46100.0"", ""H"": ""Hecho"", ""I"": ""Alto"", ""J"": ""N/A"", ""K"": ""Carmen Donoso"", ""L"": ""11am a 1pm""}","{""J"": ""if(or(F578=TRUE,G578>0,H578=\""Done\"",isblank(E578)),\""N/A\"",if($B$5<=E578,\""N/A\"",\""Overdue\""))""}",support,TASK_BELONGS_TO_PROJECT_TEMPLATE,HISTORICAL_TASK_BOUND_TO_PROJECT_TEMPLATE_NOT_TEMPLATE_ACTIVITY,,
tareas,TSK000563,task,✅Lista de Tareas,579,PRJ0038,Institución Universitaria ESCOLME,Institución Universitaria ESCOLME,Soporte,Schoolpack,support,Capacitación,Actividad,TSK000563,Capacitación Recursos Físicos,2.0,2026-03-12,2026-03-12,true,Hecho,Alto,Carmen Donoso,N/A,,support:ACT-340,,,,,,,,,,,,,,,,,,,,,,,,,,,,,,,"{""B"": ""Institución Universitaria ESCOLME"", ""C"": ""Capacitación Recursos Físicos"", ""D"": ""2.0"", ""E"": ""46093.0"", ""F"": true, ""G"": ""46093.0"", ""H"": ""Hecho"", ""I"": ""Alto"", ""J"": ""N/A"", ""K"": ""Carmen Donoso""}","{""J"": """"}",support,TASK_BELONGS_TO_PROJECT_TEMPLATE,HISTORICAL_TASK_BOUND_TO_PROJECT_TEMPLATE_NOT_TEMPLATE_ACTIVITY,,
tareas,TSK000564,task,✅Lista de Tareas,580,PRJ0038,Institución Universitaria ESCOLME,Institución Universitaria ESCOLME,Soporte,Schoolpack,support,Admisiones,Actividad,TSK000564,Capacitación Admisiones y Matriculas Web,2.0,2026-03-12,2026-03-12,true,Hecho,Alto,Carmen Donoso,N/A,10am,support:ACT-341,,,,,,,,,,,,,,,,,,,,,,,,,,,,,,,"{""B"": ""Institución Universitaria ESCOLME"", ""C"": ""Capacitación Admisiones y Matriculas Web"", ""D"": ""2.0"", ""E"": ""46093.0"", ""F"": true, ""G"": ""46093.0"", ""H"": ""Hecho"", ""I"": ""Alto"", ""J"": ""N/A"", ""K"": ""Carmen Donoso"", ""L"": ""10am""}","{""J"": """"}",support,TASK_BELONGS_TO_PROJECT_TEMPLATE,HISTORICAL_TASK_BOUND_TO_PROJECT_TEMPLATE_NOT_TEMPLATE_ACTIVITY,,
tareas,TSK000565,task,✅Lista de Tareas,581,PRJ0038,Institución Universitaria ESCOLME,Institución Universitaria ESCOLME,Soporte,Schoolpack,support,Admisiones,Actividad,TSK000565,Capacitación Admisiones y Matriculas Web,2.0,2026-03-12,2026-03-12,true,Hecho,Alto,Sebastian Ballesteros,N/A,,support:ACT-341,,,,,,,,,,,,,,,,,,,,,,,,,,,,,,,"{""B"": ""Institución Universitaria ESCOLME"", ""C"": ""Capacitación Admisiones y Matriculas Web"", ""D"": ""2.0"", ""E"": ""46093.0"", ""F"": true, ""G"": ""46093.0"", ""H"": ""Hecho"", ""I"": ""Alto"", ""J"": ""N/A"", ""K"": ""Sebastian Ballesteros""}","{""J"": """"}",support,TASK_BELONGS_TO_PROJECT_TEMPLATE,HISTORICAL_TASK_BOUND_TO_PROJECT_TEMPLATE_NOT_TEMPLATE_ACTIVITY,,
tareas,TSK000566,task,✅Lista de Tareas,582,PRJ0038,Institución Universitaria ESCOLME,Institución Universitaria ESCOLME,Soporte,Schoolpack,support,Capacitación,Actividad,TSK000566,Capacitación Bienestar y Biblioteca,4.0,2026-03-13,2026-03-13,true,Hecho,Alto,Sebastian Ballesteros,N/A,,support:ACT-342,,,,,,,,,,,,,,,,,,,,,,,,,,,,,,,"{""B"": ""Institución Universitaria ESCOLME"", ""C"": ""Capacitación Bienestar y Biblioteca"", ""D"": ""4.0"", ""E"": ""46094.0"", ""F"": true, ""G"": ""46094.0"", ""H"": ""Hecho"", ""I"": ""Alto"", ""J"": ""N/A"", ""K"": ""Sebastian Ballesteros""}","{""J"": ""IF(OR(F582=TRUE,G582>0,H582=\""Done\"",ISBLANK(E582)),\""N/A\"",IF($B$5<=E582,\""N/A\"",\""Overdue\""))""}",support,TASK_BELONGS_TO_PROJECT_TEMPLATE,HISTORICAL_TASK_BOUND_TO_PROJECT_TEMPLATE_NOT_TEMPLATE_ACTIVITY,,
tareas,TSK000567,task,✅Lista de Tareas,583,PRJ0038,Institución Universitaria ESCOLME,Institución Universitaria ESCOLME,Soporte,Schoolpack,support,Capacitación,Actividad,TSK000567,Capacitación Bienestar y Biblioteca,4.0,2026-03-13,2026-03-13,true,Hecho,Alto,Carmen Donoso,N/A,,support:ACT-342,,,,,,,,,,,,,,,,,,,,,,,,,,,,,,,"{""B"": ""Institución Universitaria ESCOLME"", ""C"": ""Capacitación Bienestar y Biblioteca"", ""D"": ""4.0"", ""E"": ""46094.0"", ""F"": true, ""G"": ""46094.0"", ""H"": ""Hecho"", ""I"": ""Alto"", ""J"": ""N/A"", ""K"": ""Carmen Donoso""}","{""J"": ""if(or(F583=TRUE,G583>0,H583=\""Done\"",isblank(E583)),\""N/A\"",if($B$5<=E583,\""N/A\"",\""Overdue\""))""}",support,TASK_BELONGS_TO_PROJECT_TEMPLATE,HISTORICAL_TASK_BOUND_TO_PROJECT_TEMPLATE_NOT_TEMPLATE_ACTIVITY,,
tareas,TSK000568,task,✅Lista de Tareas,584,PRJ0038,Institución Universitaria ESCOLME,Institución Universitaria ESCOLME,Soporte,Schoolpack,support,Financiero,Actividad,TSK000568,Capacitación Financiera (PENDIENTE ACTA),3.0,2026-03-20,2026-03-20,true,Hecho,Alto,Sebastian Ballesteros,N/A,2pm,support:ACT-305,,,,,,,,,,,,,,,,,,,,,,,,,,,,,,,"{""B"": ""Institución Universitaria ESCOLME"", ""C"": ""Capacitación Financiera (PENDIENTE ACTA)"", ""D"": ""3.0"", ""E"": ""46101.0"", ""F"": true, ""G"": ""46101.0"", ""H"": ""Hecho"", ""I"": ""Alto"", ""J"": ""N/A"", ""K"": ""Sebastian Ballesteros"", ""L"": ""2pm""}","{""J"": """"}",support,TASK_BELONGS_TO_PROJECT_TEMPLATE,HISTORICAL_TASK_BOUND_TO_PROJECT_TEMPLATE_NOT_TEMPLATE_ACTIVITY,,
tareas,TSK000569,task,✅Lista de Tareas,585,PRJ0002,Fundación Incolmotos Yamaha,Fundación Incolmotos Yamaha,Soporte,Campuspack,support,Admisiones,Actividad,TSK000569,"Sesión para definir comprobante de Admisiones, adjuntarlo",2.0,2026-03-05,2026-03-05,true,Hecho,Alto,Carmen Donoso,N/A,,support:ACT-343,,,,,,,,,,,,,,,,,,,,,,,,,,,,,,,"{""B"": ""Fundación Incolmotos Yamaha"", ""C"": ""Sesión para definir comprobante de Admisiones, adjuntarlo"", ""D"": ""2.0"", ""E"": ""46086.0"", ""F"": true, ""G"": ""46086.0"", ""H"": ""Hecho"", ""I"": ""Alto"", ""J"": ""N/A"", ""K"": ""Carmen Donoso""}","{""J"": """"}",support,TASK_BELONGS_TO_PROJECT_TEMPLATE,HISTORICAL_TASK_BOUND_TO_PROJECT_TEMPLATE_NOT_TEMPLATE_ACTIVITY,,
tareas,TSK000570,task,✅Lista de Tareas,586,PRJ0004,Corp.Edu Dr. Amin Ariza,Corp.Edu Dr. Amin Ariza,Implementación,Campuspack,implementation_campuspack,Reuniones y coordinación,Actividad,TSK000570,Sesión de trabajo en Conjunto 3: Acompañamiento Caracterización academica,2.0,2026-03-17,2026-03-17,true,Hecho,Alto,Carmen Donoso,N/A,"Horarios, Entrega info de Q10 el 10 de marzo",implementation_campuspack:ACT-153,,,,,,,,,,,,,,,,,,,,,,,,,,,,,,,"{""B"": ""Corp.Edu Dr. Amin Ariza"", ""C"": ""Sesión de trabajo en Conjunto 3: Acompañamiento Caracterización academica"", ""D"": ""2.0"", ""E"": ""46098.0"", ""F"": true, ""G"": ""46098.0"", ""H"": ""Hecho"", ""I"": ""Alto"", ""J"": ""N/A"", ""K"": ""Carmen Donoso"", ""L"": ""Horarios, Entrega info de Q10 el 10 de marzo""}","{""J"": ""IF(OR(F586=TRUE,G586>0,H586=\""Done\"",ISBLANK(E586)),\""N/A\"",IF($B$5<=E586,\""N/A\"",\""Overdue\""))""}",implementation_campuspack,TASK_BELONGS_TO_PROJECT_TEMPLATE,HISTORICAL_TASK_BOUND_TO_PROJECT_TEMPLATE_NOT_TEMPLATE_ACTIVITY,,
tareas,TSK000571,task,✅Lista de Tareas,587,PRJ0004,Corp.Edu Dr. Amin Ariza,Corp.Edu Dr. Amin Ariza,Implementación,Campuspack,implementation_campuspack,Reuniones y coordinación,Actividad,TSK000571,Sesión de trabajo en Conjunto 2: Acompañamiento Caracterización academica,2.0,2026-03-04,2026-03-04,true,Hecho,Alto,Carmen Donoso,N/A,"Horarios, Entrega info de Q10 el 10 de marzo",implementation_campuspack:ACT-154,,,,,,,,,,,,,,,,,,,,,,,,,,,,,,,"{""B"": ""Corp.Edu Dr. Amin Ariza"", ""C"": ""Sesión de trabajo en Conjunto 2: Acompañamiento Caracterización academica"", ""D"": ""2.0"", ""E"": ""46085.0"", ""F"": true, ""G"": ""46085.0"", ""H"": ""Hecho"", ""I"": ""Alto"", ""J"": ""N/A"", ""K"": ""Carmen Donoso"", ""L"": ""Horarios, Entrega info de Q10 el 10 de marzo""}","{""J"": """"}",implementation_campuspack,TASK_BELONGS_TO_PROJECT_TEMPLATE,HISTORICAL_TASK_BOUND_TO_PROJECT_TEMPLATE_NOT_TEMPLATE_ACTIVITY,,
tareas,TSK000572,task,✅Lista de Tareas,588,PRJ0025,Universidad de Envigado,Universidad de Envigado,Implementación,Campuspack,implementation_campuspack,Otros,Actividad,TSK000572,Proceso Cursos Cortos EDUCO - IUE,2.0,2026-03-09,2026-03-09,true,Hecho,Alto,Carmen Donoso,N/A,12 a 2pm,implementation_campuspack:ACT-155,,,,,,,,,,,,,,,,,,,,,,,,,,,,,,,"{""B"": ""Universidad de Envigado"", ""C"": ""Proceso Cursos Cortos EDUCO - IUE"", ""D"": ""2.0"", ""E"": ""46090.0"", ""F"": true, ""G"": ""46090.0"", ""H"": ""Hecho"", ""I"": ""Alto"", ""J"": ""N/A"", ""K"": ""Carmen Donoso"", ""L"": ""12 a 2pm""}","{""J"": """"}",implementation_campuspack,TASK_BELONGS_TO_PROJECT_TEMPLATE,HISTORICAL_TASK_BOUND_TO_PROJECT_TEMPLATE_NOT_TEMPLATE_ACTIVITY,,
tareas,TSK000573,task,✅Lista de Tareas,589,PRJ0022,INPEC,INPEC,Implementación,Campuspack,implementation_campuspack,Admisiones,Actividad,TSK000573,Entrega y actualización del desarrollo de admisiones,,2026-04-14,2026-04-14,true,Hecho,Alto,Carmen Donoso,,,implementation_campuspack:ACT-156,,,,,,,,,,,,,,,,,,,,,,,,,,,,,,,"{""B"": ""INPEC"", ""C"": ""Entrega y actualización del desarrollo de admisiones "", ""E"": ""46126.0"", ""F"": true, ""G"": ""46126.0"", ""H"": ""Hecho"", ""I"": ""Alto"", ""K"": ""Carmen Donoso""}",{},implementation_campuspack,TASK_BELONGS_TO_PROJECT_TEMPLATE,HISTORICAL_TASK_BOUND_TO_PROJECT_TEMPLATE_NOT_TEMPLATE_ACTIVITY,,
tareas,TSK000574,task,✅Lista de Tareas,590,PRJ0022,INPEC,INPEC,Implementación,Campuspack,implementation_campuspack,Documentación / Actas / Entrega,Actividad,TSK000574,Entrega de los Reportes de notas,1.0,2026-04-15,2026-04-15,true,Hecho,Alto,Carmen Donoso,,,implementation_campuspack:ACT-157,,,,,,,,,,,,,,,,,,,,,,,,,,,,,,,"{""B"": ""INPEC"", ""C"": ""Entrega de los Reportes de notas"", ""D"": ""1.0"", ""E"": ""46127.0"", ""F"": true, ""G"": ""46127.0"", ""H"": ""Hecho"", ""I"": ""Alto"", ""K"": ""Carmen Donoso""}",{},implementation_campuspack,TASK_BELONGS_TO_PROJECT_TEMPLATE,HISTORICAL_TASK_BOUND_TO_PROJECT_TEMPLATE_NOT_TEMPLATE_ACTIVITY,,
tareas,TSK000575,task,✅Lista de Tareas,591,PRJ0031,Colegio Refous,Colegio Refous,Soporte,Schoolpack,support,Integraciones,Actividad,TSK000575,"Interfaz Contable: SIIGO, Configuración en pruebas (Por archivos planos): Cambios solicitados de la interfaz , PRUEBAS",,2026-04-21,2026-05-06,true,Hecho,Alto,Sebastian Ballesteros,N/A,CORREO ,support:ACT-344,,,,,,,,,,,,,,,,,,,,,,,,,,,,,,,"{""B"": ""Colegio Refous"", ""C"": ""Interfaz Contable: SIIGO, Configuración en pruebas (Por archivos planos): Cambios solicitados de la interfaz , PRUEBAS"", ""E"": ""46133.0"", ""F"": true, ""G"": ""46148.0"", ""H"": ""Hecho"", ""I"": ""Alto"", ""J"": ""N/A"", ""K"": ""Sebastian Ballesteros"", ""L"": ""CORREO ""}","{""J"": ""if(or(F591=TRUE,G591>0,H591=\""Done\"",isblank(E591)),\""N/A\"",if($B$5<=E591,\""N/A\"",\""Overdue\""))""}",support,TASK_BELONGS_TO_PROJECT_TEMPLATE,HISTORICAL_TASK_BOUND_TO_PROJECT_TEMPLATE_NOT_TEMPLATE_ACTIVITY,,
tareas,TSK000576,task,✅Lista de Tareas,592,PRJ0031,Colegio Refous,Colegio Refous,Soporte,Schoolpack,support,Integraciones,Actividad,TSK000576,"Interfaz Contable: SIIGO, Configuración en pruebas (Por archivos planos): Cambios solicitados de la interfaz , PRUEBAS 2",,2026-04-21,2026-05-08,true,Hecho,Alto,Sebastian Ballesteros,N/A,CORREO ,support:ACT-345,,,,,,,,,,,,,,,,,,,,,,,,,,,,,,,"{""B"": ""Colegio Refous"", ""C"": ""Interfaz Contable: SIIGO, Configuración en pruebas (Por archivos planos): Cambios solicitados de la interfaz , PRUEBAS 2"", ""E"": ""46133.0"", ""F"": true, ""G"": ""46150.0"", ""H"": ""Hecho"", ""I"": ""Alto"", ""J"": ""N/A"", ""K"": ""Sebastian Ballesteros"", ""L"": ""CORREO ""}","{""J"": """"}",support,TASK_BELONGS_TO_PROJECT_TEMPLATE,HISTORICAL_TASK_BOUND_TO_PROJECT_TEMPLATE_NOT_TEMPLATE_ACTIVITY,,
tareas,TSK000577,task,✅Lista de Tareas,593,PRJ0031,Colegio Refous,Colegio Refous,Soporte,Schoolpack,support,Integraciones,Actividad,TSK000577,"Interfaz Contable: SIIGO, Configuración en pruebas (Por archivos planos): Cambios solicitados de la interfaz y paso a producción",,2026-05-19,2026-05-21,true,Hecho,Alto,Sebastian Ballesteros,N/A,,support:ACT-346,,,,,,,,,,,,,,,,,,,,,,,,,,,,,,,"{""B"": ""Colegio Refous"", ""C"": ""Interfaz Contable: SIIGO, Configuración en pruebas (Por archivos planos): Cambios solicitados de la interfaz y paso a producción"", ""E"": ""46161.0"", ""F"": true, ""G"": ""46163.0"", ""H"": ""Hecho"", ""I"": ""Alto"", ""J"": ""N/A"", ""K"": ""Sebastian Ballesteros""}","{""J"": """"}",support,TASK_BELONGS_TO_PROJECT_TEMPLATE,HISTORICAL_TASK_BOUND_TO_PROJECT_TEMPLATE_NOT_TEMPLATE_ACTIVITY,,
tareas,TSK000578,task,✅Lista de Tareas,594,PRJ0015,KIAI,KIAI,Soporte,Schoolpack,support,Configuración / Parametrización,Actividad,TSK000578,"Activación del correo de trasmisión con KIAI, con cliente de JALAM",,2026-04-28,2026-04-28,false,En progreso,Alto,Sebastian Ballesteros,N/A,,support:ACT-347,,,,,,,,,,,,,,,,,,,,,,,,,,,,,,,"{""B"": ""KIAI"", ""C"": ""Activación del correo de trasmisión con KIAI, con cliente de JALAM"", ""E"": ""46140.0"", ""F"": false, ""G"": ""46140.0"", ""H"": ""En progreso"", ""I"": ""Alto"", ""J"": ""N/A"", ""K"": ""Sebastian Ballesteros""}","{""J"": """"}",support,TASK_BELONGS_TO_PROJECT_TEMPLATE,HISTORICAL_TASK_BOUND_TO_PROJECT_TEMPLATE_NOT_TEMPLATE_ACTIVITY,,
tareas,TSK000579,task,✅Lista de Tareas,595,PRJ0031,Colegio Refous,Colegio Refous,Soporte,Schoolpack,support,Otros,Actividad,TSK000579,"Emisión de boletines Primaria Secundaria, PReescolar el Jueves",,2026-05-05,2026-05-07,true,Hecho,Alto,Carmen Donoso,N/A,,support:ACT-348,,,,,,,,,,,,,,,,,,,,,,,,,,,,,,,"{""B"": ""Colegio Refous"", ""C"": ""Emisión de boletines Primaria Secundaria, PReescolar el Jueves"", ""E"": ""46147.0"", ""F"": true, ""G"": ""46149.0"", ""H"": ""Hecho"", ""I"": ""Alto"", ""J"": ""N/A"", ""K"": ""Carmen Donoso""}","{""J"": """"}",support,TASK_BELONGS_TO_PROJECT_TEMPLATE,HISTORICAL_TASK_BOUND_TO_PROJECT_TEMPLATE_NOT_TEMPLATE_ACTIVITY,,
tareas,TSK000580,task,✅Lista de Tareas,596,PRJ0022,INPEC,INPEC,Implementación,Campuspack,implementation_campuspack,Documentación / Actas / Entrega,Actividad,TSK000580,Entrega de reportes completa,1.0,2026-04-28,2026-04-30,true,Hecho,Alto,Carmen Donoso,,,implementation_campuspack:ACT-158,,,,,,,,,,,,,,,,,,,,,,,,,,,,,,,"{""B"": ""INPEC"", ""C"": ""Entrega de reportes completa "", ""D"": ""1.0"", ""E"": ""46140.0"", ""F"": true, ""G"": ""46142.0"", ""H"": ""Hecho"", ""I"": ""Alto"", ""K"": ""Carmen Donoso""}",{},implementation_campuspack,TASK_BELONGS_TO_PROJECT_TEMPLATE,HISTORICAL_TASK_BOUND_TO_PROJECT_TEMPLATE_NOT_TEMPLATE_ACTIVITY,,
tareas,TSK000581,task,✅Lista de Tareas,597,PRJ0022,INPEC,INPEC,Implementación,Campuspack,implementation_campuspack,Documentación / Actas / Entrega,Actividad,TSK000581,Entrega de los Reportes de control de asistencia (Rutina no tenemos ese campo),1.0,2026-03-31,2026-05-12,true,Hecho,Alto,Carmen Donoso,,,implementation_campuspack:ACT-159,,,,,,,,,,,,,,,,,,,,,,,,,,,,,,,"{""B"": ""INPEC"", ""C"": ""Entrega de los Reportes de control de asistencia (Rutina no tenemos ese campo)"", ""D"": ""1.0"", ""E"": ""46112.0"", ""F"": true, ""G"": ""46154.0"", ""H"": ""Hecho"", ""I"": ""Alto"", ""K"": ""Carmen Donoso""}",{},implementation_campuspack,TASK_BELONGS_TO_PROJECT_TEMPLATE,HISTORICAL_TASK_BOUND_TO_PROJECT_TEMPLATE_NOT_TEMPLATE_ACTIVITY,,
tareas,TSK000582,task,✅Lista de Tareas,598,PRJ0022,INPEC,INPEC,Implementación,Campuspack,implementation_campuspack,Capacitación,Actividad,TSK000582,Capacitación Docente,2.0,2026-03-25,2026-03-25,true,Hecho,Alto,Carmen Donoso,,,implementation_campuspack:ACT-117,,,,,,,,,,,,,,,,,,,,,,,,,,,,,,,"{""B"": ""INPEC"", ""C"": ""Capacitación Docente"", ""D"": ""2.0"", ""E"": ""46106.0"", ""F"": true, ""G"": ""46106.0"", ""H"": ""Hecho"", ""I"": ""Alto"", ""K"": ""Carmen Donoso""}",{},implementation_campuspack,TASK_BELONGS_TO_PROJECT_TEMPLATE,HISTORICAL_TASK_BOUND_TO_PROJECT_TEMPLATE_NOT_TEMPLATE_ACTIVITY,,
tareas,TSK000583,task,✅Lista de Tareas,599,PRJ0022,INPEC,INPEC,Implementación,Campuspack,implementation_campuspack,Capacitación,Actividad,TSK000583,Capacitación Bienestar y Evaluación Institucional,3.0,2026-03-26,2026-03-26,true,Hecho,Alto,Carmen Donoso,,,implementation_campuspack:ACT-161,,,,,,,,,,,,,,,,,,,,,,,,,,,,,,,"{""B"": ""INPEC"", ""C"": ""Capacitación Bienestar y Evaluación Institucional"", ""D"": ""3.0"", ""E"": ""46107.0"", ""F"": true, ""G"": ""46107.0"", ""H"": ""Hecho"", ""I"": ""Alto"", ""K"": ""Carmen Donoso""}",{},implementation_campuspack,TASK_BELONGS_TO_PROJECT_TEMPLATE,HISTORICAL_TASK_BOUND_TO_PROJECT_TEMPLATE_NOT_TEMPLATE_ACTIVITY,,
tareas,TSK000584,task,✅Lista de Tareas,600,PRJ0031,Colegio Refous,Colegio Refous,Soporte,Schoolpack,support,Otros,Actividad,TSK000584,"Elaboración de boletin parcial, periodico y final de preescolar (OSE CON COSTO) ya esta en producción",2.0,2026-03-04,2026-04-01,true,Hecho,Alto,Carmen Donoso,N/A,Reportes ya los tiene Lore ,support:ACT-349,,,,,,,,,,,,,,,,,,,,,,,,,,,,,,,"{""B"": ""Colegio Refous"", ""C"": ""Elaboración de boletin parcial, periodico y final de preescolar (OSE CON COSTO) ya esta en producción"", ""D"": ""2.0"", ""E"": ""46085.0"", ""F"": true, ""G"": ""46113.0"", ""H"": ""Hecho"", ""I"": ""Alto"", ""J"": ""N/A"", ""K"": ""Carmen Donoso"", ""L"": ""Reportes ya los tiene Lore ""}","{""J"": ""if(or(F600=TRUE,G600>0,H600=\""Done\"",isblank(E600)),\""N/A\"",if($B$5<=E600,\""N/A\"",\""Overdue\""))""}",support,TASK_BELONGS_TO_PROJECT_TEMPLATE,HISTORICAL_TASK_BOUND_TO_PROJECT_TEMPLATE_NOT_TEMPLATE_ACTIVITY,,
tareas,TSK000585,task,✅Lista de Tareas,601,PRJ0031,Colegio Refous,Colegio Refous,Soporte,Schoolpack,support,Capacitación,Actividad,TSK000585,Capacitación de docentes,2.0,2026-03-13,2026-03-13,true,Hecho,Alto,Carmen Donoso,N/A,,support:ACT-90,,,,,,,,,,,,,,,,,,,,,,,,,,,,,,,"{""B"": ""Colegio Refous"", ""C"": ""Capacitación de docentes "", ""D"": ""2.0"", ""E"": ""46094.0"", ""F"": true, ""G"": ""46094.0"", ""H"": ""Hecho"", ""I"": ""Alto"", ""J"": ""N/A"", ""K"": ""Carmen Donoso""}","{""J"": """"}",support,TASK_BELONGS_TO_PROJECT_TEMPLATE,HISTORICAL_TASK_BOUND_TO_PROJECT_TEMPLATE_NOT_TEMPLATE_ACTIVITY,,
tareas,TSK000586,task,✅Lista de Tareas,602,PRJ0031,Colegio Refous,Colegio Refous,Soporte,Schoolpack,support,Configuración / Parametrización,Actividad,TSK000586,"Configuración y caracterización de dimensiones, grupos",2.0,2026-03-04,2026-03-04,true,Hecho,Alto,Carmen Donoso,N/A,,support:ACT-350,,,,,,,,,,,,,,,,,,,,,,,,,,,,,,,"{""B"": ""Colegio Refous"", ""C"": ""Configuración y caracterización de dimensiones, grupos"", ""D"": ""2.0"", ""E"": ""46085.0"", ""F"": true, ""G"": ""46085.0"", ""H"": ""Hecho"", ""I"": ""Alto"", ""J"": ""N/A"", ""K"": ""Carmen Donoso""}","{""J"": """"}",support,TASK_BELONGS_TO_PROJECT_TEMPLATE,HISTORICAL_TASK_BOUND_TO_PROJECT_TEMPLATE_NOT_TEMPLATE_ACTIVITY,,
tareas,TSK000587,task,✅Lista de Tareas,603,PRJ0031,Colegio Refous,Colegio Refous,Soporte,Schoolpack,support,Admisiones,Actividad,TSK000587,87509 - Implementación del proceso de admisiones: Capacitación,2.0,2026-04-24,2026-04-24,true,Hecho,Alto,Sebastian Ballesteros,N/A,8:15am,support:ACT-351,,,,,,,,,,,,,,,,,,,,,,,,,,,,,,,"{""B"": ""Colegio Refous"", ""C"": ""87509 - Implementación del proceso de admisiones: Capacitación"", ""D"": ""2.0"", ""E"": ""46136.0"", ""F"": true, ""G"": ""46136.0"", ""H"": ""Hecho"", ""I"": ""Alto"", ""J"": ""N/A"", ""K"": ""Sebastian Ballesteros"", ""L"": ""8:15am""}","{""J"": """"}",support,TASK_BELONGS_TO_PROJECT_TEMPLATE,HISTORICAL_TASK_BOUND_TO_PROJECT_TEMPLATE_NOT_TEMPLATE_ACTIVITY,,
tareas,TSK000588,task,✅Lista de Tareas,604,PRJ0038,Institución Universitaria ESCOLME,Institución Universitaria ESCOLME,Soporte,Schoolpack,support,Financiero,Actividad,TSK000588,Capacitación Financiera (Sesión de entendimiento con Julian),1.0,2026-03-12,2026-03-12,true,Hecho,Alto,Sebastian Ballesteros,N/A,,support:ACT-352,,,,,,,,,,,,,,,,,,,,,,,,,,,,,,,"{""B"": ""Institución Universitaria ESCOLME"", ""C"": ""Capacitación Financiera (Sesión de entendimiento con Julian)"", ""D"": ""1.0"", ""E"": ""46093.0"", ""F"": true, ""G"": ""46093.0"", ""H"": ""Hecho"", ""I"": ""Alto"", ""J"": ""N/A"", ""K"": ""Sebastian Ballesteros""}","{""J"": """"}",support,TASK_BELONGS_TO_PROJECT_TEMPLATE,HISTORICAL_TASK_BOUND_TO_PROJECT_TEMPLATE_NOT_TEMPLATE_ACTIVITY,,
tareas,TSK000589,task,✅Lista de Tareas,605,PRJ0020,Comfaboy,Comfaboy,Soporte,Schoolpack,support,Facturación electrónica,Actividad,TSK000589,86808 - Recaudo mediante tarjeta de crédito - Se pasaron Cartas autorizadoras y servicios a eCollect para activación,2.0,2026-06-19,2026-08-14,true,Hecho,Alto,Sebastian Ballesteros,N/A,,support:ACT-353,,,,,,,,,,,,,,,,,,,,,,,,,,,,,,,"{""B"": ""Comfaboy"", ""C"": ""86808 - Recaudo mediante tarjeta de crédito - Se pasaron Cartas autorizadoras y servicios a eCollect para activación"", ""D"": ""2.0"", ""E"": ""46192.0"", ""F"": true, ""G"": ""46248.0"", ""H"": ""Hecho"", ""I"": ""Alto"", ""J"": ""N/A"", ""K"": ""Sebastian Ballesteros""}","{""J"": """"}",support,TASK_BELONGS_TO_PROJECT_TEMPLATE,HISTORICAL_TASK_BOUND_TO_PROJECT_TEMPLATE_NOT_TEMPLATE_ACTIVITY,,
tareas,TSK000590,task,✅Lista de Tareas,606,PRJ0031,Colegio Refous,Colegio Refous,Soporte,Schoolpack,support,Botón de pagos,Actividad,TSK000590,Promotora en School WEB del Colegio Refous - Activación de tarjeta de crédito en el botón de pagos,2.0,2026-03-05,2026-04-07,true,Hecho,Alto,Jhoec Camayo,N/A,,support:ACT-354,,,,,,,,,,,,,,,,,,,,,,,,,,,,,,,"{""B"": ""Colegio Refous"", ""C"": ""Promotora en School WEB del Colegio Refous - Activación de tarjeta de crédito en el botón de pagos"", ""D"": ""2.0"", ""E"": ""46086.0"", ""F"": true, ""G"": ""46119.0"", ""H"": ""Hecho"", ""I"": ""Alto"", ""J"": ""N/A"", ""K"": ""Jhoec Camayo""}","{""J"": """"}",support,TASK_BELONGS_TO_PROJECT_TEMPLATE,HISTORICAL_TASK_BOUND_TO_PROJECT_TEMPLATE_NOT_TEMPLATE_ACTIVITY,,
tareas,TSK000591,task,✅Lista de Tareas,607,PRJ0031,Colegio Refous,Colegio Refous,Soporte,Schoolpack,support,Botón de pagos,Actividad,TSK000591,Promotora en School WEB del Colegio Refous - Activación de tarjeta de crédito en el botón de pagos,2.0,2026-03-05,2026-04-07,true,Hecho,Alto,Sebastian Ballesteros,N/A,,support:ACT-354,,,,,,,,,,,,,,,,,,,,,,,,,,,,,,,"{""B"": ""Colegio Refous"", ""C"": ""Promotora en School WEB del Colegio Refous - Activación de tarjeta de crédito en el botón de pagos"", ""D"": ""2.0"", ""E"": ""46086.0"", ""F"": true, ""G"": ""46119.0"", ""H"": ""Hecho"", ""I"": ""Alto"", ""J"": ""N/A"", ""K"": ""Sebastian Ballesteros""}","{""J"": """"}",support,TASK_BELONGS_TO_PROJECT_TEMPLATE,HISTORICAL_TASK_BOUND_TO_PROJECT_TEMPLATE_NOT_TEMPLATE_ACTIVITY,,
tareas,TSK000592,task,✅Lista de Tareas,608,PRJ0036,Colegio Parroquial San Buenaventura,Colegio Parroquial San Buenaventura,Soporte,Schoolpack,support,Capacitación,Actividad,TSK000592,Capacitación Biblioteca,2.0,2026-03-18,2026-03-18,true,Hecho,Alto,Carmen Donoso,N/A,11am a 1pm,support:ACT-355,,,,,,,,,,,,,,,,,,,,,,,,,,,,,,,"{""B"": ""Colegio Parroquial San Buenaventura"", ""C"": ""Capacitación Biblioteca "", ""D"": ""2.0"", ""E"": ""46099.0"", ""F"": true, ""G"": ""46099.0"", ""H"": ""Hecho"", ""I"": ""Alto"", ""J"": ""N/A"", ""K"": ""Carmen Donoso"", ""L"": ""11am a 1pm""}","{""J"": """"}",support,TASK_BELONGS_TO_PROJECT_TEMPLATE,HISTORICAL_TASK_BOUND_TO_PROJECT_TEMPLATE_NOT_TEMPLATE_ACTIVITY,,
tareas,TSK000593,task,✅Lista de Tareas,609,PRJ0017,Nuevo colegio del Prado,Nuevo colegio del Prado,Soporte,Schoolpack,support,Otros,Actividad,TSK000593,Actualización inventario de activos fijos,2.0,2026-03-13,2026-03-13,false,En espera,Alto,Geraldine Araque,N/A,,support:ACT-356,,,,,,,,,,,,,,,,,,,,,,,,,,,,,,,"{""B"": ""Nuevo colegio del Prado"", ""C"": ""Actualización inventario de activos fijos"", ""D"": ""2.0"", ""E"": ""46094.0"", ""F"": false, ""G"": ""46094.0"", ""H"": ""En espera"", ""I"": ""Alto"", ""J"": ""N/A"", ""K"": ""Geraldine Araque""}","{""J"": """"}",support,TASK_BELONGS_TO_PROJECT_TEMPLATE,HISTORICAL_TASK_BOUND_TO_PROJECT_TEMPLATE_NOT_TEMPLATE_ACTIVITY,,
tareas,TSK000594,task,✅Lista de Tareas,610,PRJ0024,Nuevo Gimnasio School,Nuevo Gimnasio School,Soporte,Schoolpack,support,Financiero,Actividad,TSK000594,"87149 - Capacitación para el manejo de cartera automatizada, activando la función de cobro por correo (publica y envia) y acuerdos de pago (Sesión 19MAR) (Pentiente acta)",2.0,2026-03-16,2026-03-18,true,Hecho,Alto,Sebastian Ballesteros,N/A,,support:ACT-357,,,,,,,,,,,,,,,,,,,,,,,,,,,,,,,"{""B"": ""Nuevo Gimnasio School"", ""C"": ""87149 - Capacitación para el manejo de cartera automatizada, activando la función de cobro por correo (publica y envia) y acuerdos de pago (Sesión 19MAR) (Pentiente acta)"", ""D"": ""2.0"", ""E"": ""46097.0"", ""F"": true, ""G"": ""46099.0"", ""H"": ""Hecho"", ""I"": ""Alto"", ""J"": ""N/A"", ""K"": ""Sebastian Ballesteros""}","{""J"": """"}",support,TASK_BELONGS_TO_PROJECT_TEMPLATE,HISTORICAL_TASK_BOUND_TO_PROJECT_TEMPLATE_NOT_TEMPLATE_ACTIVITY,,
tareas,TSK000595,task,✅Lista de Tareas,611,PRJ0024,Nuevo Gimnasio School,Nuevo Gimnasio School,Soporte,Schoolpack,support,Otros,Actividad,TSK000595,"87148 - Sesión para revisar al detalle la plataforma de contratos, respecto a permisos de seguridad",2.0,2026-03-25,2026-03-25,true,Hecho,Alto,Jhoec Camayo,N/A,,support:ACT-358,,,,,,,,,,,,,,,,,,,,,,,,,,,,,,,"{""B"": ""Nuevo Gimnasio School"", ""C"": ""87148 - Sesión para revisar al detalle la plataforma de contratos, respecto a permisos de seguridad"", ""D"": ""2.0"", ""E"": ""46106.0"", ""F"": true, ""G"": ""46106.0"", ""H"": ""Hecho"", ""I"": ""Alto"", ""J"": ""N/A"", ""K"": ""Jhoec Camayo""}","{""J"": """"}",support,TASK_BELONGS_TO_PROJECT_TEMPLATE,HISTORICAL_TASK_BOUND_TO_PROJECT_TEMPLATE_NOT_TEMPLATE_ACTIVITY,,
tareas,TSK000596,task,✅Lista de Tareas,612,PRJ0031,Colegio Refous,Colegio Refous,Soporte,Schoolpack,support,Admisiones,Actividad,TSK000596,87124 - Capacitación Admisiones (Pendiente acta),2.0,2026-03-18,2026-03-18,true,Hecho,Alto,Sebastian Ballesteros,N/A,,support:ACT-359,,,,,,,,,,,,,,,,,,,,,,,,,,,,,,,"{""B"": ""Colegio Refous"", ""C"": ""87124 - Capacitación Admisiones (Pendiente acta)"", ""D"": ""2.0"", ""E"": ""46099.0"", ""F"": true, ""G"": ""46099.0"", ""H"": ""Hecho"", ""I"": ""Alto"", ""J"": ""N/A"", ""K"": ""Sebastian Ballesteros""}","{""J"": """"}",support,TASK_BELONGS_TO_PROJECT_TEMPLATE,HISTORICAL_TASK_BOUND_TO_PROJECT_TEMPLATE_NOT_TEMPLATE_ACTIVITY,,
tareas,TSK000597,task,✅Lista de Tareas,613,PRJ0031,Colegio Refous,Colegio Refous,Soporte,Schoolpack,support,Capacitación,Actividad,TSK000597,Capacitación Biblioteca,2.0,2026-03-24,2026-03-24,true,Hecho,Alto,Carmen Donoso,N/A,11 a 12am,support:ACT-355,,,,,,,,,,,,,,,,,,,,,,,,,,,,,,,"{""B"": ""Colegio Refous"", ""C"": ""Capacitación Biblioteca "", ""D"": ""2.0"", ""E"": ""46105.0"", ""F"": true, ""G"": ""46105.0"", ""H"": ""Hecho"", ""I"": ""Alto"", ""J"": ""N/A"", ""K"": ""Carmen Donoso"", ""L"": ""11 a 12am""}","{""J"": """"}",support,TASK_BELONGS_TO_PROJECT_TEMPLATE,HISTORICAL_TASK_BOUND_TO_PROJECT_TEMPLATE_NOT_TEMPLATE_ACTIVITY,,
tareas,TSK000598,task,✅Lista de Tareas,614,PRJ0031,Colegio Refous,Colegio Refous,Soporte,Schoolpack,support,Capacitación,Actividad,TSK000598,Capacitación Transporte (Pendiente acta),2.0,2026-03-18,2026-03-18,true,Hecho,Alto,Sebastian Ballesteros,N/A,1pm,support:ACT-360,,,,,,,,,,,,,,,,,,,,,,,,,,,,,,,"{""B"": ""Colegio Refous"", ""C"": ""Capacitación Transporte (Pendiente acta)"", ""D"": ""2.0"", ""E"": ""46099.0"", ""F"": true, ""G"": ""46099.0"", ""H"": ""Hecho"", ""I"": ""Alto"", ""J"": ""N/A"", ""K"": ""Sebastian Ballesteros"", ""L"": ""1pm""}","{""J"": """"}",support,TASK_BELONGS_TO_PROJECT_TEMPLATE,HISTORICAL_TASK_BOUND_TO_PROJECT_TEMPLATE_NOT_TEMPLATE_ACTIVITY,,
tareas,TSK000599,task,✅Lista de Tareas,615,PRJ0016,Sigmund Freud,Sigmund Freud,Soporte,Implementado,support,Financiero,Actividad,TSK000599,Capacitación Financiera (Modelo de intereses) (Pendiente acta),2.0,2026-03-20,2026-03-20,true,Hecho,Alto,Sebastian Ballesteros,N/A,,support:ACT-361,,,,,,,,,,,,,,,,,,,,,,,,,,,,,,,"{""B"": ""Sigmund Freud"", ""C"": ""Capacitación Financiera (Modelo de intereses) (Pendiente acta)"", ""D"": ""2.0"", ""E"": ""46101.0"", ""F"": true, ""G"": ""46101.0"", ""H"": ""Hecho"", ""I"": ""Alto"", ""J"": ""N/A"", ""K"": ""Sebastian Ballesteros""}","{""J"": """"}",support,TASK_BELONGS_TO_PROJECT_TEMPLATE,HISTORICAL_TASK_BOUND_TO_PROJECT_TEMPLATE_NOT_TEMPLATE_ACTIVITY,,
tareas,TSK000600,task,✅Lista de Tareas,616,PRJ0022,INPEC,INPEC,Implementación,Campuspack,implementation_campuspack,Capacitación,Actividad,TSK000600,Capacitación docente,1.0,2026-03-18,2026-03-18,true,Hecho,Alto,Carmen Donoso,N/A,,implementation_campuspack:ACT-117,,,,,,,,,,,,,,,,,,,,,,,,,,,,,,,"{""B"": ""INPEC"", ""C"": ""Capacitación docente"", ""D"": ""1.0"", ""E"": ""46099.0"", ""F"": true, ""G"": ""46099.0"", ""H"": ""Hecho"", ""I"": ""Alto"", ""J"": ""N/A"", ""K"": ""Carmen Donoso""}","{""J"": """"}",implementation_campuspack,TASK_BELONGS_TO_PROJECT_TEMPLATE,HISTORICAL_TASK_BOUND_TO_PROJECT_TEMPLATE_NOT_TEMPLATE_ACTIVITY,,
tareas,TSK000601,task,✅Lista de Tareas,617,PRJ0037,Colegio Integral Funza,Colegio Integral Funza,Soporte,Schoolpack,support,Capacitación,Actividad,TSK000601,Capacitación SchoolWeb,1.0,2026-03-24,2026-03-24,true,Hecho,Alto,Sebastian Ballesteros,N/A,4pm,support:ACT-362,,,,,,,,,,,,,,,,,,,,,,,,,,,,,,,"{""B"": ""Colegio Integral Funza"", ""C"": ""Capacitación SchoolWeb"", ""D"": ""1.0"", ""E"": ""46105.0"", ""F"": true, ""G"": ""46105.0"", ""H"": ""Hecho"", ""I"": ""Alto"", ""J"": ""N/A"", ""K"": ""Sebastian Ballesteros"", ""L"": ""4pm""}","{""J"": """"}",support,TASK_BELONGS_TO_PROJECT_TEMPLATE,HISTORICAL_TASK_BOUND_TO_PROJECT_TEMPLATE_NOT_TEMPLATE_ACTIVITY,,
tareas,TSK000602,task,✅Lista de Tareas,618,PRJ0037,Colegio Integral Funza,Colegio Integral Funza,Soporte,Schoolpack,support,Matrículas,Actividad,TSK000602,"Capacitación SchoolWeb: Cotización aspectos en matrículas que es que el padre pueda eliminar los documentos y en comunicados que no salen las tres opciones de todos, leídos y no leídos que ahora solo sale leído y no leído CANCELARON",1.0,2026-03-25,2026-03-31,true,Hecho,Alto,Sebastian Ballesteros,N/A,Confirmación del colegio si cotizamos ,support:ACT-363,,,,,,,,,,,,,,,,,,,,,,,,,,,,,,,"{""B"": ""Colegio Integral Funza"", ""C"": ""Capacitación SchoolWeb: Cotización aspectos en matrículas que es que el padre pueda eliminar los documentos y en comunicados que no salen las tres opciones de todos, leídos y no leídos que ahora solo sale leído y no leído CANCELARON"", ""D"": ""1.0"", ""E"": ""46106.0"", ""F"": true, ""G"": ""46112.0"", ""H"": ""Hecho"", ""I"": ""Alto"", ""J"": ""N/A"", ""K"": ""Sebastian Ballesteros"", ""L"": ""Confirmación del colegio si cotizamos ""}","{""J"": """"}",support,TASK_BELONGS_TO_PROJECT_TEMPLATE,HISTORICAL_TASK_BOUND_TO_PROJECT_TEMPLATE_NOT_TEMPLATE_ACTIVITY,,
tareas,TSK000603,task,✅Lista de Tareas,619,PRJ0008,Corazonistas,Corazonistas,Soporte,Implementado,support,Financiero,Actividad,TSK000603,Automatización financiera: Fase 2,2.0,2026-03-24,2026-03-24,true,Hecho,Alto,Sebastian Ballesteros,N/A,9 a 11am,support:ACT-364,,,,,,,,,,,,,,,,,,,,,,,,,,,,,,,"{""B"": ""Corazonistas"", ""C"": ""Automatización financiera: Fase 2 "", ""D"": ""2.0"", ""E"": ""46105.0"", ""F"": true, ""G"": ""46105.0"", ""H"": ""Hecho"", ""I"": ""Alto"", ""J"": ""N/A"", ""K"": ""Sebastian Ballesteros"", ""L"": ""9 a 11am""}","{""J"": """"}",support,TASK_BELONGS_TO_PROJECT_TEMPLATE,HISTORICAL_TASK_BOUND_TO_PROJECT_TEMPLATE_NOT_TEMPLATE_ACTIVITY,,
tareas,TSK000604,task,✅Lista de Tareas,620,PRJ0008,Corazonistas,Corazonistas,Soporte,Implementado,support,Financiero,Actividad,TSK000604,Automatización financiera: Fase 3,2.0,2026-03-25,2026-03-25,true,Hecho,Alto,Sebastian Ballesteros,N/A,9 a 11am,support:ACT-365,,,,,,,,,,,,,,,,,,,,,,,,,,,,,,,"{""B"": ""Corazonistas"", ""C"": ""Automatización financiera: Fase 3"", ""D"": ""2.0"", ""E"": ""46106.0"", ""F"": true, ""G"": ""46106.0"", ""H"": ""Hecho"", ""I"": ""Alto"", ""J"": ""N/A"", ""K"": ""Sebastian Ballesteros"", ""L"": ""9 a 11am""}","{""J"": """"}",support,TASK_BELONGS_TO_PROJECT_TEMPLATE,HISTORICAL_TASK_BOUND_TO_PROJECT_TEMPLATE_NOT_TEMPLATE_ACTIVITY,,
tareas,TSK000605,task,✅Lista de Tareas,621,PRJ0008,Corazonistas,Corazonistas,Soporte,Implementado,support,Financiero,Actividad,TSK000605,Automatización financiera: Fase 4,2.0,2026-03-26,2026-03-26,true,Hecho,Alto,Sebastian Ballesteros,N/A,9 a 11m,support:ACT-366,,,,,,,,,,,,,,,,,,,,,,,,,,,,,,,"{""B"": ""Corazonistas"", ""C"": ""Automatización financiera: Fase 4"", ""D"": ""2.0"", ""E"": ""46107.0"", ""F"": true, ""G"": ""46107.0"", ""H"": ""Hecho"", ""I"": ""Alto"", ""J"": ""N/A"", ""K"": ""Sebastian Ballesteros"", ""L"": ""9 a 11m""}","{""J"": """"}",support,TASK_BELONGS_TO_PROJECT_TEMPLATE,HISTORICAL_TASK_BOUND_TO_PROJECT_TEMPLATE_NOT_TEMPLATE_ACTIVITY,,
tareas,TSK000606,task,✅Lista de Tareas,622,PRJ0039,Colegio los Angeles del Norte,Colegio los Angeles del Norte,Soporte,Schoolpack,support,Matrículas,Actividad,TSK000606,"85368 - Firma electronica: Solicitar reportes de matricula al cliente, seguimiento",1.0,2026-03-18,2026-03-24,false,En espera,Alto,Jhoec Camayo,N/A,El cliente no aparece y se le informo a Cesar en dos ocasiones,support:ACT-367,,,,,,,,,,,,,,,,,,,,,,,,,,,,,,,"{""B"": ""Colegio los Angeles del Norte"", ""C"": ""85368 - Firma electronica: Solicitar reportes de matricula al cliente, seguimiento"", ""D"": ""1.0"", ""E"": ""46099.0"", ""F"": false, ""G"": ""46105.0"", ""H"": ""En espera"", ""I"": ""Alto"", ""J"": ""N/A"", ""K"": ""Jhoec Camayo"", ""L"": ""El cliente no aparece y se le informo a Cesar en dos ocasiones""}","{""J"": """"}",support,TASK_BELONGS_TO_PROJECT_TEMPLATE,HISTORICAL_TASK_BOUND_TO_PROJECT_TEMPLATE_NOT_TEMPLATE_ACTIVITY,,
tareas,TSK000607,task,✅Lista de Tareas,623,PRJ0008,Corazonistas,Corazonistas,Soporte,Implementado,support,Matrículas,Actividad,TSK000607,"Firma electronica: Solicitar reportes de matricula al cliente, todos los colegios (Abrir Sac del proceso)",1.0,2026-04-06,2026-04-09,false,En espera,Alto,Jhoec Camayo,N/A,Primero automatización,support:ACT-368,,,,,,,,,,,,,,,,,,,,,,,,,,,,,,,"{""B"": ""Corazonistas"", ""C"": ""Firma electronica: Solicitar reportes de matricula al cliente, todos los colegios (Abrir Sac del proceso)"", ""D"": ""1.0"", ""E"": ""46118.0"", ""F"": false, ""G"": ""46121.0"", ""H"": ""En espera"", ""I"": ""Alto"", ""J"": ""N/A"", ""K"": ""Jhoec Camayo"", ""L"": ""Primero automatización""}","{""J"": """"}",support,TASK_BELONGS_TO_PROJECT_TEMPLATE,HISTORICAL_TASK_BOUND_TO_PROJECT_TEMPLATE_NOT_TEMPLATE_ACTIVITY,,
tareas,TSK000608,task,✅Lista de Tareas,624,PRJ0008,Corazonistas,Corazonistas,Soporte,Implementado,support,Financiero,Actividad,TSK000608,Paso a productivo de la automatización financiera en Corazonista Norte (Pendiente mejoras de parte del Colegio),2.0,2026-03-30,2026-04-08,false,En espera,Alto,Sebastian Ballesteros,,,support:ACT-369,,,,,,,,,,,,,,,,,,,,,,,,,,,,,,,"{""B"": ""Corazonistas"", ""C"": ""Paso a productivo de la automatización financiera en Corazonista Norte (Pendiente mejoras de parte del Colegio)"", ""D"": ""2.0"", ""E"": ""46111.0"", ""F"": false, ""G"": ""46120.0"", ""H"": ""En espera"", ""I"": ""Alto"", ""K"": ""Sebastian Ballesteros""}",{},support,TASK_BELONGS_TO_PROJECT_TEMPLATE,HISTORICAL_TASK_BOUND_TO_PROJECT_TEMPLATE_NOT_TEMPLATE_ACTIVITY,,
tareas,TSK000609,task,✅Lista de Tareas,625,PRJ0018,Colegio Gimnasio del Saber,Colegio Gimnasio del Saber,Soporte,Schoolpack,support,Académico,Actividad,TSK000609,Entrega de los ajustes del Planeador,2.0,2026-03-25,2026-03-27,true,Hecho,Urgente,Carmen Donoso,N/A,9am,support:ACT-370,,,,,,,,,,,,,,,,,,,,,,,,,,,,,,,"{""B"": ""Colegio Gimnasio del Saber"", ""C"": ""Entrega de los ajustes del Planeador "", ""D"": ""2.0"", ""E"": ""46106.0"", ""F"": true, ""G"": ""46108.0"", ""H"": ""Hecho"", ""I"": ""Urgente"", ""J"": ""N/A"", ""K"": ""Carmen Donoso"", ""L"": ""9am""}","{""J"": ""if(or(F625=TRUE,G625>0,H625=\""Done\"",isblank(E625)),\""N/A\"",if($B$5<=E625,\""N/A\"",\""Overdue\""))""}",support,TASK_BELONGS_TO_PROJECT_TEMPLATE,HISTORICAL_TASK_BOUND_TO_PROJECT_TEMPLATE_NOT_TEMPLATE_ACTIVITY,,
tareas,TSK000610,task,✅Lista de Tareas,626,PRJ0031,Colegio Refous,Colegio Refous,Soporte,Schoolpack,support,Matrículas,Actividad,TSK000610,Sesión proceso de matriculas con firma electronica,1.0,2026-04-09,2026-04-09,true,Hecho,Alto,Jhoec Camayo,N/A,11:30am,support:ACT-371,,,,,,,,,,,,,,,,,,,,,,,,,,,,,,,"{""B"": ""Colegio Refous"", ""C"": ""Sesión proceso de matriculas con firma electronica "", ""D"": ""1.0"", ""E"": ""46121.0"", ""F"": true, ""G"": ""46121.0"", ""H"": ""Hecho"", ""I"": ""Alto"", ""J"": ""N/A"", ""K"": ""Jhoec Camayo"", ""L"": ""11:30am""}","{""J"": """"}",support,TASK_BELONGS_TO_PROJECT_TEMPLATE,HISTORICAL_TASK_BOUND_TO_PROJECT_TEMPLATE_NOT_TEMPLATE_ACTIVITY,,
tareas,TSK000611,task,✅Lista de Tareas,627,PRJ0043,Upwaresoft,Upwaresoft,Soporte,Implementado,support,Otros,Actividad,TSK000611,Actualización de los estados de las ordenes de servicio en el SAC,10.0,2026-03-24,2026-04-01,false,En progreso,Urgente,Jhoec Camayo,N/A,,support:ACT-372,,,,,,,,,,,,,,,,,,,,,,,,,,,,,,,"{""B"": ""Upwaresoft"", ""C"": ""Actualización de los estados de las ordenes de servicio en el SAC"", ""D"": ""10.0"", ""E"": ""46105.0"", ""F"": false, ""G"": ""46113.0"", ""H"": ""En progreso"", ""I"": ""Urgente"", ""J"": ""N/A"", ""K"": ""Jhoec Camayo""}","{""J"": """"}",support,TASK_BELONGS_TO_PROJECT_TEMPLATE,HISTORICAL_TASK_BOUND_TO_PROJECT_TEMPLATE_NOT_TEMPLATE_ACTIVITY,,
tareas,TSK000612,task,✅Lista de Tareas,628,PRJ0018,Colegio Gimnasio del Saber,Colegio Gimnasio del Saber,Soporte,Schoolpack,support,Académico,Actividad,TSK000612,Paso a productivo de los ajustes del Planeador (Vie 17Abr),2.0,2026-04-07,2026-04-17,true,Hecho,Medio,Carmen Donoso,N/A,,support:ACT-373,,,,,,,,,,,,,,,,,,,,,,,,,,,,,,,"{""B"": ""Colegio Gimnasio del Saber"", ""C"": ""Paso a productivo de los ajustes del Planeador (Vie 17Abr)"", ""D"": ""2.0"", ""E"": ""46119.0"", ""F"": true, ""G"": ""46129.0"", ""H"": ""Hecho"", ""I"": ""Medio"", ""J"": ""N/A"", ""K"": ""Carmen Donoso""}","{""J"": """"}",support,TASK_BELONGS_TO_PROJECT_TEMPLATE,HISTORICAL_TASK_BOUND_TO_PROJECT_TEMPLATE_NOT_TEMPLATE_ACTIVITY,,
tareas,TSK000613,task,✅Lista de Tareas,629,PRJ0002,Fundación Incolmotos Yamaha,Fundación Incolmotos Yamaha,Soporte,Campuspack,support,Admisiones,Actividad,TSK000613,Actualizar documentación formulario de preinscripción Escuelas Musicales,2.0,2026-03-24,2026-04-15,true,Hecho,Urgente,Carmen Donoso,N/A,,support:ACT-374,,,,,,,,,,,,,,,,,,,,,,,,,,,,,,,"{""B"": ""Fundación Incolmotos Yamaha"", ""C"": ""Actualizar documentación formulario de preinscripción Escuelas Musicales"", ""D"": ""2.0"", ""E"": ""46105.0"", ""F"": true, ""G"": ""46127.0"", ""H"": ""Hecho"", ""I"": ""Urgente"", ""J"": ""N/A"", ""K"": ""Carmen Donoso""}","{""J"": """"}",support,TASK_BELONGS_TO_PROJECT_TEMPLATE,HISTORICAL_TASK_BOUND_TO_PROJECT_TEMPLATE_NOT_TEMPLATE_ACTIVITY,,
tareas,TSK000614,task,✅Lista de Tareas,630,PRJ0002,Fundación Incolmotos Yamaha,Fundación Incolmotos Yamaha,Soporte,Campuspack,support,Admisiones,Actividad,TSK000614,Actualizar documentación formulario de preinscripción Escuelas Musicales,2.0,2026-03-24,2026-04-15,true,Hecho,Urgente,Sebastian Ballesteros,N/A,,support:ACT-374,,,,,,,,,,,,,,,,,,,,,,,,,,,,,,,"{""B"": ""Fundación Incolmotos Yamaha"", ""C"": ""Actualizar documentación formulario de preinscripción Escuelas Musicales"", ""D"": ""2.0"", ""E"": ""46105.0"", ""F"": true, ""G"": ""46127.0"", ""H"": ""Hecho"", ""I"": ""Urgente"", ""J"": ""N/A"", ""K"": ""Sebastian Ballesteros""}","{""J"": """"}",support,TASK_BELONGS_TO_PROJECT_TEMPLATE,HISTORICAL_TASK_BOUND_TO_PROJECT_TEMPLATE_NOT_TEMPLATE_ACTIVITY,,
tareas,TSK000615,task,✅Lista de Tareas,631,PRJ0022,INPEC,INPEC,Implementación,Campuspack,implementation_campuspack,Documentación / Actas / Entrega,Actividad,TSK000615,Seguimiento a la firma de las actas del INPEC,1.0,2026-03-24,2026-03-27,true,Hecho,Urgente,Jhoec Camayo,N/A,,implementation_campuspack:ACT-162,,,,,,,,,,,,,,,,,,,,,,,,,,,,,,,"{""B"": ""INPEC"", ""C"": ""Seguimiento a la firma de las actas del INPEC"", ""D"": ""1.0"", ""E"": ""46105.0"", ""F"": true, ""G"": ""46108.0"", ""H"": ""Hecho"", ""I"": ""Urgente"", ""J"": ""N/A"", ""K"": ""Jhoec Camayo""}","{""J"": """"}",implementation_campuspack,TASK_BELONGS_TO_PROJECT_TEMPLATE,HISTORICAL_TASK_BOUND_TO_PROJECT_TEMPLATE_NOT_TEMPLATE_ACTIVITY,,
tareas,TSK000616,task,✅Lista de Tareas,632,PRJ0001,Academia MISI,Academia MISI,Implementación,Campuspack,implementation_campuspack,Pruebas / Auditoría,Actividad,TSK000616,Pruebas integrales sesión 1,1.0,2026-04-06,2026-04-06,true,Hecho,Alto,Carmen Donoso,N/A,y Julian 2 a 3pm,implementation_campuspack:ACT-163,,,,,,,,,,,,,,,,,,,,,,,,,,,,,,,"{""B"": ""Academia MISI"", ""C"": ""Pruebas integrales sesión 1 "", ""D"": ""1.0"", ""E"": ""46118.0"", ""F"": true, ""G"": ""46118.0"", ""H"": ""Hecho"", ""I"": ""Alto"", ""J"": ""N/A"", ""K"": ""Carmen Donoso"", ""L"": ""y Julian 2 a 3pm""}","{""J"": """"}",implementation_campuspack,TASK_BELONGS_TO_PROJECT_TEMPLATE,HISTORICAL_TASK_BOUND_TO_PROJECT_TEMPLATE_NOT_TEMPLATE_ACTIVITY,,
tareas,TSK000617,task,✅Lista de Tareas,633,PRJ0001,Academia MISI,Academia MISI,Implementación,Campuspack,implementation_campuspack,Pruebas / Auditoría,Actividad,TSK000617,Pruebas integrales sesión 2,1.0,2026-04-09,2026-04-09,true,Hecho,Alto,Carmen Donoso,N/A,2 a 3pm,implementation_campuspack:ACT-164,,,,,,,,,,,,,,,,,,,,,,,,,,,,,,,"{""B"": ""Academia MISI"", ""C"": ""Pruebas integrales sesión 2"", ""D"": ""1.0"", ""E"": ""46121.0"", ""F"": true, ""G"": ""46121.0"", ""H"": ""Hecho"", ""I"": ""Alto"", ""J"": ""N/A"", ""K"": ""Carmen Donoso"", ""L"": ""2 a 3pm""}","{""J"": """"}",implementation_campuspack,TASK_BELONGS_TO_PROJECT_TEMPLATE,HISTORICAL_TASK_BOUND_TO_PROJECT_TEMPLATE_NOT_TEMPLATE_ACTIVITY,,
tareas,TSK000618,task,✅Lista de Tareas,634,PRJ0024,Nuevo Gimnasio School,Nuevo Gimnasio School,Soporte,Schoolpack,support,Financiero,Actividad,TSK000618,"Implementación automatización financiera sin Bank Agent: Fase 1,2,3 y 4 (OSE FIRMADA)",2.0,2026-03-27,2026-04-16,true,Hecho,Medio,Sebastian Ballesteros,N/A,,support:ACT-375,,,,,,,,,,,,,,,,,,,,,,,,,,,,,,,"{""B"": ""Nuevo Gimnasio School"", ""C"": ""Implementación automatización financiera sin Bank Agent: Fase 1,2,3 y 4 (OSE FIRMADA) "", ""D"": ""2.0"", ""E"": ""46108.0"", ""F"": true, ""G"": ""46128.0"", ""H"": ""Hecho"", ""I"": ""Medio"", ""J"": ""N/A"", ""K"": ""Sebastian Ballesteros""}","{""J"": """"}",support,TASK_BELONGS_TO_PROJECT_TEMPLATE,HISTORICAL_TASK_BOUND_TO_PROJECT_TEMPLATE_NOT_TEMPLATE_ACTIVITY,,
tareas,TSK000619,task,✅Lista de Tareas,635,PRJ0031,Colegio Refous,Colegio Refous,Soporte,Schoolpack,support,Reuniones y coordinación,Actividad,TSK000619,Reunión pendientes (Acta),2.0,2026-04-01,2026-04-01,true,Hecho,Medio,Sebastian Ballesteros,N/A,10am,support:ACT-376,,,,,,,,,,,,,,,,,,,,,,,,,,,,,,,"{""B"": ""Colegio Refous"", ""C"": ""Reunión pendientes (Acta)"", ""D"": ""2.0"", ""E"": ""46113.0"", ""F"": true, ""G"": ""46113.0"", ""H"": ""Hecho"", ""I"": ""Medio"", ""J"": ""N/A"", ""K"": ""Sebastian Ballesteros"", ""L"": ""10am""}","{""J"": """"}",support,TASK_BELONGS_TO_PROJECT_TEMPLATE,HISTORICAL_TASK_BOUND_TO_PROJECT_TEMPLATE_NOT_TEMPLATE_ACTIVITY,,
tareas,TSK000620,task,✅Lista de Tareas,636,PRJ0003,The English School,The English School,Soporte,Schoolpack,support,Botón de pagos,Actividad,TSK000620,Seguimiento Bank Agent ITAU (Sesión con eCollect 9Abril) CANCELADO,1.0,2026-03-31,2026-04-10,true,Hecho,Alto,Sebastian Ballesteros,N/A,,support:ACT-377,,,,,,,,,,,,,,,,,,,,,,,,,,,,,,,"{""B"": ""The English School"", ""C"": ""Seguimiento Bank Agent ITAU (Sesión con eCollect 9Abril) CANCELADO"", ""D"": ""1.0"", ""E"": ""46112.0"", ""F"": true, ""G"": ""46122.0"", ""H"": ""Hecho"", ""I"": ""Alto"", ""J"": ""N/A"", ""K"": ""Sebastian Ballesteros""}","{""J"": """"}",support,TASK_BELONGS_TO_PROJECT_TEMPLATE,HISTORICAL_TASK_BOUND_TO_PROJECT_TEMPLATE_NOT_TEMPLATE_ACTIVITY,,
tareas,TSK000621,task,✅Lista de Tareas,637,PRJ0007,Seminario de Faca,Seminario de Faca,Soporte,Implementado,support,Otros,Actividad,TSK000621,Cambio del modelo academio y boletines (reportes),2.0,2026-03-31,2026-04-07,true,Hecho,Medio,Carmen Donoso,N/A,,support:ACT-378,,,,,,,,,,,,,,,,,,,,,,,,,,,,,,,"{""B"": ""Seminario de Faca"", ""C"": ""Cambio del modelo academio y boletines (reportes)"", ""D"": ""2.0"", ""E"": ""46112.0"", ""F"": true, ""G"": ""46119.0"", ""H"": ""Hecho"", ""I"": ""Medio"", ""J"": ""N/A"", ""K"": ""Carmen Donoso""}","{""J"": """"}",support,TASK_BELONGS_TO_PROJECT_TEMPLATE,HISTORICAL_TASK_BOUND_TO_PROJECT_TEMPLATE_NOT_TEMPLATE_ACTIVITY,,
tareas,TSK000622,task,✅Lista de Tareas,638,PRJ0007,Seminario de Faca,Seminario de Faca,Soporte,Implementado,support,Capacitación,Actividad,TSK000622,Capacitación docentes,3.0,2026-01-23,2026-01-23,true,Hecho,Medio,Carmen Donoso,N/A,,support:ACT-379,,,,,,,,,,,,,,,,,,,,,,,,,,,,,,,"{""B"": ""Seminario de Faca"", ""C"": ""Capacitación docentes"", ""D"": ""3.0"", ""E"": ""46045.0"", ""F"": true, ""G"": ""46045.0"", ""H"": ""Hecho"", ""I"": ""Medio"", ""J"": ""N/A"", ""K"": ""Carmen Donoso""}","{""J"": """"}",support,TASK_BELONGS_TO_PROJECT_TEMPLATE,HISTORICAL_TASK_BOUND_TO_PROJECT_TEMPLATE_NOT_TEMPLATE_ACTIVITY,,
tareas,TSK000623,task,✅Lista de Tareas,639,PRJ0007,Seminario de Faca,Seminario de Faca,Soporte,Implementado,support,Acompañamiento / Seguimiento,Actividad,TSK000623,Acompañamiento para salida de boletines,2.0,2026-03-31,2026-03-31,true,Hecho,Medio,Carmen Donoso,N/A,,support:ACT-380,,,,,,,,,,,,,,,,,,,,,,,,,,,,,,,"{""B"": ""Seminario de Faca"", ""C"": ""Acompañamiento para salida de boletines "", ""D"": ""2.0"", ""E"": ""46112.0"", ""F"": true, ""G"": ""46112.0"", ""H"": ""Hecho"", ""I"": ""Medio"", ""J"": ""N/A"", ""K"": ""Carmen Donoso""}","{""J"": """"}",support,TASK_BELONGS_TO_PROJECT_TEMPLATE,HISTORICAL_TASK_BOUND_TO_PROJECT_TEMPLATE_NOT_TEMPLATE_ACTIVITY,,
tareas,TSK000624,task,✅Lista de Tareas,640,PRJ0007,Seminario de Faca,Seminario de Faca,Soporte,Implementado,support,Acompañamiento / Seguimiento,Actividad,TSK000624,Acompañamiento 2 para salida de boletines,2.0,2026-04-07,2026-04-10,true,Hecho,Medio,Carmen Donoso,N/A,11am,support:ACT-381,,,,,,,,,,,,,,,,,,,,,,,,,,,,,,,"{""B"": ""Seminario de Faca"", ""C"": ""Acompañamiento 2 para salida de boletines "", ""D"": ""2.0"", ""E"": ""46119.0"", ""F"": true, ""G"": ""46122.0"", ""H"": ""Hecho"", ""I"": ""Medio"", ""J"": ""N/A"", ""K"": ""Carmen Donoso"", ""L"": ""11am""}","{""J"": """"}",support,TASK_BELONGS_TO_PROJECT_TEMPLATE,HISTORICAL_TASK_BOUND_TO_PROJECT_TEMPLATE_NOT_TEMPLATE_ACTIVITY,,
tareas,TSK000625,task,✅Lista de Tareas,641,PRJ0024,Nuevo Gimnasio School,Nuevo Gimnasio School,Soporte,Schoolpack,support,Financiero,Actividad,TSK000625,Implementación automatización financiera paso a producción,2.0,2026-04-21,2026-05-21,false,En espera,Medio,Sebastian Ballesteros,N/A,"Doctora PAtricia de vacaciones, hasta el 21MAY regresa y hacen las pruebas",support:ACT-382,,,,,,,,,,,,,,,,,,,,,,,,,,,,,,,"{""B"": ""Nuevo Gimnasio School"", ""C"": ""Implementación automatización financiera paso a producción"", ""D"": ""2.0"", ""E"": ""46133.0"", ""F"": false, ""G"": ""46163.0"", ""H"": ""En espera"", ""I"": ""Medio"", ""J"": ""N/A"", ""K"": ""Sebastian Ballesteros"", ""L"": ""Doctora PAtricia de vacaciones, hasta el 21MAY regresa y hacen las pruebas""}","{""J"": """"}",support,TASK_BELONGS_TO_PROJECT_TEMPLATE,HISTORICAL_TASK_BOUND_TO_PROJECT_TEMPLATE_NOT_TEMPLATE_ACTIVITY,,
tareas,TSK000626,task,✅Lista de Tareas,642,PRJ0003,The English School,The English School,Soporte,Schoolpack,support,Integraciones,Actividad,TSK000626,Revisión de la documentación de la integración con Netsuit (Entrega diagramas),1.0,2026-04-15,2026-04-20,true,Hecho,Medio,Sebastian Ballesteros,N/A,,support:ACT-383,,,,,,,,,,,,,,,,,,,,,,,,,,,,,,,"{""B"": ""The English School"", ""C"": ""Revisión de la documentación de la integración con Netsuit (Entrega diagramas) "", ""D"": ""1.0"", ""E"": ""46127.0"", ""F"": true, ""G"": ""46132.0"", ""H"": ""Hecho"", ""I"": ""Medio"", ""J"": ""N/A"", ""K"": ""Sebastian Ballesteros""}","{""J"": """"}",support,TASK_BELONGS_TO_PROJECT_TEMPLATE,HISTORICAL_TASK_BOUND_TO_PROJECT_TEMPLATE_NOT_TEMPLATE_ACTIVITY,,
tareas,TSK000627,task,✅Lista de Tareas,643,PRJ0003,The English School,The English School,Soporte,Schoolpack,support,Acompañamiento / Seguimiento,Actividad,TSK000627,Sesión de inquietudes reportes a la medida,1.0,2026-04-15,2026-04-15,true,Hecho,Medio,Sebastian Ballesteros,N/A,2pm,support:ACT-384,,,,,,,,,,,,,,,,,,,,,,,,,,,,,,,"{""B"": ""The English School"", ""C"": ""Sesión de inquietudes reportes a la medida "", ""D"": ""1.0"", ""E"": ""46127.0"", ""F"": true, ""G"": ""46127.0"", ""H"": ""Hecho"", ""I"": ""Medio"", ""J"": ""N/A"", ""K"": ""Sebastian Ballesteros"", ""L"": ""2pm""}","{""J"": """"}",support,TASK_BELONGS_TO_PROJECT_TEMPLATE,HISTORICAL_TASK_BOUND_TO_PROJECT_TEMPLATE_NOT_TEMPLATE_ACTIVITY,,
tareas,TSK000628,task,✅Lista de Tareas,644,PRJ0020,Comfaboy,Comfaboy,Soporte,Schoolpack,support,Matrículas,Actividad,TSK000628,87192 - Seguimiento a la solicitud: Moficaciones proceso de matriculas en linea (Retoman cuando asignen el personal),2.0,2026-03-19,2026-03-19,false,En progreso,Alto,Jhoec Camayo,N/A,Seguimiento el viernes 15May,support:ACT-385,,,,,,,,,,,,,,,,,,,,,,,,,,,,,,,"{""B"": ""Comfaboy"", ""C"": ""87192 - Seguimiento a la solicitud: Moficaciones proceso de matriculas en linea (Retoman cuando asignen el personal)"", ""D"": ""2.0"", ""E"": ""46100.0"", ""F"": false, ""G"": ""46100.0"", ""H"": ""En progreso"", ""I"": ""Alto"", ""J"": ""N/A"", ""K"": ""Jhoec Camayo"", ""L"": ""Seguimiento el viernes 15May""}","{""J"": """"}",support,TASK_BELONGS_TO_PROJECT_TEMPLATE,HISTORICAL_TASK_BOUND_TO_PROJECT_TEMPLATE_NOT_TEMPLATE_ACTIVITY,,
tareas,TSK000629,task,✅Lista de Tareas,645,PRJ0032,Americano Barranquilla,Americano Barranquilla,Soporte,Schoolpack,support,Otros,Actividad,TSK000629,Logros Preescolar,2.0,2026-04-08,2026-04-08,true,Hecho,Alto,Carmen Donoso,N/A,10am,support:ACT-386,,,,,,,,,,,,,,,,,,,,,,,,,,,,,,,"{""B"": ""Americano Barranquilla"", ""C"": ""Logros Preescolar "", ""D"": ""2.0"", ""E"": ""46120.0"", ""F"": true, ""G"": ""46120.0"", ""H"": ""Hecho"", ""I"": ""Alto"", ""J"": ""N/A"", ""K"": ""Carmen Donoso"", ""L"": ""10am""}","{""J"": """"}",support,TASK_BELONGS_TO_PROJECT_TEMPLATE,HISTORICAL_TASK_BOUND_TO_PROJECT_TEMPLATE_NOT_TEMPLATE_ACTIVITY,,
tareas,TSK000630,task,✅Lista de Tareas,646,PRJ0022,INPEC,INPEC,Implementación,Campuspack,implementation_campuspack,Pruebas / Auditoría,Actividad,TSK000630,Revisión temas administrativos,2.0,2026-04-13,2026-04-13,true,Hecho,Alto,Carmen Donoso,N/A,9am,implementation_campuspack:ACT-165,,,,,,,,,,,,,,,,,,,,,,,,,,,,,,,"{""B"": ""INPEC"", ""C"": ""Revisión temas administrativos "", ""D"": ""2.0"", ""E"": ""46125.0"", ""F"": true, ""G"": ""46125.0"", ""H"": ""Hecho"", ""I"": ""Alto"", ""J"": ""N/A"", ""K"": ""Carmen Donoso"", ""L"": ""9am""}","{""J"": """"}",implementation_campuspack,TASK_BELONGS_TO_PROJECT_TEMPLATE,HISTORICAL_TASK_BOUND_TO_PROJECT_TEMPLATE_NOT_TEMPLATE_ACTIVITY,,
tareas,TSK000631,task,✅Lista de Tareas,647,PRJ0001,Academia MISI,Academia MISI,Implementación,Campuspack,implementation_campuspack,Pruebas / Auditoría,Actividad,TSK000631,Pruebas integrales sesión 3,1.0,2026-05-11,2026-05-11,true,Hecho,Alto,Carmen Donoso,N/A,11:30am con Julian,implementation_campuspack:ACT-166,,,,,,,,,,,,,,,,,,,,,,,,,,,,,,,"{""B"": ""Academia MISI"", ""C"": ""Pruebas integrales sesión 3"", ""D"": ""1.0"", ""E"": ""46153.0"", ""F"": true, ""G"": ""46153.0"", ""H"": ""Hecho"", ""I"": ""Alto"", ""J"": ""N/A"", ""K"": ""Carmen Donoso"", ""L"": ""11:30am con Julian""}","{""J"": """"}",implementation_campuspack,TASK_BELONGS_TO_PROJECT_TEMPLATE,HISTORICAL_TASK_BOUND_TO_PROJECT_TEMPLATE_NOT_TEMPLATE_ACTIVITY,,
tareas,TSK000632,task,✅Lista de Tareas,648,PRJ0013,Aspaen,Aspaen,Soporte,Schoolpack,support,Capacitación,Actividad,TSK000632,Capacitación Bilbioteca,2.0,2026-04-09,2026-04-09,true,Hecho,Alto,Carmen Donoso,N/A,11am,support:ACT-387,,,,,,,,,,,,,,,,,,,,,,,,,,,,,,,"{""B"": ""Aspaen"", ""C"": ""Capacitación Bilbioteca"", ""D"": ""2.0"", ""E"": ""46121.0"", ""F"": true, ""G"": ""46121.0"", ""H"": ""Hecho"", ""I"": ""Alto"", ""J"": ""N/A"", ""K"": ""Carmen Donoso"", ""L"": ""11am""}","{""J"": """"}",support,TASK_BELONGS_TO_PROJECT_TEMPLATE,HISTORICAL_TASK_BOUND_TO_PROJECT_TEMPLATE_NOT_TEMPLATE_ACTIVITY,,
tareas,TSK000633,task,✅Lista de Tareas,649,PRJ0003,The English School,The English School,Soporte,Schoolpack,support,Matrículas,Actividad,TSK000633,"Modificación de los reportes de matrículas 
1. Inventario de los documentos (Contratos)
2. Poner por cada contrato horas de modificación, si es nuevo o antiguo y las modificaciones",2.0,2026-04-09,2026-04-10,true,Hecho,Alto,Jhoec Camayo,N/A,,support:ACT-388,,,,,,,,,,,,,,,,,,,,,,,,,,,,,,,"{""B"": ""The English School"", ""C"": ""Modificación de los reportes de matrículas \n1. Inventario de los documentos (Contratos)\n2. Poner por cada contrato horas de modificación, si es nuevo o antiguo y las modificaciones"", ""D"": ""2.0"", ""E"": ""46121.0"", ""F"": true, ""G"": ""46122.0"", ""H"": ""Hecho"", ""I"": ""Alto"", ""J"": ""N/A"", ""K"": ""Jhoec Camayo""}","{""J"": """"}",support,TASK_BELONGS_TO_PROJECT_TEMPLATE,HISTORICAL_TASK_BOUND_TO_PROJECT_TEMPLATE_NOT_TEMPLATE_ACTIVITY,,
tareas,TSK000634,task,✅Lista de Tareas,650,PRJ0003,The English School,The English School,Soporte,Schoolpack,support,Desarrollos a la medida,Actividad,TSK000634,Reporte de data crédito (Servicios mensuales) Aprobación de las horas de desarrollo CANCELADO,2.0,2026-04-09,2026-04-15,true,Hecho,Medio,Sebastian Ballesteros,N/A,,support:ACT-389,,,,,,,,,,,,,,,,,,,,,,,,,,,,,,,"{""B"": ""The English School"", ""C"": ""Reporte de data crédito (Servicios mensuales) Aprobación de las horas de desarrollo CANCELADO"", ""D"": ""2.0"", ""E"": ""46121.0"", ""F"": true, ""G"": ""46127.0"", ""H"": ""Hecho"", ""I"": ""Medio"", ""J"": ""N/A"", ""K"": ""Sebastian Ballesteros""}","{""J"": """"}",support,TASK_BELONGS_TO_PROJECT_TEMPLATE,HISTORICAL_TASK_BOUND_TO_PROJECT_TEMPLATE_NOT_TEMPLATE_ACTIVITY,,
tareas,TSK000635,task,✅Lista de Tareas,651,PRJ0040,Jardín Infantil y Prescolar Pequeños Talentos,Jardín Infantil y Prescolar Pequeños Talentos,Implementación,Schoolpack,implementation_schoolpack,Capacitación,Actividad,TSK000635,Capacitación SAC,2.0,2026-04-10,2026-04-10,true,Hecho,Alto,Sebastian Ballesteros,N/A,10am,implementation_schoolpack:ACT-49,,,,,,,,,,,,,,,,,,,,,,,,,,,,,,,"{""B"": ""Jardín Infantil y Prescolar Pequeños Talentos"", ""C"": ""Capacitación SAC "", ""D"": ""2.0"", ""E"": ""46122.0"", ""F"": true, ""G"": ""46122.0"", ""H"": ""Hecho"", ""I"": ""Alto"", ""J"": ""N/A"", ""K"": ""Sebastian Ballesteros"", ""L"": ""10am""}","{""J"": """"}",implementation_schoolpack,TASK_BELONGS_TO_PROJECT_TEMPLATE,HISTORICAL_TASK_BOUND_TO_PROJECT_TEMPLATE_NOT_TEMPLATE_ACTIVITY,,
tareas,TSK000636,task,✅Lista de Tareas,652,PRJ0040,Jardín Infantil y Prescolar Pequeños Talentos,Jardín Infantil y Prescolar Pequeños Talentos,Implementación,Schoolpack,implementation_schoolpack,Migración / Importadores,Actividad,TSK000636,Capacitación Importadores (PENDIENTE ACTA),2.0,2026-04-14,2026-04-14,true,Hecho,Alto,Sebastian Ballesteros,N/A,3:30pm,implementation_schoolpack:ACT-50,,,,,,,,,,,,,,,,,,,,,,,,,,,,,,,"{""B"": ""Jardín Infantil y Prescolar Pequeños Talentos"", ""C"": ""Capacitación Importadores (PENDIENTE ACTA)"", ""D"": ""2.0"", ""E"": ""46126.0"", ""F"": true, ""G"": ""46126.0"", ""H"": ""Hecho"", ""I"": ""Alto"", ""J"": ""N/A"", ""K"": ""Sebastian Ballesteros"", ""L"": ""3:30pm""}","{""J"": """"}",implementation_schoolpack,TASK_BELONGS_TO_PROJECT_TEMPLATE,HISTORICAL_TASK_BOUND_TO_PROJECT_TEMPLATE_NOT_TEMPLATE_ACTIVITY,,
tareas,TSK000637,task,✅Lista de Tareas,653,PRJ0040,Jardín Infantil y Prescolar Pequeños Talentos,Jardín Infantil y Prescolar Pequeños Talentos,Implementación,Schoolpack,implementation_schoolpack,Migración / Importadores,Actividad,TSK000637,"Gestión de Importadores academicos: Estudiantes, Empleados y docentes, Asignaturas, Grupos en pruebas",10.0,2026-04-16,2026-05-05,true,Hecho,Alto,Carmen Donoso,N/A,Falta asignaturas y grupos ,implementation_schoolpack:ACT-51,,,,,,,,,,,,,,,,,,,,,,,,,,,,,,,"{""B"": ""Jardín Infantil y Prescolar Pequeños Talentos"", ""C"": ""Gestión de Importadores academicos: Estudiantes, Empleados y docentes, Asignaturas, Grupos en pruebas"", ""D"": ""10.0"", ""E"": ""46128.0"", ""F"": true, ""G"": ""46147.0"", ""H"": ""Hecho"", ""I"": ""Alto"", ""J"": ""N/A"", ""K"": ""Carmen Donoso"", ""L"": ""Falta asignaturas y grupos ""}","{""J"": """"}",implementation_schoolpack,TASK_BELONGS_TO_PROJECT_TEMPLATE,HISTORICAL_TASK_BOUND_TO_PROJECT_TEMPLATE_NOT_TEMPLATE_ACTIVITY,,
tareas,TSK000638,task,✅Lista de Tareas,654,PRJ0003,The English School,The English School,Soporte,Schoolpack,support,Integraciones,Actividad,TSK000638,Conexión integración con Netsuit,1.0,2026-05-05,2026-05-22,true,Hecho,Medio,Sebastian Ballesteros,N/A,,support:ACT-390,,,,,,,,,,,,,,,,,,,,,,,,,,,,,,,"{""B"": ""The English School"", ""C"": ""Conexión integración con Netsuit"", ""D"": ""1.0"", ""E"": ""46147.0"", ""F"": true, ""G"": ""46164.0"", ""H"": ""Hecho"", ""I"": ""Medio"", ""J"": ""N/A"", ""K"": ""Sebastian Ballesteros""}","{""J"": """"}",support,TASK_BELONGS_TO_PROJECT_TEMPLATE,HISTORICAL_TASK_BOUND_TO_PROJECT_TEMPLATE_NOT_TEMPLATE_ACTIVITY,,
tareas,TSK000639,task,✅Lista de Tareas,655,PRJ0040,Jardín Infantil y Prescolar Pequeños Talentos,Jardín Infantil y Prescolar Pequeños Talentos,Implementación,Schoolpack,implementation_schoolpack,Migración / Importadores,Actividad,TSK000639,Gestión de importadores financieros: Cartera y servicios en pruebas (Pendiente Santa Barbara HOY),10.0,2026-04-16,2026-05-08,true,Hecho,Alto,Sebastian Ballesteros,N/A,Entregan 30Abr,implementation_schoolpack:ACT-52,,,,,,,,,,,,,,,,,,,,,,,,,,,,,,,"{""B"": ""Jardín Infantil y Prescolar Pequeños Talentos"", ""C"": ""Gestión de importadores financieros: Cartera y servicios en pruebas (Pendiente Santa Barbara HOY)"", ""D"": ""10.0"", ""E"": ""46128.0"", ""F"": true, ""G"": ""46150.0"", ""H"": ""Hecho"", ""I"": ""Alto"", ""J"": ""N/A"", ""K"": ""Sebastian Ballesteros"", ""L"": ""Entregan 30Abr""}","{""J"": """"}",implementation_schoolpack,TASK_BELONGS_TO_PROJECT_TEMPLATE,HISTORICAL_TASK_BOUND_TO_PROJECT_TEMPLATE_NOT_TEMPLATE_ACTIVITY,,
tareas,TSK000640,task,✅Lista de Tareas,656,PRJ0040,Jardín Infantil y Prescolar Pequeños Talentos,Jardín Infantil y Prescolar Pequeños Talentos,Implementación,Schoolpack,implementation_schoolpack,Capacitación,Actividad,TSK000640,"Capacitación Esenciales (Personal, Mi institución y Protección)",6.0,2026-04-30,2026-04-30,true,Hecho,Alto,Sebastian Ballesteros,N/A,,implementation_schoolpack:ACT-53,,,,,,,,,,,,,,,,,,,,,,,,,,,,,,,"{""B"": ""Jardín Infantil y Prescolar Pequeños Talentos"", ""C"": ""Capacitación Esenciales (Personal, Mi institución y Protección) "", ""D"": ""6.0"", ""E"": ""46142.0"", ""F"": true, ""G"": ""46142.0"", ""H"": ""Hecho"", ""I"": ""Alto"", ""J"": ""N/A"", ""K"": ""Sebastian Ballesteros""}","{""J"": """"}",implementation_schoolpack,TASK_BELONGS_TO_PROJECT_TEMPLATE,HISTORICAL_TASK_BOUND_TO_PROJECT_TEMPLATE_NOT_TEMPLATE_ACTIVITY,,
tareas,TSK000641,task,✅Lista de Tareas,657,PRJ0040,Jardín Infantil y Prescolar Pequeños Talentos,Jardín Infantil y Prescolar Pequeños Talentos,Implementación,Schoolpack,implementation_schoolpack,Facturación electrónica,Actividad,TSK000641,"Configuración academica inicial (Programas, grados) en pruebas, Estudiantes, empleados y docentes",2.0,2026-05-06,2026-05-06,true,Hecho,Alto,Carmen Donoso,N/A,,implementation_schoolpack:ACT-54,,,,,,,,,,,,,,,,,,,,,,,,,,,,,,,"{""B"": ""Jardín Infantil y Prescolar Pequeños Talentos"", ""C"": ""Configuración academica inicial (Programas, grados) en pruebas, Estudiantes, empleados y docentes \n"", ""D"": ""2.0"", ""E"": ""46148.0"", ""F"": true, ""G"": ""46148.0"", ""H"": ""Hecho"", ""I"": ""Alto"", ""J"": ""N/A"", ""K"": ""Carmen Donoso""}","{""J"": """"}",implementation_schoolpack,TASK_BELONGS_TO_PROJECT_TEMPLATE,HISTORICAL_TASK_BOUND_TO_PROJECT_TEMPLATE_NOT_TEMPLATE_ACTIVITY,,
tareas,TSK000642,task,✅Lista de Tareas,658,PRJ0040,Jardín Infantil y Prescolar Pequeños Talentos,Jardín Infantil y Prescolar Pequeños Talentos,Implementación,Schoolpack,implementation_schoolpack,Académico,Actividad,TSK000642,"Configuración academica inicial (Programas, grados) en pruebas, Asignaturas y grupos",3.0,2026-05-07,2026-05-12,true,Hecho,Alto,Carmen Donoso,N/A,,implementation_schoolpack:ACT-55,,,,,,,,,,,,,,,,,,,,,,,,,,,,,,,"{""B"": ""Jardín Infantil y Prescolar Pequeños Talentos"", ""C"": ""Configuración academica inicial (Programas, grados) en pruebas, Asignaturas y grupos \n"", ""D"": ""3.0"", ""E"": ""46149.0"", ""F"": true, ""G"": ""46154.0"", ""H"": ""Hecho"", ""I"": ""Alto"", ""J"": ""N/A"", ""K"": ""Carmen Donoso""}","{""J"": """"}",implementation_schoolpack,TASK_BELONGS_TO_PROJECT_TEMPLATE,HISTORICAL_TASK_BOUND_TO_PROJECT_TEMPLATE_NOT_TEMPLATE_ACTIVITY,,
tareas,TSK000643,task,✅Lista de Tareas,659,PRJ0040,Jardín Infantil y Prescolar Pequeños Talentos,Jardín Infantil y Prescolar Pequeños Talentos,Implementación,Schoolpack,implementation_schoolpack,Académico,Actividad,TSK000643,Gestion de registro y control (Grupos) en pruebas,3.0,2026-05-12,2026-05-14,true,Hecho,Alto,Carmen Donoso,N/A,,implementation_schoolpack:ACT-56,,,,,,,,,,,,,,,,,,,,,,,,,,,,,,,"{""B"": ""Jardín Infantil y Prescolar Pequeños Talentos"", ""C"": ""Gestion de registro y control (Grupos) en pruebas"", ""D"": ""3.0"", ""E"": ""46154.0"", ""F"": true, ""G"": ""46156.0"", ""H"": ""Hecho"", ""I"": ""Alto"", ""J"": ""N/A"", ""K"": ""Carmen Donoso""}","{""J"": """"}",implementation_schoolpack,TASK_BELONGS_TO_PROJECT_TEMPLATE,HISTORICAL_TASK_BOUND_TO_PROJECT_TEMPLATE_NOT_TEMPLATE_ACTIVITY,,
tareas,TSK000644,task,✅Lista de Tareas,660,PRJ0040,Jardín Infantil y Prescolar Pequeños Talentos,Jardín Infantil y Prescolar Pequeños Talentos,Implementación,Schoolpack,implementation_schoolpack,Facturación electrónica,Actividad,TSK000644,"87479 y 87472- Facturación electronica: Solicitar documentación al cliente para activación de factura electronica. Rut Completo, CC del representante legal, Cámara y Comercio o documento equivalente no mayor a 30 días y seguimiento ya tienen credenciales a taxxa",2.0,2026-04-14,2026-04-14,true,Hecho,Alto,Sebastian Ballesteros,N/A,,implementation_schoolpack:ACT-57,,,,,,,,,,,,,,,,,,,,,,,,,,,,,,,"{""B"": ""Jardín Infantil y Prescolar Pequeños Talentos"", ""C"": ""87479 y 87472- Facturación electronica: Solicitar documentación al cliente para activación de factura electronica. Rut Completo, CC del representante legal, Cámara y Comercio o documento equivalente no mayor a 30 días y seguimiento ya tienen credenciales a taxxa "", ""D"": ""2.0"", ""E"": ""46126.0"", ""F"": true, ""G"": ""46126.0"", ""H"": ""Hecho"", ""I"": ""Alto"", ""J"": ""N/A"", ""K"": ""Sebastian Ballesteros""}","{""J"": """"}",implementation_schoolpack,TASK_BELONGS_TO_PROJECT_TEMPLATE,HISTORICAL_TASK_BOUND_TO_PROJECT_TEMPLATE_NOT_TEMPLATE_ACTIVITY,,
tareas,TSK000645,task,✅Lista de Tareas,661,PRJ0040,Jardín Infantil y Prescolar Pequeños Talentos,Jardín Infantil y Prescolar Pequeños Talentos,Implementación,Schoolpack,implementation_schoolpack,Facturación electrónica,Actividad,TSK000645,Facturación electronica: Activacion del Cliente en Dian y Ejecutar Kit de pruebas,2.0,2026-04-21,2026-04-24,true,Hecho,Alto,Sebastian Ballesteros,N/A,,implementation_schoolpack:ACT-58,,,,,,,,,,,,,,,,,,,,,,,,,,,,,,,"{""B"": ""Jardín Infantil y Prescolar Pequeños Talentos"", ""C"": ""Facturación electronica: Activacion del Cliente en Dian y Ejecutar Kit de pruebas"", ""D"": ""2.0"", ""E"": ""46133.0"", ""F"": true, ""G"": ""46136.0"", ""H"": ""Hecho"", ""I"": ""Alto"", ""J"": ""N/A"", ""K"": ""Sebastian Ballesteros""}","{""J"": """"}",implementation_schoolpack,TASK_BELONGS_TO_PROJECT_TEMPLATE,HISTORICAL_TASK_BOUND_TO_PROJECT_TEMPLATE_NOT_TEMPLATE_ACTIVITY,,
tareas,TSK000646,task,✅Lista de Tareas,662,PRJ0040,Jardín Infantil y Prescolar Pequeños Talentos,Jardín Infantil y Prescolar Pequeños Talentos,Implementación,Schoolpack,implementation_schoolpack,Facturación electrónica,Actividad,TSK000646,Facturación electronica: Resolución de Factura Electrónica y entrega al cliente (PENDIENTE ACTA DE ENTREGA),3.0,2026-06-23,2026-06-23,true,Hecho,Alto,Sebastian Ballesteros,N/A,,implementation_schoolpack:ACT-59,,,,,,,,,,,,,,,,,,,,,,,,,,,,,,,"{""B"": ""Jardín Infantil y Prescolar Pequeños Talentos"", ""C"": ""Facturación electronica: Resolución de Factura Electrónica y entrega al cliente (PENDIENTE ACTA DE ENTREGA)"", ""D"": ""3.0"", ""E"": ""46196.0"", ""F"": true, ""G"": ""46196.0"", ""H"": ""Hecho"", ""I"": ""Alto"", ""J"": ""N/A"", ""K"": ""Sebastian Ballesteros""}","{""J"": """"}",implementation_schoolpack,TASK_BELONGS_TO_PROJECT_TEMPLATE,HISTORICAL_TASK_BOUND_TO_PROJECT_TEMPLATE_NOT_TEMPLATE_ACTIVITY,,
tareas,TSK000647,task,✅Lista de Tareas,663,PRJ0043,Upwaresoft,Upwaresoft,Soporte,Implementado,support,Otros,Actividad,TSK000647,Cotización Presentinas ENVIAR A CESAR,1.0,2026-04-09,2026-04-10,true,Hecho,Urgente,Jhoec Camayo,,,support:ACT-391,,,,,,,,,,,,,,,,,,,,,,,,,,,,,,,"{""B"": ""Upwaresoft"", ""C"": ""Cotización Presentinas ENVIAR A CESAR"", ""D"": ""1.0"", ""E"": ""46121.0"", ""F"": true, ""G"": ""46122.0"", ""H"": ""Hecho"", ""I"": ""Urgente"", ""K"": ""Jhoec Camayo""}",{},support,TASK_BELONGS_TO_PROJECT_TEMPLATE,HISTORICAL_TASK_BOUND_TO_PROJECT_TEMPLATE_NOT_TEMPLATE_ACTIVITY,,
tareas,TSK000648,task,✅Lista de Tareas,664,PRJ0013,Aspaen,Aspaen,Soporte,Schoolpack,support,Reuniones y coordinación,Actividad,TSK000648,"Traslado de información Preescolar Almendros a Luis Lopez de mesa al Infinite (Sandy esta validando con Hugo) PROGRAMAR REUNIÓN, EN ESPERA",1.0,2026-04-08,2026-05-11,true,Hecho,Urgente,Carmen Donoso,,,support:ACT-392,,,,,,,,,,,,,,,,,,,,,,,,,,,,,,,"{""B"": ""Aspaen"", ""C"": ""Traslado de información Preescolar Almendros a Luis Lopez de mesa al Infinite (Sandy esta validando con Hugo) PROGRAMAR REUNIÓN, EN ESPERA"", ""D"": ""1.0"", ""E"": ""46120.0"", ""F"": true, ""G"": ""46153.0"", ""H"": ""Hecho"", ""I"": ""Urgente"", ""K"": ""Carmen Donoso""}",{},support,TASK_BELONGS_TO_PROJECT_TEMPLATE,HISTORICAL_TASK_BOUND_TO_PROJECT_TEMPLATE_NOT_TEMPLATE_ACTIVITY,,
tareas,TSK000649,task,✅Lista de Tareas,665,PRJ0040,Jardín Infantil y Prescolar Pequeños Talentos,Jardín Infantil y Prescolar Pequeños Talentos,Implementación,Schoolpack,implementation_schoolpack,Matrículas,Actividad,TSK000649,Firma electronica: Solicitar reportes de matricula al cliente y seguimiento ABRIR SAC E INCIAR EL PROCESO,2.0,2026-04-14,2026-04-20,true,Hecho,Alto,Jhoec Camayo,N/A,,implementation_schoolpack:ACT-60,,,,,,,,,,,,,,,,,,,,,,,,,,,,,,,"{""B"": ""Jardín Infantil y Prescolar Pequeños Talentos"", ""C"": ""Firma electronica: Solicitar reportes de matricula al cliente y seguimiento ABRIR SAC E INCIAR EL PROCESO"", ""D"": ""2.0"", ""E"": ""46126.0"", ""F"": true, ""G"": ""46132.0"", ""H"": ""Hecho"", ""I"": ""Alto"", ""J"": ""N/A"", ""K"": ""Jhoec Camayo""}","{""J"": ""if(or(F665=TRUE,G665>0,H665=\""Done\"",isblank(E665)),\""N/A\"",if($B$5<=E665,\""N/A\"",\""Overdue\""))""}",implementation_schoolpack,TASK_BELONGS_TO_PROJECT_TEMPLATE,HISTORICAL_TASK_BOUND_TO_PROJECT_TEMPLATE_NOT_TEMPLATE_ACTIVITY,,
tareas,TSK000650,task,✅Lista de Tareas,666,PRJ0040,Jardín Infantil y Prescolar Pequeños Talentos,Jardín Infantil y Prescolar Pequeños Talentos,Implementación,Schoolpack,implementation_schoolpack,Matrículas,Actividad,TSK000650,Firma electronica: Revisión y aprobación de los reportes de matricula,2.0,2026-05-20,2026-05-26,true,Hecho,Alto,Jhoec Camayo,N/A,,implementation_schoolpack:ACT-61,,,,,,,,,,,,,,,,,,,,,,,,,,,,,,,"{""B"": ""Jardín Infantil y Prescolar Pequeños Talentos"", ""C"": ""Firma electronica: Revisión y aprobación de los reportes de matricula "", ""D"": ""2.0"", ""E"": ""46162.0"", ""F"": true, ""G"": ""46168.0"", ""H"": ""Hecho"", ""I"": ""Alto"", ""J"": ""N/A"", ""K"": ""Jhoec Camayo""}","{""J"": """"}",implementation_schoolpack,TASK_BELONGS_TO_PROJECT_TEMPLATE,HISTORICAL_TASK_BOUND_TO_PROJECT_TEMPLATE_NOT_TEMPLATE_ACTIVITY,,
tareas,TSK000651,task,✅Lista de Tareas,667,PRJ0040,Jardín Infantil y Prescolar Pequeños Talentos,Jardín Infantil y Prescolar Pequeños Talentos,Implementación,Schoolpack,implementation_schoolpack,Matrículas,Actividad,TSK000651,"87764 - Firma electronica: Desarrollo de las plantillas de matricula (Activación tenat y activación de firmas, 13 reportes a cada sede)",6.0,2026-05-25,2026-05-28,true,Hecho,Alto,Jhoec Camayo,N/A,,implementation_schoolpack:ACT-62,,,,,,,,,,,,,,,,,,,,,,,,,,,,,,,"{""B"": ""Jardín Infantil y Prescolar Pequeños Talentos"", ""C"": ""87764 - Firma electronica: Desarrollo de las plantillas de matricula (Activación tenat y activación de firmas, 13 reportes a cada sede) "", ""D"": ""6.0"", ""E"": ""46167.0"", ""F"": true, ""G"": ""46170.0"", ""H"": ""Hecho"", ""I"": ""Alto"", ""J"": ""N/A"", ""K"": ""Jhoec Camayo""}","{""J"": """"}",implementation_schoolpack,TASK_BELONGS_TO_PROJECT_TEMPLATE,HISTORICAL_TASK_BOUND_TO_PROJECT_TEMPLATE_NOT_TEMPLATE_ACTIVITY,,
tareas,TSK000652,task,✅Lista de Tareas,668,PRJ0040,Jardín Infantil y Prescolar Pequeños Talentos,Jardín Infantil y Prescolar Pequeños Talentos,Implementación,Schoolpack,implementation_schoolpack,Matrículas,Actividad,TSK000652,87764 - Firma electronica: Auditoria de los reportes de matricula en ambiente de pruebas de parte del cliente,2.0,2026-05-28,2026-06-04,false,En progreso,Alto,Jhoec Camayo,N/A,,implementation_schoolpack:ACT-63,,,,,,,,,,,,,,,,,,,,,,,,,,,,,,,"{""B"": ""Jardín Infantil y Prescolar Pequeños Talentos"", ""C"": ""87764 - Firma electronica: Auditoria de los reportes de matricula en ambiente de pruebas de parte del cliente "", ""D"": ""2.0"", ""E"": ""46170.0"", ""F"": false, ""G"": ""46177.0"", ""H"": ""En progreso"", ""I"": ""Alto"", ""J"": ""N/A"", ""K"": ""Jhoec Camayo""}","{""J"": """"}",implementation_schoolpack,TASK_BELONGS_TO_PROJECT_TEMPLATE,HISTORICAL_TASK_BOUND_TO_PROJECT_TEMPLATE_NOT_TEMPLATE_ACTIVITY,,
tareas,TSK000653,task,✅Lista de Tareas,669,PRJ0040,Jardín Infantil y Prescolar Pequeños Talentos,Jardín Infantil y Prescolar Pequeños Talentos,Implementación,Schoolpack,implementation_schoolpack,Firma electrónica,Actividad,TSK000653,Firma electronica: Despliegue en sitio de producción,2.0,2026-06-05,2026-06-05,false,No iniciado,Alto,Jhoec Camayo,N/A,,implementation_schoolpack:ACT-64,,,,,,,,,,,,,,,,,,,,,,,,,,,,,,,"{""B"": ""Jardín Infantil y Prescolar Pequeños Talentos"", ""C"": ""Firma electronica: Despliegue en sitio de producción "", ""D"": ""2.0"", ""E"": ""46178.0"", ""F"": false, ""G"": ""46178.0"", ""H"": ""No iniciado"", ""I"": ""Alto"", ""J"": ""N/A"", ""K"": ""Jhoec Camayo""}","{""J"": """"}",implementation_schoolpack,TASK_BELONGS_TO_PROJECT_TEMPLATE,HISTORICAL_TASK_BOUND_TO_PROJECT_TEMPLATE_NOT_TEMPLATE_ACTIVITY,,
tareas,TSK000654,task,✅Lista de Tareas,670,PRJ0040,Jardín Infantil y Prescolar Pequeños Talentos,Jardín Infantil y Prescolar Pequeños Talentos,Implementación,Schoolpack,implementation_schoolpack,Matrículas,Actividad,TSK000654,87764 - Firma electronica: Capacitación proceso completo de Matriculas y acta de entrega,2.0,2026-06-09,2026-06-09,false,No iniciado,Alto,Jhoec Camayo,N/A,,implementation_schoolpack:ACT-65,,,,,,,,,,,,,,,,,,,,,,,,,,,,,,,"{""B"": ""Jardín Infantil y Prescolar Pequeños Talentos"", ""C"": ""87764 - Firma electronica: Capacitación proceso completo de Matriculas y acta de entrega"", ""D"": ""2.0"", ""E"": ""46182.0"", ""F"": false, ""G"": ""46182.0"", ""H"": ""No iniciado"", ""I"": ""Alto"", ""J"": ""N/A"", ""K"": ""Jhoec Camayo""}","{""J"": """"}",implementation_schoolpack,TASK_BELONGS_TO_PROJECT_TEMPLATE,HISTORICAL_TASK_BOUND_TO_PROJECT_TEMPLATE_NOT_TEMPLATE_ACTIVITY,,
tareas,TSK000655,task,✅Lista de Tareas,671,PRJ0040,Jardín Infantil y Prescolar Pequeños Talentos,Jardín Infantil y Prescolar Pequeños Talentos,Implementación,Schoolpack,implementation_schoolpack,Botón de pagos,Actividad,TSK000655,"87478 y 87473 - Botón de pagos: Solicitar al usuario pasos a seguir para realizar la activación del botón PSE, códigos ACH y seguimiento",2.0,2026-04-14,2026-05-20,true,Hecho,Alto,Jhoec Camayo,N/A,,implementation_schoolpack:ACT-66,,,,,,,,,,,,,,,,,,,,,,,,,,,,,,,"{""B"": ""Jardín Infantil y Prescolar Pequeños Talentos"", ""C"": ""87478 y 87473 - Botón de pagos: Solicitar al usuario pasos a seguir para realizar la activación del botón PSE, códigos ACH y seguimiento"", ""D"": ""2.0"", ""E"": ""46126.0"", ""F"": true, ""G"": ""46162.0"", ""H"": ""Hecho"", ""I"": ""Alto"", ""J"": ""N/A"", ""K"": ""Jhoec Camayo""}","{""J"": """"}",implementation_schoolpack,TASK_BELONGS_TO_PROJECT_TEMPLATE,HISTORICAL_TASK_BOUND_TO_PROJECT_TEMPLATE_NOT_TEMPLATE_ACTIVITY,,
tareas,TSK000656,task,✅Lista de Tareas,672,PRJ0040,Jardín Infantil y Prescolar Pequeños Talentos,Jardín Infantil y Prescolar Pequeños Talentos,Implementación,Schoolpack,implementation_schoolpack,Botón de pagos,Actividad,TSK000656,Botón de pagos: En producción COLINA,2.0,2026-05-20,2026-05-21,true,Hecho,Alto,Jhoec Camayo,N/A,,implementation_schoolpack:ACT-67,,,,,,,,,,,,,,,,,,,,,,,,,,,,,,,"{""B"": ""Jardín Infantil y Prescolar Pequeños Talentos"", ""C"": ""Botón de pagos: En producción COLINA "", ""D"": ""2.0"", ""E"": ""46162.0"", ""F"": true, ""G"": ""46163.0"", ""H"": ""Hecho"", ""I"": ""Alto"", ""J"": ""N/A"", ""K"": ""Jhoec Camayo""}","{""J"": """"}",implementation_schoolpack,TASK_BELONGS_TO_PROJECT_TEMPLATE,HISTORICAL_TASK_BOUND_TO_PROJECT_TEMPLATE_NOT_TEMPLATE_ACTIVITY,,
tareas,TSK000657,task,✅Lista de Tareas,673,PRJ0040,Jardín Infantil y Prescolar Pequeños Talentos,Jardín Infantil y Prescolar Pequeños Talentos,Implementación,Schoolpack,implementation_schoolpack,Botón de pagos,Actividad,TSK000657,Botón de pagos: Entrega en ambiente de pruebas,2.0,2026-06-08,2026-06-08,false,No iniciado,Alto,Jhoec Camayo,N/A,,implementation_schoolpack:ACT-68,,,,,,,,,,,,,,,,,,,,,,,,,,,,,,,"{""B"": ""Jardín Infantil y Prescolar Pequeños Talentos"", ""C"": ""Botón de pagos: Entrega en ambiente de pruebas"", ""D"": ""2.0"", ""E"": ""46181.0"", ""F"": false, ""G"": ""46181.0"", ""H"": ""No iniciado"", ""I"": ""Alto"", ""J"": ""N/A"", ""K"": ""Jhoec Camayo""}","{""J"": """"}",implementation_schoolpack,TASK_BELONGS_TO_PROJECT_TEMPLATE,HISTORICAL_TASK_BOUND_TO_PROJECT_TEMPLATE_NOT_TEMPLATE_ACTIVITY,,
tareas,TSK000658,task,✅Lista de Tareas,674,PRJ0040,Jardín Infantil y Prescolar Pequeños Talentos,Jardín Infantil y Prescolar Pequeños Talentos,Implementación,Schoolpack,implementation_schoolpack,Botón de pagos,Actividad,TSK000658,Botón de pagos: entrega en ambiente de producción,2.0,2026-06-15,2026-06-15,false,No iniciado,Alto,Jhoec Camayo,N/A,,implementation_schoolpack:ACT-69,,,,,,,,,,,,,,,,,,,,,,,,,,,,,,,"{""B"": ""Jardín Infantil y Prescolar Pequeños Talentos"", ""C"": ""Botón de pagos: entrega en ambiente de producción"", ""D"": ""2.0"", ""E"": ""46188.0"", ""F"": false, ""G"": ""46188.0"", ""H"": ""No iniciado"", ""I"": ""Alto"", ""J"": ""N/A"", ""K"": ""Jhoec Camayo""}","{""J"": """"}",implementation_schoolpack,TASK_BELONGS_TO_PROJECT_TEMPLATE,HISTORICAL_TASK_BOUND_TO_PROJECT_TEMPLATE_NOT_TEMPLATE_ACTIVITY,,
tareas,TSK000659,task,✅Lista de Tareas,675,PRJ0040,Jardín Infantil y Prescolar Pequeños Talentos,Jardín Infantil y Prescolar Pequeños Talentos,Implementación,Schoolpack,implementation_schoolpack,Integraciones,Actividad,TSK000659,87476 y 87475 - Interfaz bancaria: Solicitud de archivo bancario Asobancaria y el codigo IAC al cliente FECHA DE ENTREGA,3.0,2026-04-14,2026-04-14,true,Hecho,Alto,Sebastian Ballesteros,N/A,Entregan 30Abr,implementation_schoolpack:ACT-70,,,,,,,,,,,,,,,,,,,,,,,,,,,,,,,"{""B"": ""Jardín Infantil y Prescolar Pequeños Talentos"", ""C"": ""87476 y 87475 - Interfaz bancaria: Solicitud de archivo bancario Asobancaria y el codigo IAC al cliente FECHA DE ENTREGA"", ""D"": ""3.0"", ""E"": ""46126.0"", ""F"": true, ""G"": ""46126.0"", ""H"": ""Hecho"", ""I"": ""Alto"", ""J"": ""N/A"", ""K"": ""Sebastian Ballesteros"", ""L"": ""Entregan 30Abr""}","{""J"": """"}",implementation_schoolpack,TASK_BELONGS_TO_PROJECT_TEMPLATE,HISTORICAL_TASK_BOUND_TO_PROJECT_TEMPLATE_NOT_TEMPLATE_ACTIVITY,,
tareas,TSK000660,task,✅Lista de Tareas,676,PRJ0040,Jardín Infantil y Prescolar Pequeños Talentos,Jardín Infantil y Prescolar Pequeños Talentos,Implementación,Schoolpack,implementation_schoolpack,Integraciones,Actividad,TSK000660,"87477 y 87474 - Interfaz Contable: Solicitar documentación al cliente: Malla y dinámica contable y archivo plano de helisa
y seguimiento EN REVISIÓN HOY 14MAY",3.0,2026-04-14,2026-04-14,true,Hecho,Alto,Sebastian Ballesteros,N/A,Entregan 30Abr,implementation_schoolpack:ACT-71,,,,,,,,,,,,,,,,,,,,,,,,,,,,,,,"{""B"": ""Jardín Infantil y Prescolar Pequeños Talentos"", ""C"": ""87477 y 87474 - Interfaz Contable: Solicitar documentación al cliente: Malla y dinámica contable y archivo plano de helisa\ny seguimiento EN REVISIÓN HOY 14MAY"", ""D"": ""3.0"", ""E"": ""46126.0"", ""F"": true, ""G"": ""46126.0"", ""H"": ""Hecho"", ""I"": ""Alto"", ""J"": ""N/A"", ""K"": ""Sebastian Ballesteros"", ""L"": ""Entregan 30Abr""}","{""J"": """"}",implementation_schoolpack,TASK_BELONGS_TO_PROJECT_TEMPLATE,HISTORICAL_TASK_BOUND_TO_PROJECT_TEMPLATE_NOT_TEMPLATE_ACTIVITY,,
tareas,TSK000661,task,✅Lista de Tareas,677,PRJ0040,Jardín Infantil y Prescolar Pequeños Talentos,Jardín Infantil y Prescolar Pequeños Talentos,Implementación,Schoolpack,implementation_schoolpack,Integraciones,Actividad,TSK000661,Interfaz Contable: Validacion y revision de la Dinamica Contable y malla contable y el archivo plano de Helisa,4.0,2026-05-29,2026-05-29,true,Hecho,Alto,Sebastian Ballesteros,N/A,,implementation_schoolpack:ACT-72,,,,,,,,,,,,,,,,,,,,,,,,,,,,,,,"{""B"": ""Jardín Infantil y Prescolar Pequeños Talentos"", ""C"": ""Interfaz Contable: Validacion y revision de la Dinamica Contable y malla contable y el archivo plano de Helisa"", ""D"": ""4.0"", ""E"": ""46171.0"", ""F"": true, ""G"": ""46171.0"", ""H"": ""Hecho"", ""I"": ""Alto"", ""J"": ""N/A"", ""K"": ""Sebastian Ballesteros""}","{""J"": """"}",implementation_schoolpack,TASK_BELONGS_TO_PROJECT_TEMPLATE,HISTORICAL_TASK_BOUND_TO_PROJECT_TEMPLATE_NOT_TEMPLATE_ACTIVITY,,
tareas,TSK000662,task,✅Lista de Tareas,678,PRJ0040,Jardín Infantil y Prescolar Pequeños Talentos,Jardín Infantil y Prescolar Pequeños Talentos,Implementación,Schoolpack,implementation_schoolpack,Integraciones,Actividad,TSK000662,"Interfaz Contable: Desarrollo de la interfaz contable, seguimiento (ENVIAR CORREO A DON GUILLERMO) Corregir documentación",2.0,2026-07-16,2026-07-16,true,Hecho,Alto,Sebastian Ballesteros,N/A,,implementation_schoolpack:ACT-73,,,,,,,,,,,,,,,,,,,,,,,,,,,,,,,"{""B"": ""Jardín Infantil y Prescolar Pequeños Talentos"", ""C"": ""Interfaz Contable: Desarrollo de la interfaz contable, seguimiento (ENVIAR CORREO A DON GUILLERMO) Corregir documentación "", ""D"": ""2.0"", ""E"": ""46219.0"", ""F"": true, ""G"": ""46219.0"", ""H"": ""Hecho"", ""I"": ""Alto"", ""J"": ""N/A"", ""K"": ""Sebastian Ballesteros""}","{""J"": """"}",implementation_schoolpack,TASK_BELONGS_TO_PROJECT_TEMPLATE,HISTORICAL_TASK_BOUND_TO_PROJECT_TEMPLATE_NOT_TEMPLATE_ACTIVITY,,
tareas,TSK000663,task,✅Lista de Tareas,679,PRJ0040,Jardín Infantil y Prescolar Pequeños Talentos,Jardín Infantil y Prescolar Pequeños Talentos,Implementación,Schoolpack,implementation_schoolpack,Integraciones,Actividad,TSK000663,Interfaz Contable: Auditoria y entrega en ambiente de pruebas del desarrollo de la interfaz contable,4.0,2026-06-24,2026-06-24,false,No iniciado,Alto,Sebastian Ballesteros,N/A,,implementation_schoolpack:ACT-74,,,,,,,,,,,,,,,,,,,,,,,,,,,,,,,"{""B"": ""Jardín Infantil y Prescolar Pequeños Talentos"", ""C"": ""Interfaz Contable: Auditoria y entrega en ambiente de pruebas del desarrollo de la interfaz contable"", ""D"": ""4.0"", ""E"": ""46197.0"", ""F"": false, ""G"": ""46197.0"", ""H"": ""No iniciado"", ""I"": ""Alto"", ""J"": ""N/A"", ""K"": ""Sebastian Ballesteros""}","{""J"": """"}",implementation_schoolpack,TASK_BELONGS_TO_PROJECT_TEMPLATE,HISTORICAL_TASK_BOUND_TO_PROJECT_TEMPLATE_NOT_TEMPLATE_ACTIVITY,,
tareas,TSK000664,task,✅Lista de Tareas,680,PRJ0040,Jardín Infantil y Prescolar Pequeños Talentos,Jardín Infantil y Prescolar Pequeños Talentos,Implementación,Schoolpack,implementation_schoolpack,Integraciones,Actividad,TSK000664,Interfaz Contable: Paso a productivo y Entrega,2.0,2026-06-30,2026-06-30,false,No iniciado,Alto,Sebastian Ballesteros,N/A,,implementation_schoolpack:ACT-75,,,,,,,,,,,,,,,,,,,,,,,,,,,,,,,"{""B"": ""Jardín Infantil y Prescolar Pequeños Talentos"", ""C"": ""Interfaz Contable: Paso a productivo y Entrega"", ""D"": ""2.0"", ""E"": ""46203.0"", ""F"": false, ""G"": ""46203.0"", ""H"": ""No iniciado"", ""I"": ""Alto"", ""J"": ""N/A"", ""K"": ""Sebastian Ballesteros""}","{""J"": """"}",implementation_schoolpack,TASK_BELONGS_TO_PROJECT_TEMPLATE,HISTORICAL_TASK_BOUND_TO_PROJECT_TEMPLATE_NOT_TEMPLATE_ACTIVITY,,
tareas,TSK000665,task,✅Lista de Tareas,681,PRJ0040,Jardín Infantil y Prescolar Pequeños Talentos,Jardín Infantil y Prescolar Pequeños Talentos,Implementación,Schoolpack,implementation_schoolpack,Financiero,Actividad,TSK000665,"Configuración financiera: Caracterización tarifas, descuentos y convenios. Emisión de documentos financieros. Pago de servicios. PASO A PRODUCCIÓN",2.0,2026-05-19,2026-05-28,true,Hecho,Alto,Sebastian Ballesteros,N/A,,implementation_schoolpack:ACT-76,,,,,,,,,,,,,,,,,,,,,,,,,,,,,,,"{""B"": ""Jardín Infantil y Prescolar Pequeños Talentos"", ""C"": ""Configuración financiera: Caracterización tarifas, descuentos y convenios. Emisión de documentos financieros. Pago de servicios. PASO A PRODUCCIÓN"", ""D"": ""2.0"", ""E"": ""46161.0"", ""F"": true, ""G"": ""46170.0"", ""H"": ""Hecho"", ""I"": ""Alto"", ""J"": ""N/A"", ""K"": ""Sebastian Ballesteros""}","{""J"": """"}",implementation_schoolpack,TASK_BELONGS_TO_PROJECT_TEMPLATE,HISTORICAL_TASK_BOUND_TO_PROJECT_TEMPLATE_NOT_TEMPLATE_ACTIVITY,,
tareas,TSK000666,task,✅Lista de Tareas,682,PRJ0040,Jardín Infantil y Prescolar Pequeños Talentos,Jardín Infantil y Prescolar Pequeños Talentos,Implementación,Schoolpack,implementation_schoolpack,Facturación electrónica,Actividad,TSK000666,Visualizacion de gestion financiera (Web) Gestion del estudiante: Capacitación PENDIENTE ACTA,2.0,2026-05-21,2026-05-21,true,Hecho,Alto,Sebastian Ballesteros,N/A,,implementation_schoolpack:ACT-77,,,,,,,,,,,,,,,,,,,,,,,,,,,,,,,"{""B"": ""Jardín Infantil y Prescolar Pequeños Talentos"", ""C"": ""Visualizacion de gestion financiera (Web) Gestion del estudiante: Capacitación PENDIENTE ACTA "", ""D"": ""2.0"", ""E"": ""46163.0"", ""F"": true, ""G"": ""46163.0"", ""H"": ""Hecho"", ""I"": ""Alto"", ""J"": ""N/A"", ""K"": ""Sebastian Ballesteros""}","{""J"": """"}",implementation_schoolpack,TASK_BELONGS_TO_PROJECT_TEMPLATE,HISTORICAL_TASK_BOUND_TO_PROJECT_TEMPLATE_NOT_TEMPLATE_ACTIVITY,,
tareas,TSK000667,task,✅Lista de Tareas,683,PRJ0040,Jardín Infantil y Prescolar Pequeños Talentos,Jardín Infantil y Prescolar Pequeños Talentos,Implementación,Schoolpack,implementation_schoolpack,Matrículas,Actividad,TSK000667,Matriculas: Configuración Inicial y Capacitación y acta (Recibos de matricula) PENDIENTE ACTA,2.0,2026-05-26,2026-05-26,true,Hecho,Alto,Sebastian Ballesteros,N/A,,implementation_schoolpack:ACT-78,,,,,,,,,,,,,,,,,,,,,,,,,,,,,,,"{""B"": ""Jardín Infantil y Prescolar Pequeños Talentos"", ""C"": ""Matriculas: Configuración Inicial y Capacitación y acta (Recibos de matricula) PENDIENTE ACTA"", ""D"": ""2.0"", ""E"": ""46168.0"", ""F"": true, ""G"": ""46168.0"", ""H"": ""Hecho"", ""I"": ""Alto"", ""J"": ""N/A"", ""K"": ""Sebastian Ballesteros""}","{""J"": """"}",implementation_schoolpack,TASK_BELONGS_TO_PROJECT_TEMPLATE,HISTORICAL_TASK_BOUND_TO_PROJECT_TEMPLATE_NOT_TEMPLATE_ACTIVITY,,
tareas,TSK000668,task,✅Lista de Tareas,684,PRJ0040,Jardín Infantil y Prescolar Pequeños Talentos,Jardín Infantil y Prescolar Pequeños Talentos,Implementación,Schoolpack,implementation_schoolpack,Matrículas,Actividad,TSK000668,Matriculas: Acompañamiento y reportes estandar del sistema,2.0,2026-05-28,2026-06-02,true,Hecho,Alto,Carmen Donoso,N/A,,implementation_schoolpack:ACT-79,,,,,,,,,,,,,,,,,,,,,,,,,,,,,,,"{""B"": ""Jardín Infantil y Prescolar Pequeños Talentos"", ""C"": ""Matriculas: Acompañamiento y reportes estandar del sistema"", ""D"": ""2.0"", ""E"": ""46170.0"", ""F"": true, ""G"": ""46175.0"", ""H"": ""Hecho"", ""I"": ""Alto"", ""J"": ""N/A"", ""K"": ""Carmen Donoso""}","{""J"": """"}",implementation_schoolpack,TASK_BELONGS_TO_PROJECT_TEMPLATE,HISTORICAL_TASK_BOUND_TO_PROJECT_TEMPLATE_NOT_TEMPLATE_ACTIVITY,,
tareas,TSK000669,task,✅Lista de Tareas,685,PRJ0040,Jardín Infantil y Prescolar Pequeños Talentos,Jardín Infantil y Prescolar Pequeños Talentos,Implementación,Schoolpack,implementation_schoolpack,Admisiones,Actividad,TSK000669,"Admisiones: Configuración inicial, Capacitación y acta PENDIENTE ACTA",2.0,2026-05-12,2026-05-12,true,Hecho,Alto,Sebastian Ballesteros,N/A,,implementation_schoolpack:ACT-80,,,,,,,,,,,,,,,,,,,,,,,,,,,,,,,"{""B"": ""Jardín Infantil y Prescolar Pequeños Talentos"", ""C"": ""Admisiones: Configuración inicial, Capacitación y acta PENDIENTE ACTA"", ""D"": ""2.0"", ""E"": ""46154.0"", ""F"": true, ""G"": ""46154.0"", ""H"": ""Hecho"", ""I"": ""Alto"", ""J"": ""N/A"", ""K"": ""Sebastian Ballesteros""}","{""J"": """"}",implementation_schoolpack,TASK_BELONGS_TO_PROJECT_TEMPLATE,HISTORICAL_TASK_BOUND_TO_PROJECT_TEMPLATE_NOT_TEMPLATE_ACTIVITY,,
tareas,TSK000670,task,✅Lista de Tareas,686,PRJ0040,Jardín Infantil y Prescolar Pequeños Talentos,Jardín Infantil y Prescolar Pequeños Talentos,Implementación,Schoolpack,implementation_schoolpack,Admisiones,Actividad,TSK000670,Admisiones: Acompañamiento y resportes estandar del sistema,2.0,2026-05-14,2026-05-14,true,Hecho,Alto,Carmen Donoso,N/A,,implementation_schoolpack:ACT-81,,,,,,,,,,,,,,,,,,,,,,,,,,,,,,,"{""B"": ""Jardín Infantil y Prescolar Pequeños Talentos"", ""C"": ""Admisiones: Acompañamiento y resportes estandar del sistema"", ""D"": ""2.0"", ""E"": ""46156.0"", ""F"": true, ""G"": ""46156.0"", ""H"": ""Hecho"", ""I"": ""Alto"", ""J"": ""N/A"", ""K"": ""Carmen Donoso""}","{""J"": """"}",implementation_schoolpack,TASK_BELONGS_TO_PROJECT_TEMPLATE,HISTORICAL_TASK_BOUND_TO_PROJECT_TEMPLATE_NOT_TEMPLATE_ACTIVITY,,
tareas,TSK000671,task,✅Lista de Tareas,687,PRJ0040,Jardín Infantil y Prescolar Pequeños Talentos,Jardín Infantil y Prescolar Pequeños Talentos,Implementación,Schoolpack,implementation_schoolpack,Académico,Actividad,TSK000671,Academico: Configuracion academica aplicada (Areas y asignaturas): Configuración y Capacitación,2.0,2026-06-02,2026-06-02,true,Hecho,Alto,Carmen Donoso,N/A,,implementation_schoolpack:ACT-82,,,,,,,,,,,,,,,,,,,,,,,,,,,,,,,"{""B"": ""Jardín Infantil y Prescolar Pequeños Talentos"", ""C"": ""Academico: Configuracion academica aplicada (Areas y asignaturas): Configuración y Capacitación"", ""D"": ""2.0"", ""E"": ""46175.0"", ""F"": true, ""G"": ""46175.0"", ""H"": ""Hecho"", ""I"": ""Alto"", ""J"": ""N/A"", ""K"": ""Carmen Donoso""}","{""J"": """"}",implementation_schoolpack,TASK_BELONGS_TO_PROJECT_TEMPLATE,HISTORICAL_TASK_BOUND_TO_PROJECT_TEMPLATE_NOT_TEMPLATE_ACTIVITY,,
tareas,TSK000672,task,✅Lista de Tareas,688,PRJ0040,Jardín Infantil y Prescolar Pequeños Talentos,Jardín Infantil y Prescolar Pequeños Talentos,Implementación,Schoolpack,implementation_schoolpack,Académico,Actividad,TSK000672,Academico: Programación de criterios evaluativos (Silabus): Configuración y Capacitación,2.0,2026-07-07,2026-07-07,true,Hecho,Alto,Carmen Donoso,N/A,,implementation_schoolpack:ACT-83,,,,,,,,,,,,,,,,,,,,,,,,,,,,,,,"{""B"": ""Jardín Infantil y Prescolar Pequeños Talentos"", ""C"": ""Academico: Programación de criterios evaluativos (Silabus): Configuración y Capacitación "", ""D"": ""2.0"", ""E"": ""46210.0"", ""F"": true, ""G"": ""46210.0"", ""H"": ""Hecho"", ""I"": ""Alto"", ""J"": ""N/A"", ""K"": ""Carmen Donoso""}","{""J"": """"}",implementation_schoolpack,TASK_BELONGS_TO_PROJECT_TEMPLATE,HISTORICAL_TASK_BOUND_TO_PROJECT_TEMPLATE_NOT_TEMPLATE_ACTIVITY,,
tareas,TSK000673,task,✅Lista de Tareas,689,PRJ0040,Jardín Infantil y Prescolar Pequeños Talentos,Jardín Infantil y Prescolar Pequeños Talentos,Implementación,Schoolpack,implementation_schoolpack,Académico,Actividad,TSK000673,Academico: Programación plan de clase (Planeador) y Creacion y publicacion de actividades de trabajo independiente (Tareas): Configuración y Capacitación,2.0,2026-07-07,2026-07-07,true,Hecho,Alto,Carmen Donoso,N/A,,implementation_schoolpack:ACT-84,,,,,,,,,,,,,,,,,,,,,,,,,,,,,,,"{""B"": ""Jardín Infantil y Prescolar Pequeños Talentos"", ""C"": ""Academico: Programación plan de clase (Planeador) y Creacion y publicacion de actividades de trabajo independiente (Tareas): Configuración y Capacitación "", ""D"": ""2.0"", ""E"": ""46210.0"", ""F"": true, ""G"": ""46210.0"", ""H"": ""Hecho"", ""I"": ""Alto"", ""J"": ""N/A"", ""K"": ""Carmen Donoso""}","{""J"": """"}",implementation_schoolpack,TASK_BELONGS_TO_PROJECT_TEMPLATE,HISTORICAL_TASK_BOUND_TO_PROJECT_TEMPLATE_NOT_TEMPLATE_ACTIVITY,,
tareas,TSK000674,task,✅Lista de Tareas,690,PRJ0040,Jardín Infantil y Prescolar Pequeños Talentos,Jardín Infantil y Prescolar Pequeños Talentos,Implementación,Schoolpack,implementation_schoolpack,Académico,Actividad,TSK000674,Academico: Registro de valoraciones (Competencias y metas): Configuración y Capacitación,2.0,2026-07-09,2026-07-29,true,Hecho,Alto,Carmen Donoso,N/A,,implementation_schoolpack:ACT-85,,,,,,,,,,,,,,,,,,,,,,,,,,,,,,,"{""B"": ""Jardín Infantil y Prescolar Pequeños Talentos"", ""C"": ""Academico: Registro de valoraciones (Competencias y metas): Configuración y Capacitación "", ""D"": ""2.0"", ""E"": ""46212.0"", ""F"": true, ""G"": ""46232.0"", ""H"": ""Hecho"", ""I"": ""Alto"", ""J"": ""N/A"", ""K"": ""Carmen Donoso""}","{""J"": """"}",implementation_schoolpack,TASK_BELONGS_TO_PROJECT_TEMPLATE,HISTORICAL_TASK_BOUND_TO_PROJECT_TEMPLATE_NOT_TEMPLATE_ACTIVITY,,
tareas,TSK000675,task,✅Lista de Tareas,691,PRJ0040,Jardín Infantil y Prescolar Pequeños Talentos,Jardín Infantil y Prescolar Pequeños Talentos,Implementación,Schoolpack,implementation_schoolpack,Académico,Actividad,TSK000675,Academico: Visualizacion de gestion academica (Alumno Web) y Publicación de Pensum: Configuración y Capacitación,2.0,2026-07-29,2026-07-29,true,Hecho,Alto,Carmen Donoso,N/A,,implementation_schoolpack:ACT-86,,,,,,,,,,,,,,,,,,,,,,,,,,,,,,,"{""B"": ""Jardín Infantil y Prescolar Pequeños Talentos"", ""C"": ""Academico: Visualizacion de gestion academica (Alumno Web) y Publicación de Pensum: Configuración y Capacitación"", ""D"": ""2.0"", ""E"": ""46232.0"", ""F"": true, ""G"": ""46232.0"", ""H"": ""Hecho"", ""I"": ""Alto"", ""J"": ""N/A"", ""K"": ""Carmen Donoso""}","{""J"": """"}",implementation_schoolpack,TASK_BELONGS_TO_PROJECT_TEMPLATE,HISTORICAL_TASK_BOUND_TO_PROJECT_TEMPLATE_NOT_TEMPLATE_ACTIVITY,,
tareas,TSK000676,task,✅Lista de Tareas,692,PRJ0040,Jardín Infantil y Prescolar Pequeños Talentos,Jardín Infantil y Prescolar Pequeños Talentos,Implementación,Schoolpack,implementation_schoolpack,Capacitación,Actividad,TSK000676,Comunicaciones: Manejo de PQR´s/Atencion al usuario: Configuración y Capacitación (PENDIENTE ACTA),2.0,2026-07-31,2026-08-10,true,Hecho,Alto,Carmen Donoso,N/A,,implementation_schoolpack:ACT-87,,,,,,,,,,,,,,,,,,,,,,,,,,,,,,,"{""B"": ""Jardín Infantil y Prescolar Pequeños Talentos"", ""C"": ""Comunicaciones: Manejo de PQR´s/Atencion al usuario: Configuración y Capacitación (PENDIENTE ACTA)"", ""D"": ""2.0"", ""E"": ""46234.0"", ""F"": true, ""G"": ""46244.0"", ""H"": ""Hecho"", ""I"": ""Alto"", ""J"": ""N/A"", ""K"": ""Carmen Donoso""}","{""J"": """"}",implementation_schoolpack,TASK_BELONGS_TO_PROJECT_TEMPLATE,HISTORICAL_TASK_BOUND_TO_PROJECT_TEMPLATE_NOT_TEMPLATE_ACTIVITY,,
tareas,TSK000677,task,✅Lista de Tareas,693,PRJ0040,Jardín Infantil y Prescolar Pequeños Talentos,Jardín Infantil y Prescolar Pequeños Talentos,Implementación,Schoolpack,implementation_schoolpack,Capacitación,Actividad,TSK000677,Comunicaciones 2: Manejo de PQR´s/Atencion al usuario: Capacitación 2,2.0,2026-08-05,2026-08-05,true,Hecho,Alto,Carmen Donoso,N/A,,implementation_schoolpack:ACT-88,,,,,,,,,,,,,,,,,,,,,,,,,,,,,,,"{""B"": ""Jardín Infantil y Prescolar Pequeños Talentos"", ""C"": ""Comunicaciones 2: Manejo de PQR´s/Atencion al usuario: Capacitación 2"", ""D"": ""2.0"", ""E"": ""46239.0"", ""F"": true, ""G"": ""46239.0"", ""H"": ""Hecho"", ""I"": ""Alto"", ""J"": ""N/A"", ""K"": ""Carmen Donoso""}","{""J"": """"}",implementation_schoolpack,TASK_BELONGS_TO_PROJECT_TEMPLATE,HISTORICAL_TASK_BOUND_TO_PROJECT_TEMPLATE_NOT_TEMPLATE_ACTIVITY,,
tareas,TSK000678,task,✅Lista de Tareas,694,PRJ0040,Jardín Infantil y Prescolar Pequeños Talentos,Jardín Infantil y Prescolar Pequeños Talentos,Implementación,Schoolpack,implementation_schoolpack,Desarrollos a la medida,Actividad,TSK000678,Desarrollo habilitar la opción de adjuntos en el observador: ENVIAR DOCUMENTO,2.0,2026-08-06,2026-08-12,true,Hecho,Alto,Carmen Donoso,N/A,,implementation_schoolpack:ACT-89,,,,,,,,,,,,,,,,,,,,,,,,,,,,,,,"{""B"": ""Jardín Infantil y Prescolar Pequeños Talentos"", ""C"": ""Desarrollo habilitar la opción de adjuntos en el observador: ENVIAR DOCUMENTO"", ""D"": ""2.0"", ""E"": ""46240.0"", ""F"": true, ""G"": ""46246.0"", ""H"": ""Hecho"", ""I"": ""Alto"", ""J"": ""N/A"", ""K"": ""Carmen Donoso""}","{""J"": """"}",implementation_schoolpack,TASK_BELONGS_TO_PROJECT_TEMPLATE,HISTORICAL_TASK_BOUND_TO_PROJECT_TEMPLATE_NOT_TEMPLATE_ACTIVITY,,
tareas,TSK000679,task,✅Lista de Tareas,695,PRJ0027,Casa sobre la Roca - Nuevo Gimnasio Cristiano,Casa sobre la Roca - Nuevo Gimnasio Cristiano,Soporte,Schoolpack,support,Documentación / Actas / Entrega,Actividad,TSK000679,Sesión Precensial Parte 2: Modelo de valoración Preescolar (Pendiente Acta),4.0,2026-08-18,2026-08-18,true,Hecho,Alto,Carmen Donoso,N/A,,support:ACT-393,,,,,,,,,,,,,,,,,,,,,,,,,,,,,,,"{""B"": ""Casa sobre la Roca - Nuevo Gimnasio Cristiano"", ""C"": ""Sesión Precensial Parte 2: Modelo de valoración Preescolar (Pendiente Acta)"", ""D"": ""4.0"", ""E"": ""46252.0"", ""F"": true, ""G"": ""46252.0"", ""H"": ""Hecho"", ""I"": ""Alto"", ""J"": ""N/A"", ""K"": ""Carmen Donoso""}","{""J"": """"}",support,TASK_BELONGS_TO_PROJECT_TEMPLATE,HISTORICAL_TASK_BOUND_TO_PROJECT_TEMPLATE_NOT_TEMPLATE_ACTIVITY,,
tareas,TSK000680,task,✅Lista de Tareas,696,PRJ0027,Casa sobre la Roca - Nuevo Gimnasio Cristiano,Casa sobre la Roca - Nuevo Gimnasio Cristiano,Soporte,Schoolpack,support,Académico,Actividad,TSK000680,Caracterización y capacitación academico y comunicaciones: 10 sesiones Presencial,8.0,2026-09-01,2026-09-01,true,Hecho,Alto,Carmen Donoso,N/A,8 a 3pm,support:ACT-394,,,,,,,,,,,,,,,,,,,,,,,,,,,,,,,"{""B"": ""Casa sobre la Roca - Nuevo Gimnasio Cristiano"", ""C"": ""Caracterización y capacitación academico y comunicaciones: 10 sesiones Presencial"", ""D"": ""8.0"", ""E"": ""46266.0"", ""F"": true, ""G"": ""46266.0"", ""H"": ""Hecho"", ""I"": ""Alto"", ""J"": ""N/A"", ""K"": ""Carmen Donoso"", ""L"": ""8 a 3pm""}","{""J"": """"}",support,TASK_BELONGS_TO_PROJECT_TEMPLATE,HISTORICAL_TASK_BOUND_TO_PROJECT_TEMPLATE_NOT_TEMPLATE_ACTIVITY,,
tareas,TSK000681,task,✅Lista de Tareas,697,PRJ0027,Casa sobre la Roca - Nuevo Gimnasio Cristiano,Casa sobre la Roca - Nuevo Gimnasio Cristiano,Soporte,Schoolpack,support,Reuniones y coordinación,Actividad,TSK000681,Reunión Bienestar,2.0,2026-08-31,2026-08-31,true,Hecho,Alto,Carmen Donoso,N/A,Utilizar el modulo parcialmente,support:ACT-395,,,,,,,,,,,,,,,,,,,,,,,,,,,,,,,"{""B"": ""Casa sobre la Roca - Nuevo Gimnasio Cristiano"", ""C"": ""Reunión Bienestar"", ""D"": ""2.0"", ""E"": ""46265.0"", ""F"": true, ""G"": ""46265.0"", ""H"": ""Hecho"", ""I"": ""Alto"", ""J"": ""N/A"", ""K"": ""Carmen Donoso"", ""L"": ""Utilizar el modulo parcialmente""}","{""J"": """"}",support,TASK_BELONGS_TO_PROJECT_TEMPLATE,HISTORICAL_TASK_BOUND_TO_PROJECT_TEMPLATE_NOT_TEMPLATE_ACTIVITY,,
tareas,TSK000682,task,✅Lista de Tareas,698,PRJ0027,Casa sobre la Roca - Nuevo Gimnasio Cristiano,Casa sobre la Roca - Nuevo Gimnasio Cristiano,Soporte,Schoolpack,support,Reuniones y coordinación,Actividad,TSK000682,Visita presencial: Bienestar e Inclusión,3.0,2026-09-04,2026-09-04,true,Hecho,Alto,Carmen Donoso,N/A,,support:ACT-396,,,,,,,,,,,,,,,,,,,,,,,,,,,,,,,"{""B"": ""Casa sobre la Roca - Nuevo Gimnasio Cristiano"", ""C"": ""Visita presencial: Bienestar e Inclusión"", ""D"": ""3.0"", ""E"": ""46269.0"", ""F"": true, ""G"": ""46269.0"", ""H"": ""Hecho"", ""I"": ""Alto"", ""J"": ""N/A"", ""K"": ""Carmen Donoso""}","{""J"": """"}",support,TASK_BELONGS_TO_PROJECT_TEMPLATE,HISTORICAL_TASK_BOUND_TO_PROJECT_TEMPLATE_NOT_TEMPLATE_ACTIVITY,,
tareas,TSK000683,task,✅Lista de Tareas,699,PRJ0045,Colegio Restrepo Molina,Colegio Restrepo Molina,Soporte,Schoolpack,support,Configuración / Parametrización,Actividad,TSK000683,Importación y configuraciones,2.0,2026-09-03,2026-09-03,true,Hecho,Alto,Carmen Donoso,N/A,,support:ACT-397,,,,,,,,,,,,,,,,,,,,,,,,,,,,,,,"{""B"": ""Colegio Restrepo Molina"", ""C"": ""Importación y configuraciones "", ""D"": ""2.0"", ""E"": ""46268.0"", ""F"": true, ""G"": ""46268.0"", ""H"": ""Hecho"", ""I"": ""Alto"", ""J"": ""N/A"", ""K"": ""Carmen Donoso""}","{""J"": """"}",support,TASK_BELONGS_TO_PROJECT_TEMPLATE,HISTORICAL_TASK_BOUND_TO_PROJECT_TEMPLATE_NOT_TEMPLATE_ACTIVITY,,
tareas,TSK000684,task,✅Lista de Tareas,700,PRJ0043,Upwaresoft,Upwaresoft,Soporte,Implementado,support,Documentación / Actas / Entrega,Actividad,TSK000684,Realizar relación de las posibles optimizaciones sobre Schoolpack: Documentación,2.0,2026-08-18,2026-08-18,true,Hecho,Alto,Carmen Donoso,N/A,,support:ACT-398,,,,,,,,,,,,,,,,,,,,,,,,,,,,,,,"{""B"": ""Upwaresoft"", ""C"": ""Realizar relación de las posibles optimizaciones sobre Schoolpack: Documentación"", ""D"": ""2.0"", ""E"": ""46252.0"", ""F"": true, ""G"": ""46252.0"", ""H"": ""Hecho"", ""I"": ""Alto"", ""J"": ""N/A"", ""K"": ""Carmen Donoso""}","{""J"": ""IF(OR(F700=TRUE,G700>0,H700=\""Done\"",ISBLANK(E700)),\""N/A\"",IF($B$5<=E700,\""N/A\"",\""Overdue\""))""}",support,TASK_BELONGS_TO_PROJECT_TEMPLATE,HISTORICAL_TASK_BOUND_TO_PROJECT_TEMPLATE_NOT_TEMPLATE_ACTIVITY,,
tareas,TSK000685,task,✅Lista de Tareas,701,PRJ0027,Casa sobre la Roca - Nuevo Gimnasio Cristiano,Casa sobre la Roca - Nuevo Gimnasio Cristiano,Soporte,Schoolpack,support,Otros,Actividad,TSK000685,Generación del primer informe parcial,1.0,2026-09-01,,false,No iniciado,Alto,Carmen Donoso,Overdue,,support:ACT-399,,,,,,,,,,,,,,,,,,,,,,,,,,,,,,,"{""B"": ""Casa sobre la Roca - Nuevo Gimnasio Cristiano"", ""C"": ""Generación del primer informe parcial"", ""D"": ""1.0"", ""E"": ""46266.0"", ""F"": false, ""H"": ""No iniciado"", ""I"": ""Alto"", ""J"": ""Overdue"", ""K"": ""Carmen Donoso""}","{""J"": """"}",support,TASK_BELONGS_TO_PROJECT_TEMPLATE,HISTORICAL_TASK_BOUND_TO_PROJECT_TEMPLATE_NOT_TEMPLATE_ACTIVITY,,
tareas,TSK000686,task,✅Lista de Tareas,702,PRJ0048,Liceo el Rosal,Liceo el Rosal,Soporte,Schoolpack,support,Otros,Actividad,TSK000686,Control de cambios a los boletines y libros finales de inclusión y primaria y secundaria del rosal,2.0,2026-08-18,2026-08-21,false,En progreso,Alto,Carmen Donoso,N/A,,support:ACT-400,,,,,,,,,,,,,,,,,,,,,,,,,,,,,,,"{""B"": ""Liceo el Rosal"", ""C"": ""Control de cambios a los boletines y libros finales de inclusión y primaria y secundaria del rosal"", ""D"": ""2.0"", ""E"": ""46252.0"", ""F"": false, ""G"": ""46255.0"", ""H"": ""En progreso"", ""I"": ""Alto"", ""J"": ""N/A"", ""K"": ""Carmen Donoso""}","{""J"": """"}",support,TASK_BELONGS_TO_PROJECT_TEMPLATE,HISTORICAL_TASK_BOUND_TO_PROJECT_TEMPLATE_NOT_TEMPLATE_ACTIVITY,,
tareas,TSK000687,task,✅Lista de Tareas,703,PRJ0040,Jardín Infantil y Prescolar Pequeños Talentos,Jardín Infantil y Prescolar Pequeños Talentos,Implementación,Schoolpack,implementation_schoolpack,Capacitación,Actividad,TSK000687,"Adicionales: Configuración y Capacitación (Bienestar, Recursos Fisicos, Evaluación 360, Biblioteca, Extracurriculares, Tienda virtual) Pendiente acta CAMILO",6.0,2026-08-20,2026-08-20,true,Hecho,Alto,Carmen Donoso,N/A,Biblioteca no,implementation_schoolpack:ACT-90,,,,,,,,,,,,,,,,,,,,,,,,,,,,,,,"{""B"": ""Jardín Infantil y Prescolar Pequeños Talentos"", ""C"": ""Adicionales: Configuración y Capacitación (Bienestar, Recursos Fisicos, Evaluación 360, Biblioteca, Extracurriculares, Tienda virtual) Pendiente acta CAMILO"", ""D"": ""6.0"", ""E"": ""46254.0"", ""F"": true, ""G"": ""46254.0"", ""H"": ""Hecho"", ""I"": ""Alto"", ""J"": ""N/A"", ""K"": ""Carmen Donoso"", ""L"": ""Biblioteca no""}","{""J"": ""if(or(F703=TRUE,G703>0,H703=\""Done\"",isblank(E703)),\""N/A\"",if($B$5<=E703,\""N/A\"",\""Overdue\""))""}",implementation_schoolpack,TASK_BELONGS_TO_PROJECT_TEMPLATE,HISTORICAL_TASK_BOUND_TO_PROJECT_TEMPLATE_NOT_TEMPLATE_ACTIVITY,,
tareas,TSK000688,task,✅Lista de Tareas,704,PRJ0033,Binet,Binet,Soporte,Schoolpack,support,Desarrollos a la medida,Actividad,TSK000688,Entrega Desarrollo Reporte anticipos,1.0,2026-04-13,2026-04-13,true,Hecho,Medio,Sebastian Ballesteros,N/A,,support:ACT-401,,,,,,,,,,,,,,,,,,,,,,,,,,,,,,,"{""B"": ""Binet"", ""C"": ""Entrega Desarrollo Reporte anticipos"", ""D"": ""1.0"", ""E"": ""46125.0"", ""F"": true, ""G"": ""46125.0"", ""H"": ""Hecho"", ""I"": ""Medio"", ""J"": ""N/A"", ""K"": ""Sebastian Ballesteros""}","{""J"": """"}",support,TASK_BELONGS_TO_PROJECT_TEMPLATE,HISTORICAL_TASK_BOUND_TO_PROJECT_TEMPLATE_NOT_TEMPLATE_ACTIVITY,,
tareas,TSK000689,task,✅Lista de Tareas,705,PRJ0022,INPEC,INPEC,Implementación,Campuspack,implementation_campuspack,Capacitación,Actividad,TSK000689,Capacitación Bienestar,2.0,2026-04-21,2026-04-21,true,Hecho,Alto,Carmen Donoso,N/A,,implementation_campuspack:ACT-167,,,,,,,,,,,,,,,,,,,,,,,,,,,,,,,"{""B"": ""INPEC"", ""C"": ""Capacitación Bienestar"", ""D"": ""2.0"", ""E"": ""46133.0"", ""F"": true, ""G"": ""46133.0"", ""H"": ""Hecho"", ""I"": ""Alto"", ""J"": ""N/A"", ""K"": ""Carmen Donoso""}","{""J"": """"}",implementation_campuspack,TASK_BELONGS_TO_PROJECT_TEMPLATE,HISTORICAL_TASK_BOUND_TO_PROJECT_TEMPLATE_NOT_TEMPLATE_ACTIVITY,,
tareas,TSK000690,task,✅Lista de Tareas,706,PRJ0020,Comfaboy,Comfaboy,Soporte,Schoolpack,support,Admisiones,Actividad,TSK000690,Diagramas matriculas y admisiones con sus personalizaciones,1.0,2026-08-04,2026-08-04,true,Hecho,Alto,Sebastian Ballesteros,N/A,,support:ACT-402,,,,,,,,,,,,,,,,,,,,,,,,,,,,,,,"{""B"": ""Comfaboy"", ""C"": ""Diagramas matriculas y admisiones con sus personalizaciones"", ""D"": ""1.0"", ""E"": ""46238.0"", ""F"": true, ""G"": ""46238.0"", ""H"": ""Hecho"", ""I"": ""Alto"", ""J"": ""N/A"", ""K"": ""Sebastian Ballesteros""}","{""J"": """"}",support,TASK_BELONGS_TO_PROJECT_TEMPLATE,HISTORICAL_TASK_BOUND_TO_PROJECT_TEMPLATE_NOT_TEMPLATE_ACTIVITY,,
tareas,TSK000691,task,✅Lista de Tareas,707,PRJ0020,Comfaboy,Comfaboy,Soporte,Schoolpack,support,Facturación electrónica,Actividad,TSK000691,86808 - Recaudo mediante tarjeta de crédito - Seguimiento a eCollect para activación de TC,3.0,2026-08-17,2026-08-26,true,Hecho,Alto,Sebastian Ballesteros,N/A,,support:ACT-403,,,,,,,,,,,,,,,,,,,,,,,,,,,,,,,"{""B"": ""Comfaboy"", ""C"": ""86808 - Recaudo mediante tarjeta de crédito - Seguimiento a eCollect para activación de TC"", ""D"": ""3.0"", ""E"": ""46251.0"", ""F"": true, ""G"": ""46260.0"", ""H"": ""Hecho"", ""I"": ""Alto"", ""J"": ""N/A"", ""K"": ""Sebastian Ballesteros""}","{""J"": """"}",support,TASK_BELONGS_TO_PROJECT_TEMPLATE,HISTORICAL_TASK_BOUND_TO_PROJECT_TEMPLATE_NOT_TEMPLATE_ACTIVITY,,
tareas,TSK000692,task,✅Lista de Tareas,708,PRJ0020,Comfaboy,Comfaboy,Soporte,Schoolpack,support,Facturación electrónica,Actividad,TSK000692,86808 - Recaudo mediante tarjeta de crédito - Pruebas de que les salga la opción de TC,2.0,2026-08-17,2026-09-07,true,Hecho,Alto,Sebastian Ballesteros,N/A,,support:ACT-404,,,,,,,,,,,,,,,,,,,,,,,,,,,,,,,"{""B"": ""Comfaboy"", ""C"": ""86808 - Recaudo mediante tarjeta de crédito - Pruebas de que les salga la opción de TC "", ""D"": ""2.0"", ""E"": ""46251.0"", ""F"": true, ""G"": ""46272.0"", ""H"": ""Hecho"", ""I"": ""Alto"", ""J"": ""N/A"", ""K"": ""Sebastian Ballesteros""}","{""J"": """"}",support,TASK_BELONGS_TO_PROJECT_TEMPLATE,HISTORICAL_TASK_BOUND_TO_PROJECT_TEMPLATE_NOT_TEMPLATE_ACTIVITY,,
tareas,TSK000693,task,✅Lista de Tareas,709,PRJ0020,Comfaboy,Comfaboy,Soporte,Schoolpack,support,Capacitación,Actividad,TSK000693,Capacitación Publica y envia,2.0,2026-08-28,2026-08-28,true,Hecho,Alto,Sebastian Ballesteros,N/A,,support:ACT-405,,,,,,,,,,,,,,,,,,,,,,,,,,,,,,,"{""B"": ""Comfaboy"", ""C"": ""Capacitación Publica y envia"", ""D"": ""2.0"", ""E"": ""46262.0"", ""F"": true, ""G"": ""46262.0"", ""H"": ""Hecho"", ""I"": ""Alto"", ""J"": ""N/A"", ""K"": ""Sebastian Ballesteros""}","{""J"": """"}",support,TASK_BELONGS_TO_PROJECT_TEMPLATE,HISTORICAL_TASK_BOUND_TO_PROJECT_TEMPLATE_NOT_TEMPLATE_ACTIVITY,,
tareas,TSK000694,task,✅Lista de Tareas,710,PRJ0020,Comfaboy,Comfaboy,Soporte,Schoolpack,support,Capacitación,Actividad,TSK000694,Capacitación Publica y envia: ENVIAR OSE,1.0,2026-08-31,2026-09-01,true,Hecho,Alto,Sebastian Ballesteros,N/A,,support:ACT-406,,,,,,,,,,,,,,,,,,,,,,,,,,,,,,,"{""B"": ""Comfaboy"", ""C"": ""Capacitación Publica y envia: ENVIAR OSE "", ""D"": ""1.0"", ""E"": ""46265.0"", ""F"": true, ""G"": ""46266.0"", ""H"": ""Hecho"", ""I"": ""Alto"", ""J"": ""N/A"", ""K"": ""Sebastian Ballesteros""}","{""J"": """"}",support,TASK_BELONGS_TO_PROJECT_TEMPLATE,HISTORICAL_TASK_BOUND_TO_PROJECT_TEMPLATE_NOT_TEMPLATE_ACTIVITY,,
tareas,TSK000695,task,✅Lista de Tareas,711,PRJ0020,Comfaboy,Comfaboy,Soporte,Schoolpack,support,Capacitación,Actividad,TSK000695,88780 - Capacitación Publica y envia: Seguimiento a la aprobación de la OSE,2.0,2026-09-02,,true,En progreso,Alto,Sebastian Ballesteros,N/A,,support:ACT-407,,,,,,,,,,,,,,,,,,,,,,,,,,,,,,,"{""B"": ""Comfaboy"", ""C"": ""88780 - Capacitación Publica y envia: Seguimiento a la aprobación de la OSE"", ""D"": ""2.0"", ""E"": ""46267.0"", ""F"": true, ""H"": ""En progreso"", ""I"": ""Alto"", ""J"": ""N/A"", ""K"": ""Sebastian Ballesteros""}","{""J"": """"}",support,TASK_BELONGS_TO_PROJECT_TEMPLATE,HISTORICAL_TASK_BOUND_TO_PROJECT_TEMPLATE_NOT_TEMPLATE_ACTIVITY,,
tareas,TSK000696,task,✅Lista de Tareas,712,PRJ0020,Comfaboy,Comfaboy,Soporte,Schoolpack,support,Matrículas,Actividad,TSK000696,Documentación de requerimientos proceso de matriculas: DOCUMENTACIÓN de parte del cliente: Pendiente fecha de matriculas,2.0,2026-08-20,2026-09-04,false,En progreso,Alto,Sebastian Ballesteros,N/A,,support:ACT-408,,,,,,,,,,,,,,,,,,,,,,,,,,,,,,,"{""B"": ""Comfaboy"", ""C"": ""Documentación de requerimientos proceso de matriculas: DOCUMENTACIÓN de parte del cliente: Pendiente fecha de matriculas"", ""D"": ""2.0"", ""E"": ""46254.0"", ""F"": false, ""G"": ""46269.0"", ""H"": ""En progreso"", ""I"": ""Alto"", ""J"": ""N/A"", ""K"": ""Sebastian Ballesteros""}","{""J"": """"}",support,TASK_BELONGS_TO_PROJECT_TEMPLATE,HISTORICAL_TASK_BOUND_TO_PROJECT_TEMPLATE_NOT_TEMPLATE_ACTIVITY,,
tareas,TSK000697,task,✅Lista de Tareas,713,PRJ0020,Comfaboy,Comfaboy,Soporte,Schoolpack,support,Matrículas,Actividad,TSK000697,Capacitación visualización de documentos y proceso completo de matriculas,1.0,2026-08-21,2026-08-21,true,Hecho,Medio,Sebastian Ballesteros,N/A,10am,support:ACT-409,,,,,,,,,,,,,,,,,,,,,,,,,,,,,,,"{""B"": ""Comfaboy"", ""C"": ""Capacitación visualización de documentos y proceso completo de matriculas"", ""D"": ""1.0"", ""E"": ""46255.0"", ""F"": true, ""G"": ""46255.0"", ""H"": ""Hecho"", ""I"": ""Medio"", ""J"": ""N/A"", ""K"": ""Sebastian Ballesteros"", ""L"": ""10am""}","{""J"": """"}",support,TASK_BELONGS_TO_PROJECT_TEMPLATE,HISTORICAL_TASK_BOUND_TO_PROJECT_TEMPLATE_NOT_TEMPLATE_ACTIVITY,,
tareas,TSK000698,task,✅Lista de Tareas,714,PRJ0020,Comfaboy,Comfaboy,Soporte,Schoolpack,support,Documentación / Actas / Entrega,Actividad,TSK000698,88803 - Documentación la hoja de vida DOCUMENTACIÓN,2.0,2026-09-09,2026-09-09,false,En progreso,Alto,Sebastian Ballesteros,N/A,,support:ACT-410,,,,,,,,,,,,,,,,,,,,,,,,,,,,,,,"{""B"": ""Comfaboy"", ""C"": ""88803 - Documentación la hoja de vida DOCUMENTACIÓN "", ""D"": ""2.0"", ""E"": ""46274.0"", ""F"": false, ""G"": ""46274.0"", ""H"": ""En progreso"", ""I"": ""Alto"", ""J"": ""N/A"", ""K"": ""Sebastian Ballesteros""}","{""J"": """"}",support,TASK_BELONGS_TO_PROJECT_TEMPLATE,HISTORICAL_TASK_BOUND_TO_PROJECT_TEMPLATE_NOT_TEMPLATE_ACTIVITY,,
tareas,TSK000699,task,✅Lista de Tareas,715,PRJ0040,Jardín Infantil y Prescolar Pequeños Talentos,Jardín Infantil y Prescolar Pequeños Talentos,Implementación,Schoolpack,implementation_schoolpack,Integraciones,Actividad,TSK000699,"Interfaz Contable: Desarrollo de la interfaz contable, seguimiento (correo enviado el 27Jul) Configuración con don guillermo de la Interfaz",2.0,2026-07-27,2026-08-05,false,En progreso,Alto,Sebastian Ballesteros,N/A,,implementation_schoolpack:ACT-91,,,,,,,,,,,,,,,,,,,,,,,,,,,,,,,"{""B"": ""Jardín Infantil y Prescolar Pequeños Talentos"", ""C"": ""Interfaz Contable: Desarrollo de la interfaz contable, seguimiento (correo enviado el 27Jul) Configuración con don guillermo de la Interfaz"", ""D"": ""2.0"", ""E"": ""46230.0"", ""F"": false, ""G"": ""46239.0"", ""H"": ""En progreso"", ""I"": ""Alto"", ""J"": ""N/A"", ""K"": ""Sebastian Ballesteros""}","{""J"": """"}",implementation_schoolpack,TASK_BELONGS_TO_PROJECT_TEMPLATE,HISTORICAL_TASK_BOUND_TO_PROJECT_TEMPLATE_NOT_TEMPLATE_ACTIVITY,,
tareas,TSK000700,task,✅Lista de Tareas,716,PRJ0040,Jardín Infantil y Prescolar Pequeños Talentos,Jardín Infantil y Prescolar Pequeños Talentos,Implementación,Schoolpack,implementation_schoolpack,Firma electrónica,Actividad,TSK000700,"88043 - Firma electronica: Activación de los tenat y configurar los archivos HTML de los reportes, publicarlos dentro del tenant asignado y realizar la configuración de la API - Solicitar reportes por el sac",2.0,2026-06-23,2026-06-30,false,En progreso,Alto,Desarrollo,N/A,,implementation_schoolpack:ACT-92,,,,,,,,,,,,,,,,,,,,,,,,,,,,,,,"{""B"": ""Jardín Infantil y Prescolar Pequeños Talentos"", ""C"": ""88043 - Firma electronica: Activación de los tenat y configurar los archivos HTML de los reportes, publicarlos dentro del tenant asignado y realizar la configuración de la API - Solicitar reportes por el sac "", ""D"": ""2.0"", ""E"": ""46196.0"", ""F"": false, ""G"": ""46203.0"", ""H"": ""En progreso"", ""I"": ""Alto"", ""J"": ""N/A"", ""K"": ""Desarrollo""}","{""J"": """"}",implementation_schoolpack,TASK_BELONGS_TO_PROJECT_TEMPLATE,HISTORICAL_TASK_BOUND_TO_PROJECT_TEMPLATE_NOT_TEMPLATE_ACTIVITY,,
tareas,TSK000701,task,✅Lista de Tareas,717,PRJ0040,Jardín Infantil y Prescolar Pequeños Talentos,Jardín Infantil y Prescolar Pequeños Talentos,Implementación,Schoolpack,implementation_schoolpack,Botón de pagos,Actividad,TSK000701,Botón de pagos: Entrega de los codigos ACH SANTA BARBARA a eCollect,2.0,2026-05-20,2026-07-22,true,Hecho,Alto,Sebastian Ballesteros,N/A,,implementation_schoolpack:ACT-93,,,,,,,,,,,,,,,,,,,,,,,,,,,,,,,"{""B"": ""Jardín Infantil y Prescolar Pequeños Talentos"", ""C"": ""Botón de pagos: Entrega de los codigos ACH SANTA BARBARA a eCollect "", ""D"": ""2.0"", ""E"": ""46162.0"", ""F"": true, ""G"": ""46225.0"", ""H"": ""Hecho"", ""I"": ""Alto"", ""J"": ""N/A"", ""K"": ""Sebastian Ballesteros""}","{""J"": """"}",implementation_schoolpack,TASK_BELONGS_TO_PROJECT_TEMPLATE,HISTORICAL_TASK_BOUND_TO_PROJECT_TEMPLATE_NOT_TEMPLATE_ACTIVITY,,
tareas,TSK000702,task,✅Lista de Tareas,718,PRJ0040,Jardín Infantil y Prescolar Pequeños Talentos,Jardín Infantil y Prescolar Pequeños Talentos,Implementación,Schoolpack,implementation_schoolpack,Desarrollos a la medida,Actividad,TSK000702,Completar documentación Desarrollo: Boleteria de eventos (mapa del teatro),1.0,2026-06-05,2026-06-05,true,Hecho,Alto,Sebastian Ballesteros,N/A,,implementation_schoolpack:ACT-94,,,,,,,,,,,,,,,,,,,,,,,,,,,,,,,"{""B"": ""Jardín Infantil y Prescolar Pequeños Talentos"", ""C"": ""Completar documentación Desarrollo: Boleteria de eventos (mapa del teatro)"", ""D"": ""1.0"", ""E"": ""46178.0"", ""F"": true, ""G"": ""46178.0"", ""H"": ""Hecho"", ""I"": ""Alto"", ""J"": ""N/A"", ""K"": ""Sebastian Ballesteros""}","{""J"": """"}",implementation_schoolpack,TASK_BELONGS_TO_PROJECT_TEMPLATE,HISTORICAL_TASK_BOUND_TO_PROJECT_TEMPLATE_NOT_TEMPLATE_ACTIVITY,,
tareas,TSK000703,task,✅Lista de Tareas,719,PRJ0040,Jardín Infantil y Prescolar Pequeños Talentos,Jardín Infantil y Prescolar Pequeños Talentos,Implementación,Schoolpack,implementation_schoolpack,Financiero,Actividad,TSK000703,Capacitación financiera (PenDIENTE ACTA),2.0,2026-07-02,2026-07-02,true,Hecho,Alto,Sebastian Ballesteros,N/A,,implementation_schoolpack:ACT-95,,,,,,,,,,,,,,,,,,,,,,,,,,,,,,,"{""B"": ""Jardín Infantil y Prescolar Pequeños Talentos"", ""C"": ""Capacitación financiera (PenDIENTE ACTA)"", ""D"": ""2.0"", ""E"": ""46205.0"", ""F"": true, ""G"": ""46205.0"", ""H"": ""Hecho"", ""I"": ""Alto"", ""J"": ""N/A"", ""K"": ""Sebastian Ballesteros""}","{""J"": """"}",implementation_schoolpack,TASK_BELONGS_TO_PROJECT_TEMPLATE,HISTORICAL_TASK_BOUND_TO_PROJECT_TEMPLATE_NOT_TEMPLATE_ACTIVITY,,
tareas,TSK000704,task,✅Lista de Tareas,720,PRJ0040,Jardín Infantil y Prescolar Pequeños Talentos,Jardín Infantil y Prescolar Pequeños Talentos,Implementación,Schoolpack,implementation_schoolpack,Botón de pagos,Actividad,TSK000704,Botón de pagos: Activación del botón de pagos de parte de eCollect (Incidencias con ACH,2.0,2026-07-22,2026-09-02,true,Hecho,Alto,Sebastian Ballesteros,N/A,,implementation_schoolpack:ACT-96,,,,,,,,,,,,,,,,,,,,,,,,,,,,,,,"{""B"": ""Jardín Infantil y Prescolar Pequeños Talentos"", ""C"": ""Botón de pagos: Activación del botón de pagos de parte de eCollect (Incidencias con ACH"", ""D"": ""2.0"", ""E"": ""46225.0"", ""F"": true, ""G"": ""46267.0"", ""H"": ""Hecho"", ""I"": ""Alto"", ""J"": ""N/A"", ""K"": ""Sebastian Ballesteros""}","{""J"": """"}",implementation_schoolpack,TASK_BELONGS_TO_PROJECT_TEMPLATE,HISTORICAL_TASK_BOUND_TO_PROJECT_TEMPLATE_NOT_TEMPLATE_ACTIVITY,,
tareas,TSK000705,task,✅Lista de Tareas,721,PRJ0040,Jardín Infantil y Prescolar Pequeños Talentos,Jardín Infantil y Prescolar Pequeños Talentos,Implementación,Schoolpack,implementation_schoolpack,Botón de pagos,Actividad,TSK000705,Botón de pagos: Pruebas y Entrega de los botones de pago,2.0,2026-08-25,2026-08-28,false,No iniciado,Alto,Sebastian Ballesteros,N/A,,implementation_schoolpack:ACT-97,,,,,,,,,,,,,,,,,,,,,,,,,,,,,,,"{""B"": ""Jardín Infantil y Prescolar Pequeños Talentos"", ""C"": ""Botón de pagos: Pruebas y Entrega de los botones de pago "", ""D"": ""2.0"", ""E"": ""46259.0"", ""F"": false, ""G"": ""46262.0"", ""H"": ""No iniciado"", ""I"": ""Alto"", ""J"": ""N/A"", ""K"": ""Sebastian Ballesteros""}","{""J"": """"}",implementation_schoolpack,TASK_BELONGS_TO_PROJECT_TEMPLATE,HISTORICAL_TASK_BOUND_TO_PROJECT_TEMPLATE_NOT_TEMPLATE_ACTIVITY,,
tareas,TSK000706,task,✅Lista de Tareas,722,PRJ0040,Jardín Infantil y Prescolar Pequeños Talentos,Jardín Infantil y Prescolar Pequeños Talentos,Implementación,Schoolpack,implementation_schoolpack,Financiero,Actividad,TSK000706,Asignacion de servicios para causación,2.0,2026-08-05,2026-08-05,true,Hecho,Alto,Sebastian Ballesteros,N/A,,implementation_schoolpack:ACT-98,,,,,,,,,,,,,,,,,,,,,,,,,,,,,,,"{""B"": ""Jardín Infantil y Prescolar Pequeños Talentos"", ""C"": ""Asignacion de servicios para causación "", ""D"": ""2.0"", ""E"": ""46239.0"", ""F"": true, ""G"": ""46239.0"", ""H"": ""Hecho"", ""I"": ""Alto"", ""J"": ""N/A"", ""K"": ""Sebastian Ballesteros""}","{""J"": """"}",implementation_schoolpack,TASK_BELONGS_TO_PROJECT_TEMPLATE,HISTORICAL_TASK_BOUND_TO_PROJECT_TEMPLATE_NOT_TEMPLATE_ACTIVITY,,
tareas,TSK000707,task,✅Lista de Tareas,723,PRJ0040,Jardín Infantil y Prescolar Pequeños Talentos,Jardín Infantil y Prescolar Pequeños Talentos,Implementación,Schoolpack,implementation_schoolpack,Botón de pagos,Actividad,TSK000707,Botón de pagos: Entrega en productivo al cliente,2.0,2026-09-03,2026-09-03,true,Hecho,Alto,Sebastian Ballesteros,N/A,,implementation_schoolpack:ACT-99,,,,,,,,,,,,,,,,,,,,,,,,,,,,,,,"{""B"": ""Jardín Infantil y Prescolar Pequeños Talentos"", ""C"": ""Botón de pagos: Entrega en productivo al cliente "", ""D"": ""2.0"", ""E"": ""46268.0"", ""F"": true, ""G"": ""46268.0"", ""H"": ""Hecho"", ""I"": ""Alto"", ""J"": ""N/A"", ""K"": ""Sebastian Ballesteros""}","{""J"": """"}",implementation_schoolpack,TASK_BELONGS_TO_PROJECT_TEMPLATE,HISTORICAL_TASK_BOUND_TO_PROJECT_TEMPLATE_NOT_TEMPLATE_ACTIVITY,,
tareas,TSK000708,task,✅Lista de Tareas,724,PRJ0040,Jardín Infantil y Prescolar Pequeños Talentos,Jardín Infantil y Prescolar Pequeños Talentos,Implementación,Schoolpack,implementation_schoolpack,Facturación electrónica,Actividad,TSK000708,Entrega  de Facturación electronica en producción,2.0,2026-09-10,2026-09-10,true,Hecho,Alto,Sebastian Ballesteros,N/A,,implementation_schoolpack:ACT-100,,,,,,,,,,,,,,,,,,,,,,,,,,,,,,,"{""B"": ""Jardín Infantil y Prescolar Pequeños Talentos"", ""C"": ""Entrega  de Facturación electronica en producción "", ""D"": ""2.0"", ""E"": ""46275.0"", ""F"": true, ""G"": ""46275.0"", ""H"": ""Hecho"", ""I"": ""Alto"", ""J"": ""N/A"", ""K"": ""Sebastian Ballesteros""}","{""J"": """"}",implementation_schoolpack,TASK_BELONGS_TO_PROJECT_TEMPLATE,HISTORICAL_TASK_BOUND_TO_PROJECT_TEMPLATE_NOT_TEMPLATE_ACTIVITY,,
tareas,TSK000709,task,✅Lista de Tareas,725,PRJ0040,Jardín Infantil y Prescolar Pequeños Talentos,Jardín Infantil y Prescolar Pequeños Talentos,Implementación,Schoolpack,implementation_schoolpack,Facturación electrónica,Actividad,TSK000709,Capacitación de Facturación electronica Taxxa,2.0,2026-09-15,2026-09-15,false,En progreso,Alto,Sebastian Ballesteros,N/A,,implementation_schoolpack:ACT-101,,,,,,,,,,,,,,,,,,,,,,,,,,,,,,,"{""B"": ""Jardín Infantil y Prescolar Pequeños Talentos"", ""C"": ""Capacitación de Facturación electronica Taxxa"", ""D"": ""2.0"", ""E"": ""46280.0"", ""F"": false, ""G"": ""46280.0"", ""H"": ""En progreso"", ""I"": ""Alto"", ""J"": ""N/A"", ""K"": ""Sebastian Ballesteros""}","{""J"": """"}",implementation_schoolpack,TASK_BELONGS_TO_PROJECT_TEMPLATE,HISTORICAL_TASK_BOUND_TO_PROJECT_TEMPLATE_NOT_TEMPLATE_ACTIVITY,,
tareas,TSK000710,task,✅Lista de Tareas,726,PRJ0041,Tecnológico de artes Débora Arango,Tecnológico de artes Débora Arango,Implementación,Campuspack,implementation_campuspack,Facturación electrónica,Actividad,TSK000710,"87578 - Facturación electronica: Entrega de la documentación del cliente para activación de factura electronica. Rut Completo, CC del representante legal, Cámara y Comercio o documento equivalente no mayor a 30 días y SEGUIMIENTO A LA ENTREGA",2.0,2026-04-27,2026-04-27,false,En progreso,Alto,Sebastian Ballesteros,N/A,,implementation_campuspack:ACT-168,,,,,,,,,,,,,,,,,,,,,,,,,,,,,,,"{""B"": ""Tecnológico de artes Débora Arango"", ""C"": ""87578 - Facturación electronica: Entrega de la documentación del cliente para activación de factura electronica. Rut Completo, CC del representante legal, Cámara y Comercio o documento equivalente no mayor a 30 días y SEGUIMIENTO A LA ENTREGA"", ""D"": ""2.0"", ""E"": ""46139.0"", ""F"": false, ""G"": ""46139.0"", ""H"": ""En progreso"", ""I"": ""Alto"", ""J"": ""N/A"", ""K"": ""Sebastian Ballesteros""}","{""J"": """"}",implementation_campuspack,TASK_BELONGS_TO_PROJECT_TEMPLATE,HISTORICAL_TASK_BOUND_TO_PROJECT_TEMPLATE_NOT_TEMPLATE_ACTIVITY,,
tareas,TSK000711,task,✅Lista de Tareas,727,PRJ0041,Tecnológico de artes Débora Arango,Tecnológico de artes Débora Arango,Implementación,Campuspack,implementation_campuspack,Integraciones,Actividad,TSK000711,87579 - Interfaz Contable: Entrega de documentación del cliente: Malla y dinámica contable y archivo plano NOVASOFT SEGUIMIENTO A LA ENTREGA,2.0,2026-04-27,2026-04-27,false,En progreso,Alto,Sebastian Ballesteros,N/A,,implementation_campuspack:ACT-169,,,,,,,,,,,,,,,,,,,,,,,,,,,,,,,"{""B"": ""Tecnológico de artes Débora Arango"", ""C"": ""87579 - Interfaz Contable: Entrega de documentación del cliente: Malla y dinámica contable y archivo plano NOVASOFT SEGUIMIENTO A LA ENTREGA"", ""D"": ""2.0"", ""E"": ""46139.0"", ""F"": false, ""G"": ""46139.0"", ""H"": ""En progreso"", ""I"": ""Alto"", ""J"": ""N/A"", ""K"": ""Sebastian Ballesteros""}","{""J"": """"}",implementation_campuspack,TASK_BELONGS_TO_PROJECT_TEMPLATE,HISTORICAL_TASK_BOUND_TO_PROJECT_TEMPLATE_NOT_TEMPLATE_ACTIVITY,,
tareas,TSK000712,task,✅Lista de Tareas,728,PRJ0022,INPEC,INPEC,Implementación,Campuspack,implementation_campuspack,Capacitación,Actividad,TSK000712,Capacitación Recursos Físicos,2.0,2026-05-14,2026-05-14,true,Hecho,Alto,Sebastian Ballesteros,N/A,9 a 10am,implementation_campuspack:ACT-170,,,,,,,,,,,,,,,,,,,,,,,,,,,,,,,"{""B"": ""INPEC"", ""C"": ""Capacitación Recursos Físicos"", ""D"": ""2.0"", ""E"": ""46156.0"", ""F"": true, ""G"": ""46156.0"", ""H"": ""Hecho"", ""I"": ""Alto"", ""J"": ""N/A"", ""K"": ""Sebastian Ballesteros"", ""L"": ""9 a 10am""}","{""J"": """"}",implementation_campuspack,TASK_BELONGS_TO_PROJECT_TEMPLATE,HISTORICAL_TASK_BOUND_TO_PROJECT_TEMPLATE_NOT_TEMPLATE_ACTIVITY,,
tareas,TSK000713,task,✅Lista de Tareas,729,PRJ0022,INPEC,INPEC,Implementación,Campuspack,implementation_campuspack,Otros,Actividad,TSK000713,Implementación: Moodle,2.0,,,false,No iniciado,Alto,Jhoec Camayo,N/A,,implementation_campuspack:ACT-171,,,,,,,,,,,,,,,,,,,,,,,,,,,,,,,"{""B"": ""INPEC"", ""C"": ""Implementación: Moodle"", ""D"": ""2.0"", ""F"": false, ""H"": ""No iniciado"", ""I"": ""Alto"", ""J"": ""N/A"", ""K"": ""Jhoec Camayo""}","{""J"": """"}",implementation_campuspack,TASK_BELONGS_TO_PROJECT_TEMPLATE,HISTORICAL_TASK_BOUND_TO_PROJECT_TEMPLATE_NOT_TEMPLATE_ACTIVITY,,
tareas,TSK000714,task,✅Lista de Tareas,730,PRJ0008,Corazonistas,Corazonistas,Soporte,Implementado,support,Firma electrónica,Actividad,TSK000714,87461 - Firma electronica Colegio Antonio Nariño y Sagrado Barranquilla Puerto Colombia,2.0,2026-04-14,2026-04-14,false,En espera,Alto,Jhoec Camayo,N/A,,support:ACT-411,,,,,,,,,,,,,,,,,,,,,,,,,,,,,,,"{""B"": ""Corazonistas"", ""C"": ""87461 - Firma electronica Colegio Antonio Nariño y Sagrado Barranquilla Puerto Colombia"", ""D"": ""2.0"", ""E"": ""46126.0"", ""F"": false, ""G"": ""46126.0"", ""H"": ""En espera"", ""I"": ""Alto"", ""J"": ""N/A"", ""K"": ""Jhoec Camayo""}","{""J"": """"}",support,TASK_BELONGS_TO_PROJECT_TEMPLATE,HISTORICAL_TASK_BOUND_TO_PROJECT_TEMPLATE_NOT_TEMPLATE_ACTIVITY,,
tareas,TSK000715,task,✅Lista de Tareas,731,PRJ0041,Tecnológico de artes Débora Arango,Tecnológico de artes Débora Arango,Implementación,Campuspack,implementation_campuspack,Botón de pagos,Actividad,TSK000715,87580 - Botón de pagos: Entrega de códigos ACH y cartas autorizadoras AVALPAY SEGUIMIENTO A LA ENTREGA,2.0,2026-04-27,2026-05-08,false,En progreso,Alto,Sebastian Ballesteros,,,implementation_campuspack:ACT-172,,,,,,,,,,,,,,,,,,,,,,,,,,,,,,,"{""B"": ""Tecnológico de artes Débora Arango"", ""C"": ""87580 - Botón de pagos: Entrega de códigos ACH y cartas autorizadoras AVALPAY SEGUIMIENTO A LA ENTREGA"", ""D"": ""2.0"", ""E"": ""46139.0"", ""F"": false, ""G"": ""46150.0"", ""H"": ""En progreso"", ""I"": ""Alto"", ""K"": ""Sebastian Ballesteros""}",{},implementation_campuspack,TASK_BELONGS_TO_PROJECT_TEMPLATE,HISTORICAL_TASK_BOUND_TO_PROJECT_TEMPLATE_NOT_TEMPLATE_ACTIVITY,,
tareas,TSK000716,task,✅Lista de Tareas,732,PRJ0022,INPEC,INPEC,Implementación,Campuspack,implementation_campuspack,Admisiones,Actividad,TSK000716,87684 - Documentación de requerimientos adicionales de Admisiones (Seguimiento a la aprobación),1.0,2026-04-30,2026-05-08,true,Hecho,Urgente,Jhoec Camayo,,,implementation_campuspack:ACT-173,,,,,,,,,,,,,,,,,,,,,,,,,,,,,,,"{""B"": ""INPEC"", ""C"": ""87684 - Documentación de requerimientos adicionales de Admisiones (Seguimiento a la aprobación)"", ""D"": ""1.0"", ""E"": ""46142.0"", ""F"": true, ""G"": ""46150.0"", ""H"": ""Hecho"", ""I"": ""Urgente"", ""K"": ""Jhoec Camayo""}",{},implementation_campuspack,TASK_BELONGS_TO_PROJECT_TEMPLATE,HISTORICAL_TASK_BOUND_TO_PROJECT_TEMPLATE_NOT_TEMPLATE_ACTIVITY,,
tareas,TSK000717,task,✅Lista de Tareas,733,PRJ0022,INPEC,INPEC,Implementación,Campuspack,implementation_campuspack,Desarrollos a la medida,Actividad,TSK000717,Documentación Desarrollo 3: Requerimientos adicionales (Ajsutes a necesidas del pliego) (Seguimiento a la aprobación de Julieth),3.0,2026-04-21,2026-04-23,true,Hecho,Alto,Jhoec Camayo,N/A,,implementation_campuspack:ACT-174,,,,,,,,,,,,,,,,,,,,,,,,,,,,,,,"{""B"": ""INPEC"", ""C"": ""Documentación Desarrollo 3: Requerimientos adicionales (Ajsutes a necesidas del pliego) (Seguimiento a la aprobación de Julieth)"", ""D"": ""3.0"", ""E"": ""46133.0"", ""F"": true, ""G"": ""46135.0"", ""H"": ""Hecho"", ""I"": ""Alto"", ""J"": ""N/A"", ""K"": ""Jhoec Camayo""}","{""J"": ""if(or(F733=TRUE,G733>0,H733=\""Done\"",isblank(E733)),\""N/A\"",if($B$5<=E733,\""N/A\"",\""Overdue\""))""}",implementation_campuspack,TASK_BELONGS_TO_PROJECT_TEMPLATE,HISTORICAL_TASK_BOUND_TO_PROJECT_TEMPLATE_NOT_TEMPLATE_ACTIVITY,,
tareas,TSK000718,task,✅Lista de Tareas,734,PRJ0032,Americano Barranquilla,Americano Barranquilla,Soporte,Schoolpack,support,Otros,Actividad,TSK000718,Boletín Final de Calificaciones: Lo tiene Lorena,2.0,2026-04-16,2026-04-24,true,Hecho,Medio,Carmen Donoso,N/A,,support:ACT-412,,,,,,,,,,,,,,,,,,,,,,,,,,,,,,,"{""B"": ""Americano Barranquilla"", ""C"": ""Boletín Final de Calificaciones: Lo tiene Lorena"", ""D"": ""2.0"", ""E"": ""46128.0"", ""F"": true, ""G"": ""46136.0"", ""H"": ""Hecho"", ""I"": ""Medio"", ""J"": ""N/A"", ""K"": ""Carmen Donoso""}","{""J"": """"}",support,TASK_BELONGS_TO_PROJECT_TEMPLATE,HISTORICAL_TASK_BOUND_TO_PROJECT_TEMPLATE_NOT_TEMPLATE_ACTIVITY,,
tareas,TSK000719,task,✅Lista de Tareas,735,PRJ0022,INPEC,INPEC,Implementación,Campuspack,implementation_campuspack,Desarrollos a la medida,Actividad,TSK000719,Documentación Desarrollo 3. Sistema de evaluación disciplinaria (Procesos disciplinarios y comandos) Auditoria,2.0,2026-04-28,2026-04-30,false,En espera,Alto,Jhoec Camayo,N/A,,implementation_campuspack:ACT-175,,,,,,,,,,,,,,,,,,,,,,,,,,,,,,,"{""B"": ""INPEC"", ""C"": ""Documentación Desarrollo 3. Sistema de evaluación disciplinaria (Procesos disciplinarios y comandos) Auditoria "", ""D"": ""2.0"", ""E"": ""46140.0"", ""F"": false, ""G"": ""46142.0"", ""H"": ""En espera"", ""I"": ""Alto"", ""J"": ""N/A"", ""K"": ""Jhoec Camayo""}","{""J"": """"}",implementation_campuspack,TASK_BELONGS_TO_PROJECT_TEMPLATE,HISTORICAL_TASK_BOUND_TO_PROJECT_TEMPLATE_NOT_TEMPLATE_ACTIVITY,,
tareas,TSK000720,task,✅Lista de Tareas,736,PRJ0023,Contraloria,Contraloria,Soporte,Schoolpack,support,Reuniones y coordinación,Actividad,TSK000720,Sesión de Socialización Schoolpack,2.0,2026-04-27,2026-04-28,true,Hecho,Medio,Carmen Donoso,N/A,,support:ACT-413,,,,,,,,,,,,,,,,,,,,,,,,,,,,,,,"{""B"": ""Contraloria"", ""C"": ""Sesión de Socialización Schoolpack"", ""D"": ""2.0"", ""E"": ""46139.0"", ""F"": true, ""G"": ""46140.0"", ""H"": ""Hecho"", ""I"": ""Medio"", ""J"": ""N/A"", ""K"": ""Carmen Donoso""}","{""J"": """"}",support,TASK_BELONGS_TO_PROJECT_TEMPLATE,HISTORICAL_TASK_BOUND_TO_PROJECT_TEMPLATE_NOT_TEMPLATE_ACTIVITY,,
tareas,TSK000721,task,✅Lista de Tareas,737,PRJ0023,Contraloria,Contraloria,Soporte,Schoolpack,support,Otros,Actividad,TSK000721,Cuadro de modulos que utilizan de Schoolpack,2.0,2026-04-23,2026-04-27,true,Hecho,Medio,Carmen Donoso,N/A,,support:ACT-414,,,,,,,,,,,,,,,,,,,,,,,,,,,,,,,"{""B"": ""Contraloria"", ""C"": ""Cuadro de modulos que utilizan de Schoolpack"", ""D"": ""2.0"", ""E"": ""46135.0"", ""F"": true, ""G"": ""46139.0"", ""H"": ""Hecho"", ""I"": ""Medio"", ""J"": ""N/A"", ""K"": ""Carmen Donoso""}","{""J"": """"}",support,TASK_BELONGS_TO_PROJECT_TEMPLATE,HISTORICAL_TASK_BOUND_TO_PROJECT_TEMPLATE_NOT_TEMPLATE_ACTIVITY,,
tareas,TSK000722,task,✅Lista de Tareas,738,PRJ0022,INPEC,INPEC,Implementación,Campuspack,implementation_campuspack,Capacitación,Actividad,TSK000722,Capacitación Docente 3,2.0,2026-04-27,2026-04-27,true,Hecho,Alto,Carmen Donoso,N/A,11am,implementation_campuspack:ACT-176,,,,,,,,,,,,,,,,,,,,,,,,,,,,,,,"{""B"": ""INPEC"", ""C"": ""Capacitación Docente 3"", ""D"": ""2.0"", ""E"": ""46139.0"", ""F"": true, ""G"": ""46139.0"", ""H"": ""Hecho"", ""I"": ""Alto"", ""J"": ""N/A"", ""K"": ""Carmen Donoso"", ""L"": ""11am""}","{""J"": """"}",implementation_campuspack,TASK_BELONGS_TO_PROJECT_TEMPLATE,HISTORICAL_TASK_BOUND_TO_PROJECT_TEMPLATE_NOT_TEMPLATE_ACTIVITY,,
tareas,TSK000723,task,✅Lista de Tareas,739,PRJ0022,INPEC,INPEC,Implementación,Campuspack,implementation_campuspack,Capacitación,Actividad,TSK000723,Capacitación Comunicaciones PENDIENTE ACTA,2.0,2026-05-19,2026-05-19,true,Hecho,Alto,Sebastian Ballesteros,N/A,8:30am,implementation_campuspack:ACT-177,,,,,,,,,,,,,,,,,,,,,,,,,,,,,,,"{""B"": ""INPEC"", ""C"": ""Capacitación Comunicaciones PENDIENTE ACTA"", ""D"": ""2.0"", ""E"": ""46161.0"", ""F"": true, ""G"": ""46161.0"", ""H"": ""Hecho"", ""I"": ""Alto"", ""J"": ""N/A"", ""K"": ""Sebastian Ballesteros"", ""L"": ""8:30am""}","{""J"": """"}",implementation_campuspack,TASK_BELONGS_TO_PROJECT_TEMPLATE,HISTORICAL_TASK_BOUND_TO_PROJECT_TEMPLATE_NOT_TEMPLATE_ACTIVITY,,
tareas,TSK000724,task,✅Lista de Tareas,740,PRJ0003,The English School,The English School,Soporte,Schoolpack,support,Matrículas,Actividad,TSK000724,Modificación de los reportes de matrículas (Enviar OSE),10.0,2026-05-04,2026-05-07,true,Hecho,Alto,Jhoec Camayo,,,support:ACT-415,,,,,,,,,,,,,,,,,,,,,,,,,,,,,,,"{""B"": ""The English School"", ""C"": ""Modificación de los reportes de matrículas (Enviar OSE)"", ""D"": ""10.0"", ""E"": ""46146.0"", ""F"": true, ""G"": ""46149.0"", ""H"": ""Hecho"", ""I"": ""Alto"", ""K"": ""Jhoec Camayo""}",{},support,TASK_BELONGS_TO_PROJECT_TEMPLATE,HISTORICAL_TASK_BOUND_TO_PROJECT_TEMPLATE_NOT_TEMPLATE_ACTIVITY,,
tareas,TSK000725,task,✅Lista de Tareas,741,PRJ0043,Upwaresoft,Upwaresoft,Soporte,Implementado,support,Firma electrónica,Actividad,TSK000725,Lista de clientes con Firma electrónica para seguimiento (Calendario B),2.0,2026-05-04,2026-05-08,true,Hecho,Alto,Jhoec Camayo,N/A,,support:ACT-416,,,,,,,,,,,,,,,,,,,,,,,,,,,,,,,"{""B"": ""Upwaresoft"", ""C"": ""Lista de clientes con Firma electrónica para seguimiento (Calendario B)"", ""D"": ""2.0"", ""E"": ""46146.0"", ""F"": true, ""G"": ""46150.0"", ""H"": ""Hecho"", ""I"": ""Alto"", ""J"": ""N/A"", ""K"": ""Jhoec Camayo""}","{""J"": ""if(or(F741=TRUE,G741>0,H741=\""Done\"",isblank(E741)),\""N/A\"",if($B$5<=E741,\""N/A\"",\""Overdue\""))""}",support,TASK_BELONGS_TO_PROJECT_TEMPLATE,HISTORICAL_TASK_BOUND_TO_PROJECT_TEMPLATE_NOT_TEMPLATE_ACTIVITY,,
tareas,TSK000726,task,✅Lista de Tareas,742,PRJ0023,Contraloria,Contraloria,Soporte,Schoolpack,support,Otros,Actividad,TSK000726,Informe de Contraloria,2.0,2026-06-11,2026-06-16,true,Hecho,Alto,Jhoec Camayo,N/A,,support:ACT-417,,,,,,,,,,,,,,,,,,,,,,,,,,,,,,,"{""B"": ""Contraloria"", ""C"": ""Informe de Contraloria "", ""D"": ""2.0"", ""E"": ""46184.0"", ""F"": true, ""G"": ""46189.0"", ""H"": ""Hecho"", ""I"": ""Alto"", ""J"": ""N/A"", ""K"": ""Jhoec Camayo""}","{""J"": """"}",support,TASK_BELONGS_TO_PROJECT_TEMPLATE,HISTORICAL_TASK_BOUND_TO_PROJECT_TEMPLATE_NOT_TEMPLATE_ACTIVITY,,
tareas,TSK000727,task,✅Lista de Tareas,743,PRJ0042,Corp. Abraham Lincon,Corp. Abraham Lincon,Soporte,Schoolpack,support,Firma electrónica,Actividad,TSK000727,Sesión de firma electronica,,2026-05-07,2026-05-07,true,Hecho,Alto,Jhoec Camayo,N/A,,support:ACT-418,,,,,,,,,,,,,,,,,,,,,,,,,,,,,,,"{""B"": ""Corp. Abraham Lincon"", ""C"": ""Sesión de firma electronica"", ""E"": ""46149.0"", ""F"": true, ""G"": ""46149.0"", ""H"": ""Hecho"", ""I"": ""Alto"", ""J"": ""N/A"", ""K"": ""Jhoec Camayo""}","{""J"": """"}",support,TASK_BELONGS_TO_PROJECT_TEMPLATE,HISTORICAL_TASK_BOUND_TO_PROJECT_TEMPLATE_NOT_TEMPLATE_ACTIVITY,,
tareas,TSK000728,task,✅Lista de Tareas,744,PRJ0043,Upwaresoft,Upwaresoft,Soporte,Implementado,support,Desarrollos a la medida,Actividad,TSK000728,Estructura y formato de la documentación de un requerimiento,4.0,2026-05-07,2026-05-08,true,Hecho,Alto,Jhoec Camayo,N/A,,support:ACT-419,,,,,,,,,,,,,,,,,,,,,,,,,,,,,,,"{""B"": ""Upwaresoft"", ""C"": ""Estructura y formato de la documentación de un requerimiento "", ""D"": ""4.0"", ""E"": ""46149.0"", ""F"": true, ""G"": ""46150.0"", ""H"": ""Hecho"", ""I"": ""Alto"", ""J"": ""N/A"", ""K"": ""Jhoec Camayo""}","{""J"": """"}",support,TASK_BELONGS_TO_PROJECT_TEMPLATE,HISTORICAL_TASK_BOUND_TO_PROJECT_TEMPLATE_NOT_TEMPLATE_ACTIVITY,,
tareas,TSK000729,task,✅Lista de Tareas,745,PRJ0042,Corp. Abraham Lincon,Corp. Abraham Lincon,Soporte,Schoolpack,support,Firma electrónica,Actividad,TSK000729,87802 - Hacer modificaciones : Firma electronica,2.0,2026-05-22,2026-06-03,true,Hecho,Alto,Jhoec Camayo,N/A,,support:ACT-420,,,,,,,,,,,,,,,,,,,,,,,,,,,,,,,"{""B"": ""Corp. Abraham Lincon"", ""C"": ""87802 - Hacer modificaciones : Firma electronica "", ""D"": ""2.0"", ""E"": ""46164.0"", ""F"": true, ""G"": ""46176.0"", ""H"": ""Hecho"", ""I"": ""Alto"", ""J"": ""N/A"", ""K"": ""Jhoec Camayo""}","{""J"": """"}",support,TASK_BELONGS_TO_PROJECT_TEMPLATE,HISTORICAL_TASK_BOUND_TO_PROJECT_TEMPLATE_NOT_TEMPLATE_ACTIVITY,,
tareas,TSK000730,task,✅Lista de Tareas,746,PRJ0043,Upwaresoft,Upwaresoft,Soporte,Implementado,support,Financiero,Actividad,TSK000730,Documento de las Interfaces Contables (Estructura y dinámica): Formato e Instructivo con la IA,4.0,2026-05-04,2026-05-11,true,Hecho,Alto,Jhoec Camayo,N/A,,support:ACT-421,,,,,,,,,,,,,,,,,,,,,,,,,,,,,,,"{""B"": ""Upwaresoft"", ""C"": ""Documento de las Interfaces Contables (Estructura y dinámica): Formato e Instructivo con la IA "", ""D"": ""4.0"", ""E"": ""46146.0"", ""F"": true, ""G"": ""46153.0"", ""H"": ""Hecho"", ""I"": ""Alto"", ""J"": ""N/A"", ""K"": ""Jhoec Camayo""}","{""J"": """"}",support,TASK_BELONGS_TO_PROJECT_TEMPLATE,HISTORICAL_TASK_BOUND_TO_PROJECT_TEMPLATE_NOT_TEMPLATE_ACTIVITY,,
tareas,TSK000731,task,✅Lista de Tareas,747,PRJ0043,Upwaresoft,Upwaresoft,Soporte,Implementado,support,Documentación / Actas / Entrega,Actividad,TSK000731,Documento Botón de pago en linea: Formato e Instructivo con la IA,4.0,2026-05-19,2026-05-19,true,Hecho,Alto,Jhoec Camayo,N/A,,support:ACT-422,,,,,,,,,,,,,,,,,,,,,,,,,,,,,,,"{""B"": ""Upwaresoft"", ""C"": ""Documento Botón de pago en linea: Formato e Instructivo con la IA "", ""D"": ""4.0"", ""E"": ""46161.0"", ""F"": true, ""G"": ""46161.0"", ""H"": ""Hecho"", ""I"": ""Alto"", ""J"": ""N/A"", ""K"": ""Jhoec Camayo""}","{""J"": """"}",support,TASK_BELONGS_TO_PROJECT_TEMPLATE,HISTORICAL_TASK_BOUND_TO_PROJECT_TEMPLATE_NOT_TEMPLATE_ACTIVITY,,
tareas,TSK000732,task,✅Lista de Tareas,748,PRJ0042,Corp. Abraham Lincon,Corp. Abraham Lincon,Soporte,Schoolpack,support,Otros,Actividad,TSK000732,Modificaciones en Schoolpack,1.0,2026-05-27,2026-06-03,true,Hecho,Medio,Jhoec Camayo,N/A,,support:ACT-423,,,,,,,,,,,,,,,,,,,,,,,,,,,,,,,"{""B"": ""Corp. Abraham Lincon"", ""C"": ""Modificaciones en Schoolpack "", ""D"": ""1.0"", ""E"": ""46169.0"", ""F"": true, ""G"": ""46176.0"", ""H"": ""Hecho"", ""I"": ""Medio"", ""J"": ""N/A"", ""K"": ""Jhoec Camayo""}","{""J"": """"}",support,TASK_BELONGS_TO_PROJECT_TEMPLATE,HISTORICAL_TASK_BOUND_TO_PROJECT_TEMPLATE_NOT_TEMPLATE_ACTIVITY,,
tareas,TSK000733,task,✅Lista de Tareas,749,PRJ0043,Upwaresoft,Upwaresoft,Soporte,Implementado,support,Facturación electrónica,Actividad,TSK000733,Documento Facturación electronica: Formato e Instructivo con la IA,4.0,2026-06-02,2026-06-03,false,Hecho,Alto,Jhoec Camayo,N/A,,support:ACT-424,,,,,,,,,,,,,,,,,,,,,,,,,,,,,,,"{""B"": ""Upwaresoft"", ""C"": ""Documento Facturación electronica: Formato e Instructivo con la IA "", ""D"": ""4.0"", ""E"": ""46175.0"", ""F"": false, ""G"": ""46176.0"", ""H"": ""Hecho"", ""I"": ""Alto"", ""J"": ""N/A"", ""K"": ""Jhoec Camayo""}","{""J"": """"}",support,TASK_BELONGS_TO_PROJECT_TEMPLATE,HISTORICAL_TASK_BOUND_TO_PROJECT_TEMPLATE_NOT_TEMPLATE_ACTIVITY,,
tareas,TSK000734,task,✅Lista de Tareas,750,PRJ0043,Upwaresoft,Upwaresoft,Soporte,Implementado,support,Firma electrónica,Actividad,TSK000734,Documento Firma electronica: Formato e Instructivo con la IA,4.0,2026-06-16,2026-06-03,false,Hecho,Alto,Jhoec Camayo,N/A,,support:ACT-425,,,,,,,,,,,,,,,,,,,,,,,,,,,,,,,"{""B"": ""Upwaresoft"", ""C"": ""Documento Firma electronica: Formato e Instructivo con la IA "", ""D"": ""4.0"", ""E"": ""46189.0"", ""F"": false, ""G"": ""46176.0"", ""H"": ""Hecho"", ""I"": ""Alto"", ""J"": ""N/A"", ""K"": ""Jhoec Camayo""}","{""J"": """"}",support,TASK_BELONGS_TO_PROJECT_TEMPLATE,HISTORICAL_TASK_BOUND_TO_PROJECT_TEMPLATE_NOT_TEMPLATE_ACTIVITY,,
tareas,TSK000735,task,✅Lista de Tareas,751,PRJ0043,Upwaresoft,Upwaresoft,Soporte,Implementado,support,Documentación / Actas / Entrega,Actividad,TSK000735,"Diagrama de proceso, Mapa mental e instructivo de procesos IA: Esenciales",4.0,2026-06-04,2026-06-04,true,Hecho,Alto,Jhoec Camayo,N/A,,support:ACT-426,,,,,,,,,,,,,,,,,,,,,,,,,,,,,,,"{""B"": ""Upwaresoft"", ""C"": ""Diagrama de proceso, Mapa mental e instructivo de procesos IA: Esenciales "", ""D"": ""4.0"", ""E"": ""46177.0"", ""F"": true, ""G"": ""46177.0"", ""H"": ""Hecho"", ""I"": ""Alto"", ""J"": ""N/A"", ""K"": ""Jhoec Camayo""}","{""J"": """"}",support,TASK_BELONGS_TO_PROJECT_TEMPLATE,HISTORICAL_TASK_BOUND_TO_PROJECT_TEMPLATE_NOT_TEMPLATE_ACTIVITY,,
tareas,TSK000736,task,✅Lista de Tareas,752,PRJ0043,Upwaresoft,Upwaresoft,Soporte,Implementado,support,Admisiones,Actividad,TSK000736,"Diagrama de proceso, Mapa mental e instructivo de procesos: Admisiones",1.0,2026-06-05,2026-06-09,true,Hecho,Alto,Jhoec Camayo,N/A,,support:ACT-427,,,,,,,,,,,,,,,,,,,,,,,,,,,,,,,"{""B"": ""Upwaresoft"", ""C"": ""Diagrama de proceso, Mapa mental e instructivo de procesos: Admisiones"", ""D"": ""1.0"", ""E"": ""46178.0"", ""F"": true, ""G"": ""46182.0"", ""H"": ""Hecho"", ""I"": ""Alto"", ""J"": ""N/A"", ""K"": ""Jhoec Camayo""}","{""J"": """"}",support,TASK_BELONGS_TO_PROJECT_TEMPLATE,HISTORICAL_TASK_BOUND_TO_PROJECT_TEMPLATE_NOT_TEMPLATE_ACTIVITY,,
tareas,TSK000737,task,✅Lista de Tareas,753,PRJ0043,Upwaresoft,Upwaresoft,Soporte,Implementado,support,Documentación / Actas / Entrega,Actividad,TSK000737,"Diagrama de proceso, Mapa mental e instructivo de procesos: Adicionales (Bienestar, Extracurriculares, Bilioteca, Recursos fisicos)",8.0,2026-07-06,2026-07-10,false,En progreso,Alto,Jhoec Camayo,N/A,,support:ACT-428,,,,,,,,,,,,,,,,,,,,,,,,,,,,,,,"{""B"": ""Upwaresoft"", ""C"": ""Diagrama de proceso, Mapa mental e instructivo de procesos: Adicionales (Bienestar, Extracurriculares, Bilioteca, Recursos fisicos)"", ""D"": ""8.0"", ""E"": ""46209.0"", ""F"": false, ""G"": ""46213.0"", ""H"": ""En progreso"", ""I"": ""Alto"", ""J"": ""N/A"", ""K"": ""Jhoec Camayo""}","{""J"": """"}",support,TASK_BELONGS_TO_PROJECT_TEMPLATE,HISTORICAL_TASK_BOUND_TO_PROJECT_TEMPLATE_NOT_TEMPLATE_ACTIVITY,,
tareas,TSK000738,task,✅Lista de Tareas,754,PRJ0001,Academia MISI,Academia MISI,Implementación,Campuspack,implementation_campuspack,Pruebas / Auditoría,Actividad,TSK000738,Sesión de novedades de las pruebas integrales,1.0,2026-05-04,2026-05-04,true,Hecho,Alto,Carmen Donoso,N/A,,implementation_campuspack:ACT-178,,,,,,,,,,,,,,,,,,,,,,,,,,,,,,,"{""B"": ""Academia MISI"", ""C"": ""Sesión de novedades de las pruebas integrales"", ""D"": ""1.0"", ""E"": ""46146.0"", ""F"": true, ""G"": ""46146.0"", ""H"": ""Hecho"", ""I"": ""Alto"", ""J"": ""N/A"", ""K"": ""Carmen Donoso""}","{""J"": """"}",implementation_campuspack,TASK_BELONGS_TO_PROJECT_TEMPLATE,HISTORICAL_TASK_BOUND_TO_PROJECT_TEMPLATE_NOT_TEMPLATE_ACTIVITY,,
tareas,TSK000739,task,✅Lista de Tareas,755,PRJ0042,Corp. Abraham Lincon,Corp. Abraham Lincon,Soporte,Schoolpack,support,Capacitación,Actividad,TSK000739,87587 - Capacitaciones Schoolpack: Sesión 1 Escenciales,2.0,2026-05-11,2026-05-11,true,Hecho,Medio,Sebastian Ballesteros,N/A,2pm a 4pm,support:ACT-429,,,,,,,,,,,,,,,,,,,,,,,,,,,,,,,"{""B"": ""Corp. Abraham Lincon"", ""C"": ""87587 - Capacitaciones Schoolpack: Sesión 1 Escenciales "", ""D"": ""2.0"", ""E"": ""46153.0"", ""F"": true, ""G"": ""46153.0"", ""H"": ""Hecho"", ""I"": ""Medio"", ""J"": ""N/A"", ""K"": ""Sebastian Ballesteros"", ""L"": ""2pm a 4pm""}","{""J"": """"}",support,TASK_BELONGS_TO_PROJECT_TEMPLATE,HISTORICAL_TASK_BOUND_TO_PROJECT_TEMPLATE_NOT_TEMPLATE_ACTIVITY,,
tareas,TSK000740,task,✅Lista de Tareas,756,PRJ0042,Corp. Abraham Lincon,Corp. Abraham Lincon,Soporte,Schoolpack,support,Financiero,Actividad,TSK000740,87587 - Capacitaciones Schoolpack: Sesión 2 Matriculas Web enfasis financiero,2.0,2026-05-13,2026-05-13,true,Hecho,Medio,Sebastian Ballesteros,N/A,2pm a 4pm,support:ACT-430,,,,,,,,,,,,,,,,,,,,,,,,,,,,,,,"{""B"": ""Corp. Abraham Lincon"", ""C"": ""87587 - Capacitaciones Schoolpack: Sesión 2 Matriculas Web enfasis financiero "", ""D"": ""2.0"", ""E"": ""46155.0"", ""F"": true, ""G"": ""46155.0"", ""H"": ""Hecho"", ""I"": ""Medio"", ""J"": ""N/A"", ""K"": ""Sebastian Ballesteros"", ""L"": ""2pm a 4pm""}","{""J"": """"}",support,TASK_BELONGS_TO_PROJECT_TEMPLATE,HISTORICAL_TASK_BOUND_TO_PROJECT_TEMPLATE_NOT_TEMPLATE_ACTIVITY,,
tareas,TSK000741,task,✅Lista de Tareas,757,PRJ0003,The English School,The English School,Soporte,Schoolpack,support,Desarrollos a la medida,Actividad,TSK000741,Documentación Desarrollo de la ficha medica,,2026-05-22,2026-05-22,true,Hecho,Alto,Jhoec Camayo,N/A,,support:ACT-431,,,,,,,,,,,,,,,,,,,,,,,,,,,,,,,"{""B"": ""The English School"", ""C"": ""Documentación Desarrollo de la ficha medica "", ""E"": ""46164.0"", ""F"": true, ""G"": ""46164.0"", ""H"": ""Hecho"", ""I"": ""Alto"", ""J"": ""N/A"", ""K"": ""Jhoec Camayo""}","{""J"": """"}",support,TASK_BELONGS_TO_PROJECT_TEMPLATE,HISTORICAL_TASK_BOUND_TO_PROJECT_TEMPLATE_NOT_TEMPLATE_ACTIVITY,,
tareas,TSK000742,task,✅Lista de Tareas,758,PRJ0003,The English School,The English School,Soporte,Schoolpack,support,Matrículas,Actividad,TSK000742,Modificación reportes de matricula (55% de avance),34.0,2026-05-14,2026-05-26,true,Hecho,Alto,Jhoec Camayo,N/A,,support:ACT-432,,,,,,,,,,,,,,,,,,,,,,,,,,,,,,,"{""B"": ""The English School"", ""C"": ""Modificación reportes de matricula (55% de avance)"", ""D"": ""34.0"", ""E"": ""46156.0"", ""F"": true, ""G"": ""46168.0"", ""H"": ""Hecho"", ""I"": ""Alto"", ""J"": ""N/A"", ""K"": ""Jhoec Camayo""}","{""J"": """"}",support,TASK_BELONGS_TO_PROJECT_TEMPLATE,HISTORICAL_TASK_BOUND_TO_PROJECT_TEMPLATE_NOT_TEMPLATE_ACTIVITY,,
tareas,TSK000743,task,✅Lista de Tareas,759,PRJ0043,Upwaresoft,Upwaresoft,Soporte,Implementado,support,Matrículas,Actividad,TSK000743,"Diagrama de proceso, Mapa mental e instructivo de procesos: Matriculas",1.0,2026-06-05,2026-06-09,true,Hecho,Alto,Jhoec Camayo,N/A,,support:ACT-433,,,,,,,,,,,,,,,,,,,,,,,,,,,,,,,"{""B"": ""Upwaresoft"", ""C"": ""Diagrama de proceso, Mapa mental e instructivo de procesos: Matriculas "", ""D"": ""1.0"", ""E"": ""46178.0"", ""F"": true, ""G"": ""46182.0"", ""H"": ""Hecho"", ""I"": ""Alto"", ""J"": ""N/A"", ""K"": ""Jhoec Camayo""}","{""J"": """"}",support,TASK_BELONGS_TO_PROJECT_TEMPLATE,HISTORICAL_TASK_BOUND_TO_PROJECT_TEMPLATE_NOT_TEMPLATE_ACTIVITY,,
tareas,TSK000744,task,✅Lista de Tareas,760,PRJ0043,Upwaresoft,Upwaresoft,Soporte,Implementado,support,Académico,Actividad,TSK000744,"Diagrama de proceso, Mapa mental e instructivo de procesos: Valoraciones",1.0,2026-06-05,2026-06-09,true,Hecho,Alto,Jhoec Camayo,N/A,,support:ACT-434,,,,,,,,,,,,,,,,,,,,,,,,,,,,,,,"{""B"": ""Upwaresoft"", ""C"": ""Diagrama de proceso, Mapa mental e instructivo de procesos: Valoraciones "", ""D"": ""1.0"", ""E"": ""46178.0"", ""F"": true, ""G"": ""46182.0"", ""H"": ""Hecho"", ""I"": ""Alto"", ""J"": ""N/A"", ""K"": ""Jhoec Camayo""}","{""J"": """"}",support,TASK_BELONGS_TO_PROJECT_TEMPLATE,HISTORICAL_TASK_BOUND_TO_PROJECT_TEMPLATE_NOT_TEMPLATE_ACTIVITY,,
tareas,TSK000745,task,✅Lista de Tareas,761,PRJ0003,The English School,The English School,Soporte,Schoolpack,support,Matrículas,Actividad,TSK000745,87560 - Pruebas de los reportes de matricula y entrega (Acta) PASO A PRODUCCIÓN,5.0,2026-05-26,2026-06-02,false,En progreso,Alto,Jhoec Camayo,N/A,,support:ACT-435,,,,,,,,,,,,,,,,,,,,,,,,,,,,,,,"{""B"": ""The English School"", ""C"": ""87560 - Pruebas de los reportes de matricula y entrega (Acta) PASO A PRODUCCIÓN"", ""D"": ""5.0"", ""E"": ""46168.0"", ""F"": false, ""G"": ""46175.0"", ""H"": ""En progreso"", ""I"": ""Alto"", ""J"": ""N/A"", ""K"": ""Jhoec Camayo""}","{""J"": """"}",support,TASK_BELONGS_TO_PROJECT_TEMPLATE,HISTORICAL_TASK_BOUND_TO_PROJECT_TEMPLATE_NOT_TEMPLATE_ACTIVITY,,
tareas,TSK000746,task,✅Lista de Tareas,762,PRJ0042,Corp. Abraham Lincon,Corp. Abraham Lincon,Soporte,Schoolpack,support,Matrículas,Actividad,TSK000746,87587 - Capacitaciones Schoolpack: Sesión 3 Gestión de matriculas web con firma electronica,2.0,2026-05-14,2026-05-14,true,Hecho,Medio,Sebastian Ballesteros,N/A, 2pm a 4pm,support:ACT-436,,,,,,,,,,,,,,,,,,,,,,,,,,,,,,,"{""B"": ""Corp. Abraham Lincon"", ""C"": ""87587 - Capacitaciones Schoolpack: Sesión 3 Gestión de matriculas web con firma electronica"", ""D"": ""2.0"", ""E"": ""46156.0"", ""F"": true, ""G"": ""46156.0"", ""H"": ""Hecho"", ""I"": ""Medio"", ""J"": ""N/A"", ""K"": ""Sebastian Ballesteros"", ""L"": "" 2pm a 4pm""}","{""J"": """"}",support,TASK_BELONGS_TO_PROJECT_TEMPLATE,HISTORICAL_TASK_BOUND_TO_PROJECT_TEMPLATE_NOT_TEMPLATE_ACTIVITY,,
tareas,TSK000747,task,✅Lista de Tareas,763,PRJ0041,Tecnológico de artes Débora Arango,Tecnológico de artes Débora Arango,Implementación,Campuspack,implementation_campuspack,Reuniones y coordinación,Actividad,TSK000747,Socialización Interfaz Contable Novasoft,2.0,2026-05-04,2026-05-04,true,Hecho,Alto,Sebastian Ballesteros,N/A,10am,implementation_campuspack:ACT-179,,,,,,,,,,,,,,,,,,,,,,,,,,,,,,,"{""B"": ""Tecnológico de artes Débora Arango"", ""C"": ""Socialización Interfaz Contable Novasoft"", ""D"": ""2.0"", ""E"": ""46146.0"", ""F"": true, ""G"": ""46146.0"", ""H"": ""Hecho"", ""I"": ""Alto"", ""J"": ""N/A"", ""K"": ""Sebastian Ballesteros"", ""L"": ""10am""}","{""J"": """"}",implementation_campuspack,TASK_BELONGS_TO_PROJECT_TEMPLATE,HISTORICAL_TASK_BOUND_TO_PROJECT_TEMPLATE_NOT_TEMPLATE_ACTIVITY,,
tareas,TSK000748,task,✅Lista de Tareas,764,PRJ0022,INPEC,INPEC,Implementación,Campuspack,implementation_campuspack,Otros,Actividad,TSK000748,"3 modelos de certificados (UNITEC) editar, enviar para que no los aprueben",2.0,2026-05-05,2026-05-06,true,Hecho,Medio,Carmen Donoso,N/A,,implementation_campuspack:ACT-180,,,,,,,,,,,,,,,,,,,,,,,,,,,,,,,"{""B"": ""INPEC"", ""C"": ""3 modelos de certificados (UNITEC) editar, enviar para que no los aprueben"", ""D"": ""2.0"", ""E"": ""46147.0"", ""F"": true, ""G"": ""46148.0"", ""H"": ""Hecho"", ""I"": ""Medio"", ""J"": ""N/A"", ""K"": ""Carmen Donoso""}","{""J"": """"}",implementation_campuspack,TASK_BELONGS_TO_PROJECT_TEMPLATE,HISTORICAL_TASK_BOUND_TO_PROJECT_TEMPLATE_NOT_TEMPLATE_ACTIVITY,,
tareas,TSK000749,task,✅Lista de Tareas,765,PRJ0025,Universidad de Envigado,Universidad de Envigado,Implementación,Campuspack,implementation_campuspack,Admisiones,Actividad,TSK000749,Recorrido completo del proceso de admisiones en Campuspack,2.0,2026-05-13,2026-05-13,true,Hecho,Alto,Carmen Donoso,N/A,"con Julian, 10:30am a 12",implementation_campuspack:ACT-181,,,,,,,,,,,,,,,,,,,,,,,,,,,,,,,"{""B"": ""Universidad de Envigado"", ""C"": ""Recorrido completo del proceso de admisiones en Campuspack"", ""D"": ""2.0"", ""E"": ""46155.0"", ""F"": true, ""G"": ""46155.0"", ""H"": ""Hecho"", ""I"": ""Alto"", ""J"": ""N/A"", ""K"": ""Carmen Donoso"", ""L"": ""con Julian, 10:30am a 12""}","{""J"": """"}",implementation_campuspack,TASK_BELONGS_TO_PROJECT_TEMPLATE,HISTORICAL_TASK_BOUND_TO_PROJECT_TEMPLATE_NOT_TEMPLATE_ACTIVITY,,
tareas,TSK000750,task,✅Lista de Tareas,766,PRJ0025,Universidad de Envigado,Universidad de Envigado,Implementación,Campuspack,implementation_campuspack,Académico,Actividad,TSK000750,Sesión del proceso de Valoraciones,2.0,2026-05-14,2026-05-14,true,Hecho,Alto,Carmen Donoso,N/A,,implementation_campuspack:ACT-182,,,,,,,,,,,,,,,,,,,,,,,,,,,,,,,"{""B"": ""Universidad de Envigado"", ""C"": ""Sesión del proceso de Valoraciones"", ""D"": ""2.0"", ""E"": ""46156.0"", ""F"": true, ""G"": ""46156.0"", ""H"": ""Hecho"", ""I"": ""Alto"", ""J"": ""N/A"", ""K"": ""Carmen Donoso""}","{""J"": """"}",implementation_campuspack,TASK_BELONGS_TO_PROJECT_TEMPLATE,HISTORICAL_TASK_BOUND_TO_PROJECT_TEMPLATE_NOT_TEMPLATE_ACTIVITY,,
tareas,TSK000751,task,✅Lista de Tareas,767,PRJ0003,The English School,The English School,Soporte,Schoolpack,support,Admisiones,Actividad,TSK000751,Documentación admisiones: Confirmar filtrados y ordenes SOLO LOS TRES FILTROS DE LA DOCUMENTACIÓN,1.0,2026-06-22,2026-07-28,true,Hecho,Facil,Carmen Donoso,,Esperando respuesta ,support:ACT-437,,,,,,,,,,,,,,,,,,,,,,,,,,,,,,,"{""B"": ""The English School"", ""C"": ""Documentación admisiones: Confirmar filtrados y ordenes SOLO LOS TRES FILTROS DE LA DOCUMENTACIÓN "", ""D"": ""1.0"", ""E"": ""46195.0"", ""F"": true, ""G"": ""46231.0"", ""H"": ""Hecho"", ""I"": ""Facil"", ""K"": ""Carmen Donoso"", ""L"": ""Esperando respuesta ""}",{},support,TASK_BELONGS_TO_PROJECT_TEMPLATE,HISTORICAL_TASK_BOUND_TO_PROJECT_TEMPLATE_NOT_TEMPLATE_ACTIVITY,,
tareas,TSK000752,task,✅Lista de Tareas,768,PRJ0033,Binet,Binet,Soporte,Schoolpack,support,Matrículas,Actividad,TSK000752,"Capacitación documentos de matriculas (Estan haciendo cambio de marca, nombre) Hacia la mitad de septiembre",2.0,2026-09-14,,false,No iniciado,Medio,Carmen Donoso,N/A,,support:ACT-438,,,,,,,,,,,,,,,,,,,,,,,,,,,,,,,"{""B"": ""Binet"", ""C"": ""Capacitación documentos de matriculas (Estan haciendo cambio de marca, nombre) Hacia la mitad de septiembre "", ""D"": ""2.0"", ""E"": ""46279.0"", ""F"": false, ""H"": ""No iniciado"", ""I"": ""Medio"", ""J"": ""N/A"", ""K"": ""Carmen Donoso""}","{""J"": ""if(or(F768=TRUE,G768>0,H768=\""Done\"",isblank(E768)),\""N/A\"",if($B$5<=E768,\""N/A\"",\""Overdue\""))""}",support,TASK_BELONGS_TO_PROJECT_TEMPLATE,HISTORICAL_TASK_BOUND_TO_PROJECT_TEMPLATE_NOT_TEMPLATE_ACTIVITY,,
tareas,TSK000753,task,✅Lista de Tareas,769,PRJ0033,Binet,Binet,Soporte,Schoolpack,support,Capacitación,Actividad,TSK000753,Capacitacion donde nos expliquen como se publican las calificaciones en shoolweb,2.0,2026-05-11,2026-05-11,true,Hecho,Medio,Carmen Donoso,N/A,,support:ACT-439,,,,,,,,,,,,,,,,,,,,,,,,,,,,,,,"{""B"": ""Binet"", ""C"": ""Capacitacion donde nos expliquen como se publican las calificaciones en shoolweb"", ""D"": ""2.0"", ""E"": ""46153.0"", ""F"": true, ""G"": ""46153.0"", ""H"": ""Hecho"", ""I"": ""Medio"", ""J"": ""N/A"", ""K"": ""Carmen Donoso""}","{""J"": """"}",support,TASK_BELONGS_TO_PROJECT_TEMPLATE,HISTORICAL_TASK_BOUND_TO_PROJECT_TEMPLATE_NOT_TEMPLATE_ACTIVITY,,
tareas,TSK000754,task,✅Lista de Tareas,770,PRJ0033,Binet,Binet,Soporte,Schoolpack,support,Capacitación,Actividad,TSK000754,Capacitación Publicación de boletines - Alfred Binet,2.0,2026-05-19,2026-05-19,true,Hecho,Medio,Carmen Donoso,N/A,9am,support:ACT-440,,,,,,,,,,,,,,,,,,,,,,,,,,,,,,,"{""B"": ""Binet"", ""C"": ""Capacitación Publicación de boletines - Alfred Binet"", ""D"": ""2.0"", ""E"": ""46161.0"", ""F"": true, ""G"": ""46161.0"", ""H"": ""Hecho"", ""I"": ""Medio"", ""J"": ""N/A"", ""K"": ""Carmen Donoso"", ""L"": ""9am""}","{""J"": """"}",support,TASK_BELONGS_TO_PROJECT_TEMPLATE,HISTORICAL_TASK_BOUND_TO_PROJECT_TEMPLATE_NOT_TEMPLATE_ACTIVITY,,
tareas,TSK000755,task,✅Lista de Tareas,771,PRJ0033,Binet,Binet,Soporte,Schoolpack,support,Acompañamiento / Seguimiento,Actividad,TSK000755,Acompañamiento Publicación de boletines - Alfred Binet,2.0,2026-06-09,2026-06-09,true,Hecho,Medio,Carmen Donoso,N/A,1pm,support:ACT-441,,,,,,,,,,,,,,,,,,,,,,,,,,,,,,,"{""B"": ""Binet"", ""C"": ""Acompañamiento Publicación de boletines - Alfred Binet"", ""D"": ""2.0"", ""E"": ""46182.0"", ""F"": true, ""G"": ""46182.0"", ""H"": ""Hecho"", ""I"": ""Medio"", ""J"": ""N/A"", ""K"": ""Carmen Donoso"", ""L"": ""1pm""}","{""J"": """"}",support,TASK_BELONGS_TO_PROJECT_TEMPLATE,HISTORICAL_TASK_BOUND_TO_PROJECT_TEMPLATE_NOT_TEMPLATE_ACTIVITY,,
tareas,TSK000756,task,✅Lista de Tareas,772,PRJ0022,INPEC,INPEC,Implementación,Campuspack,implementation_campuspack,Académico,Actividad,TSK000756,Sesión de revisión Configuración Academica,2.0,2026-05-19,2026-05-19,true,Hecho,Alto,Carmen Donoso,N/A,Y JHOEC,implementation_campuspack:ACT-183,,,,,,,,,,,,,,,,,,,,,,,,,,,,,,,"{""B"": ""INPEC"", ""C"": ""Sesión de revisión Configuración Academica "", ""D"": ""2.0"", ""E"": ""46161.0"", ""F"": true, ""G"": ""46161.0"", ""H"": ""Hecho"", ""I"": ""Alto"", ""J"": ""N/A"", ""K"": ""Carmen Donoso"", ""L"": ""Y JHOEC""}","{""J"": """"}",implementation_campuspack,TASK_BELONGS_TO_PROJECT_TEMPLATE,HISTORICAL_TASK_BOUND_TO_PROJECT_TEMPLATE_NOT_TEMPLATE_ACTIVITY,,
tareas,TSK000757,task,✅Lista de Tareas,773,PRJ0013,Aspaen,Aspaen,Soporte,Schoolpack,support,Acompañamiento / Seguimiento,Actividad,TSK000757,"87779 - Replicador MCC, Pasar a cotización (PENDIENTE APROBACION OSE´s)",2.0,2026-05-20,2026-05-29,true,Hecho,Medio,Carmen Donoso,N/A,,support:ACT-442,,,,,,,,,,,,,,,,,,,,,,,,,,,,,,,"{""B"": ""Aspaen"", ""C"": ""87779 - Replicador MCC, Pasar a cotización (PENDIENTE APROBACION OSE´s)"", ""D"": ""2.0"", ""E"": ""46162.0"", ""F"": true, ""G"": ""46171.0"", ""H"": ""Hecho"", ""I"": ""Medio"", ""J"": ""N/A"", ""K"": ""Carmen Donoso""}","{""J"": """"}",support,TASK_BELONGS_TO_PROJECT_TEMPLATE,HISTORICAL_TASK_BOUND_TO_PROJECT_TEMPLATE_NOT_TEMPLATE_ACTIVITY,,
tareas,TSK000758,task,✅Lista de Tareas,774,PRJ0031,Colegio Refous,Colegio Refous,Soporte,Schoolpack,support,Admisiones,Actividad,TSK000758,Sesión de revisión reportes de Admisiones,1.0,2026-05-25,2026-05-25,true,Hecho,Medio,Carmen Donoso,N/A,,support:ACT-443,,,,,,,,,,,,,,,,,,,,,,,,,,,,,,,"{""B"": ""Colegio Refous"", ""C"": ""Sesión de revisión reportes de Admisiones "", ""D"": ""1.0"", ""E"": ""46167.0"", ""F"": true, ""G"": ""46167.0"", ""H"": ""Hecho"", ""I"": ""Medio"", ""J"": ""N/A"", ""K"": ""Carmen Donoso""}","{""J"": """"}",support,TASK_BELONGS_TO_PROJECT_TEMPLATE,HISTORICAL_TASK_BOUND_TO_PROJECT_TEMPLATE_NOT_TEMPLATE_ACTIVITY,,
tareas,TSK000759,task,✅Lista de Tareas,775,PRJ0022,INPEC,INPEC,Implementación,Campuspack,implementation_campuspack,Documentación / Actas / Entrega,Actividad,TSK000759,Sylabus (Pendiente acta),2.0,2026-07-17,2026-08-10,true,Hecho,Alto,Carmen Donoso,N/A,,implementation_campuspack:ACT-184,,,,,,,,,,,,,,,,,,,,,,,,,,,,,,,"{""B"": ""INPEC"", ""C"": ""Sylabus (Pendiente acta)"", ""D"": ""2.0"", ""E"": ""46220.0"", ""F"": true, ""G"": ""46244.0"", ""H"": ""Hecho"", ""I"": ""Alto"", ""J"": ""N/A"", ""K"": ""Carmen Donoso""}","{""J"": """"}",implementation_campuspack,TASK_BELONGS_TO_PROJECT_TEMPLATE,HISTORICAL_TASK_BOUND_TO_PROJECT_TEMPLATE_NOT_TEMPLATE_ACTIVITY,,
tareas,TSK000760,task,✅Lista de Tareas,776,PRJ0022,INPEC,INPEC,Implementación,Campuspack,implementation_campuspack,Pruebas / Auditoría,Actividad,TSK000760,Sesión de revisión Personal PENDIENTE,2.0,2026-05-21,2026-05-21,false,En espera,Alto,Carmen Donoso,N/A,Y JHOEC,implementation_campuspack:ACT-185,,,,,,,,,,,,,,,,,,,,,,,,,,,,,,,"{""B"": ""INPEC"", ""C"": ""Sesión de revisión Personal PENDIENTE"", ""D"": ""2.0"", ""E"": ""46163.0"", ""F"": false, ""G"": ""46163.0"", ""H"": ""En espera"", ""I"": ""Alto"", ""J"": ""N/A"", ""K"": ""Carmen Donoso"", ""L"": ""Y JHOEC""}","{""J"": """"}",implementation_campuspack,TASK_BELONGS_TO_PROJECT_TEMPLATE,HISTORICAL_TASK_BOUND_TO_PROJECT_TEMPLATE_NOT_TEMPLATE_ACTIVITY,,
tareas,TSK000761,task,✅Lista de Tareas,777,PRJ0042,Corp. Abraham Lincon,Corp. Abraham Lincon,Soporte,Schoolpack,support,Otros,Actividad,TSK000761,Cierre de año - Corporación Abraham Lincon,2.0,2026-06-09,2026-06-09,true,Hecho,Medio,Sebastian Ballesteros,N/A,,support:ACT-444,,,,,,,,,,,,,,,,,,,,,,,,,,,,,,,"{""B"": ""Corp. Abraham Lincon"", ""C"": ""Cierre de año - Corporación Abraham Lincon"", ""D"": ""2.0"", ""E"": ""46182.0"", ""F"": true, ""G"": ""46182.0"", ""H"": ""Hecho"", ""I"": ""Medio"", ""J"": ""N/A"", ""K"": ""Sebastian Ballesteros""}","{""J"": ""if(or(F777=TRUE,G777>0,H777=\""Done\"",isblank(#REF!)),\""N/A\"",if($B$5<=#REF!,\""N/A\"",\""Overdue\""))""}",support,TASK_BELONGS_TO_PROJECT_TEMPLATE,HISTORICAL_TASK_BOUND_TO_PROJECT_TEMPLATE_NOT_TEMPLATE_ACTIVITY,,
tareas,TSK000762,task,✅Lista de Tareas,778,PRJ0004,Corp.Edu Dr. Amin Ariza,Corp.Edu Dr. Amin Ariza,Implementación,Campuspack,implementation_campuspack,Facturación electrónica,Actividad,TSK000762,Revisión importación estudiantes 2026-1,2.0,2026-05-26,2026-05-26,true,Hecho,Medio,Carmen Donoso,N/A,3 a 5pm,implementation_campuspack:ACT-186,,,,,,,,,,,,,,,,,,,,,,,,,,,,,,,"{""B"": ""Corp.Edu Dr. Amin Ariza"", ""C"": ""Revisión importación estudiantes 2026-1"", ""D"": ""2.0"", ""E"": ""46168.0"", ""F"": true, ""G"": ""46168.0"", ""H"": ""Hecho"", ""I"": ""Medio"", ""J"": ""N/A"", ""K"": ""Carmen Donoso"", ""L"": ""3 a 5pm""}","{""J"": ""if(or(F778=TRUE,G778>0,H778=\""Done\"",isblank(E778)),\""N/A\"",if($B$5<=E778,\""N/A\"",\""Overdue\""))""}",implementation_campuspack,TASK_BELONGS_TO_PROJECT_TEMPLATE,HISTORICAL_TASK_BOUND_TO_PROJECT_TEMPLATE_NOT_TEMPLATE_ACTIVITY,,
tareas,TSK000763,task,✅Lista de Tareas,779,PRJ0004,Corp.Edu Dr. Amin Ariza,Corp.Edu Dr. Amin Ariza,Implementación,Campuspack,implementation_campuspack,Configuración / Parametrización,Actividad,TSK000763,Acompañamiento para Configuración de programas,2.0,2026-05-27,2026-05-27,true,Hecho,Medio,Carmen Donoso,N/A,3 a 5pm,implementation_campuspack:ACT-187,,,,,,,,,,,,,,,,,,,,,,,,,,,,,,,"{""B"": ""Corp.Edu Dr. Amin Ariza"", ""C"": ""Acompañamiento para Configuración de programas "", ""D"": ""2.0"", ""E"": ""46169.0"", ""F"": true, ""G"": ""46169.0"", ""H"": ""Hecho"", ""I"": ""Medio"", ""J"": ""N/A"", ""K"": ""Carmen Donoso"", ""L"": ""3 a 5pm""}","{""J"": """"}",implementation_campuspack,TASK_BELONGS_TO_PROJECT_TEMPLATE,HISTORICAL_TASK_BOUND_TO_PROJECT_TEMPLATE_NOT_TEMPLATE_ACTIVITY,,
tareas,TSK000764,task,✅Lista de Tareas,780,PRJ0004,Corp.Edu Dr. Amin Ariza,Corp.Edu Dr. Amin Ariza,Implementación,Campuspack,implementation_campuspack,Facturación electrónica,Actividad,TSK000764,Acompañamiento para Caracterización de grupos y matricula de estudiantes antiguos,2.0,2026-05-28,2026-05-28,false,Hecho,Medio,Carmen Donoso,N/A,,implementation_campuspack:ACT-188,,,,,,,,,,,,,,,,,,,,,,,,,,,,,,,"{""B"": ""Corp.Edu Dr. Amin Ariza"", ""C"": ""Acompañamiento para Caracterización de grupos y matricula de estudiantes antiguos "", ""D"": ""2.0"", ""E"": ""46170.0"", ""F"": false, ""G"": ""46170.0"", ""H"": ""Hecho"", ""I"": ""Medio"", ""J"": ""N/A"", ""K"": ""Carmen Donoso""}","{""J"": """"}",implementation_campuspack,TASK_BELONGS_TO_PROJECT_TEMPLATE,HISTORICAL_TASK_BOUND_TO_PROJECT_TEMPLATE_NOT_TEMPLATE_ACTIVITY,,
tareas,TSK000765,task,✅Lista de Tareas,781,PRJ0004,Corp.Edu Dr. Amin Ariza,Corp.Edu Dr. Amin Ariza,Implementación,Campuspack,implementation_campuspack,Migración / Importadores,Actividad,TSK000765,Revisión de importadores (Entrega del importador de estudiantes 20261 y 20262 y empleados y docentes para el lunes 25 de mayo),2.0,2026-05-21,2026-05-26,true,Hecho,Medio,Carmen Donoso,N/A,,implementation_campuspack:ACT-189,,,,,,,,,,,,,,,,,,,,,,,,,,,,,,,"{""B"": ""Corp.Edu Dr. Amin Ariza"", ""C"": ""Revisión de importadores (Entrega del importador de estudiantes 20261 y 20262 y empleados y docentes para el lunes 25 de mayo)"", ""D"": ""2.0"", ""E"": ""46163.0"", ""F"": true, ""G"": ""46168.0"", ""H"": ""Hecho"", ""I"": ""Medio"", ""J"": ""N/A"", ""K"": ""Carmen Donoso""}","{""J"": """"}",implementation_campuspack,TASK_BELONGS_TO_PROJECT_TEMPLATE,HISTORICAL_TASK_BOUND_TO_PROJECT_TEMPLATE_NOT_TEMPLATE_ACTIVITY,,
tareas,TSK000766,task,✅Lista de Tareas,782,PRJ0003,The English School,The English School,Soporte,Schoolpack,support,Otros,Actividad,TSK000766,Diagramas de NETSUIT,2.0,2026-05-25,2026-05-28,true,Hecho,Urgente,Sebastian Ballesteros,N/A,,support:ACT-445,,,,,,,,,,,,,,,,,,,,,,,,,,,,,,,"{""B"": ""The English School"", ""C"": ""Diagramas de NETSUIT"", ""D"": ""2.0"", ""E"": ""46167.0"", ""F"": true, ""G"": ""46170.0"", ""H"": ""Hecho"", ""I"": ""Urgente"", ""J"": ""N/A"", ""K"": ""Sebastian Ballesteros""}","{""J"": """"}",support,TASK_BELONGS_TO_PROJECT_TEMPLATE,HISTORICAL_TASK_BOUND_TO_PROJECT_TEMPLATE_NOT_TEMPLATE_ACTIVITY,,
tareas,TSK000767,task,✅Lista de Tareas,783,PRJ0018,Colegio Gimnasio del Saber,Colegio Gimnasio del Saber,Soporte,Schoolpack,support,Reuniones y coordinación,Actividad,TSK000767,87828 - Interfaz Contable: Sesión de socialización del proceso y solicitud de la malla y dinamica contable  URGENTE con Xiomara (Pendiente OSE firmada),2.0,2026-06-25,2026-06-25,true,Hecho,Alto,Sebastian Ballesteros,N/A,"Conexión por API´s, SISPLUS (Formatos de conexión)",support:ACT-446,,,,,,,,,,,,,,,,,,,,,,,,,,,,,,,"{""B"": ""Colegio Gimnasio del Saber"", ""C"": ""87828 - Interfaz Contable: Sesión de socialización del proceso y solicitud de la malla y dinamica contable  URGENTE con Xiomara (Pendiente OSE firmada)"", ""D"": ""2.0"", ""E"": ""46198.0"", ""F"": true, ""G"": ""46198.0"", ""H"": ""Hecho"", ""I"": ""Alto"", ""J"": ""N/A"", ""K"": ""Sebastian Ballesteros"", ""L"": ""Conexión por API´s, SISPLUS (Formatos de conexión)""}","{""J"": """"}",support,TASK_BELONGS_TO_PROJECT_TEMPLATE,HISTORICAL_TASK_BOUND_TO_PROJECT_TEMPLATE_NOT_TEMPLATE_ACTIVITY,,
tareas,TSK000768,task,✅Lista de Tareas,784,PRJ0003,The English School,The English School,Soporte,Schoolpack,support,Otros,Actividad,TSK000768,Cierre de año,2.0,2026-05-26,2026-05-26,true,Hecho,Alto,Sebastian Ballesteros,N/A,,support:ACT-447,,,,,,,,,,,,,,,,,,,,,,,,,,,,,,,"{""B"": ""The English School"", ""C"": ""Cierre de año "", ""D"": ""2.0"", ""E"": ""46168.0"", ""F"": true, ""G"": ""46168.0"", ""H"": ""Hecho"", ""I"": ""Alto"", ""J"": ""N/A"", ""K"": ""Sebastian Ballesteros""}","{""J"": """"}",support,TASK_BELONGS_TO_PROJECT_TEMPLATE,HISTORICAL_TASK_BOUND_TO_PROJECT_TEMPLATE_NOT_TEMPLATE_ACTIVITY,,
tareas,TSK000769,task,✅Lista de Tareas,785,PRJ0003,The English School,The English School,Soporte,Schoolpack,support,Acompañamiento / Seguimiento,Actividad,TSK000769,Sesión de inquietudes antes del Cierre de año,1.0,2026-05-25,2026-05-25,true,Hecho,Alto,Sebastian Ballesteros,N/A,,support:ACT-448,,,,,,,,,,,,,,,,,,,,,,,,,,,,,,,"{""B"": ""The English School"", ""C"": ""Sesión de inquietudes antes del Cierre de año "", ""D"": ""1.0"", ""E"": ""46167.0"", ""F"": true, ""G"": ""46167.0"", ""H"": ""Hecho"", ""I"": ""Alto"", ""J"": ""N/A"", ""K"": ""Sebastian Ballesteros""}","{""J"": """"}",support,TASK_BELONGS_TO_PROJECT_TEMPLATE,HISTORICAL_TASK_BOUND_TO_PROJECT_TEMPLATE_NOT_TEMPLATE_ACTIVITY,,
tareas,TSK000770,task,✅Lista de Tareas,786,PRJ0041,Tecnológico de artes Débora Arango,Tecnológico de artes Débora Arango,Implementación,Campuspack,implementation_campuspack,Integraciones,Actividad,TSK000770,87580 - Interfaz Bancaria: Entrega de archivo Asobancaria del cliente SEGUIMIENTO A LA ENTREGA,2.0,2026-04-27,2026-05-08,false,En progreso,Alto,Sebastian Ballesteros,,,implementation_campuspack:ACT-190,,,,,,,,,,,,,,,,,,,,,,,,,,,,,,,"{""B"": ""Tecnológico de artes Débora Arango"", ""C"": ""87580 - Interfaz Bancaria: Entrega de archivo Asobancaria del cliente SEGUIMIENTO A LA ENTREGA"", ""D"": ""2.0"", ""E"": ""46139.0"", ""F"": false, ""G"": ""46150.0"", ""H"": ""En progreso"", ""I"": ""Alto"", ""K"": ""Sebastian Ballesteros""}",{},implementation_campuspack,TASK_BELONGS_TO_PROJECT_TEMPLATE,HISTORICAL_TASK_BOUND_TO_PROJECT_TEMPLATE_NOT_TEMPLATE_ACTIVITY,,
tareas,TSK000771,task,✅Lista de Tareas,787,PRJ0018,Colegio Gimnasio del Saber,Colegio Gimnasio del Saber,Soporte,Schoolpack,support,Integraciones,Actividad,TSK000771,87828 - Interfaz Contable: (OSE firmada el 3Ago),2.0,2026-07-06,2026-08-03,true,Hecho,Alto,Sebastian Ballesteros,N/A,"Conexión por API´s, SISPLUS (Formatos de conexión)",support:ACT-449,,,,,,,,,,,,,,,,,,,,,,,,,,,,,,,"{""B"": ""Colegio Gimnasio del Saber"", ""C"": ""87828 - Interfaz Contable: (OSE firmada el 3Ago)"", ""D"": ""2.0"", ""E"": ""46209.0"", ""F"": true, ""G"": ""46237.0"", ""H"": ""Hecho"", ""I"": ""Alto"", ""J"": ""N/A"", ""K"": ""Sebastian Ballesteros"", ""L"": ""Conexión por API´s, SISPLUS (Formatos de conexión)""}","{""J"": ""if(or(F787=TRUE,G787>0,H787=\""Done\"",isblank(E787)),\""N/A\"",if($B$5<=E787,\""N/A\"",\""Overdue\""))""}",support,TASK_BELONGS_TO_PROJECT_TEMPLATE,HISTORICAL_TASK_BOUND_TO_PROJECT_TEMPLATE_NOT_TEMPLATE_ACTIVITY,,
tareas,TSK000772,task,✅Lista de Tareas,788,PRJ0018,Colegio Gimnasio del Saber,Colegio Gimnasio del Saber,Soporte,Schoolpack,support,Capacitación,Actividad,TSK000772,87921 - Capacitación Recursos Físicos (PENDIENTE ACTA),2.0,2026-06-24,2026-06-24,true,Hecho,Alto,Sebastian Ballesteros,N/A,,support:ACT-450,,,,,,,,,,,,,,,,,,,,,,,,,,,,,,,"{""B"": ""Colegio Gimnasio del Saber"", ""C"": ""87921 - Capacitación Recursos Físicos (PENDIENTE ACTA)"", ""D"": ""2.0"", ""E"": ""46197.0"", ""F"": true, ""G"": ""46197.0"", ""H"": ""Hecho"", ""I"": ""Alto"", ""J"": ""N/A"", ""K"": ""Sebastian Ballesteros""}","{""J"": """"}",support,TASK_BELONGS_TO_PROJECT_TEMPLATE,HISTORICAL_TASK_BOUND_TO_PROJECT_TEMPLATE_NOT_TEMPLATE_ACTIVITY,,
tareas,TSK000773,task,✅Lista de Tareas,789,PRJ0018,Colegio Gimnasio del Saber,Colegio Gimnasio del Saber,Soporte,Schoolpack,support,Integraciones,Actividad,TSK000773,87828 - Iniciar Implementación de la Interfaz Contable con Sisplus (Ya compraron SISPLUS) estan en configuraciones,,2026-08-03,2026-08-10,false,En progreso,Alto,Sebastian Ballesteros,,,support:ACT-451,,,,,,,,,,,,,,,,,,,,,,,,,,,,,,,"{""B"": ""Colegio Gimnasio del Saber"", ""C"": ""87828 - Iniciar Implementación de la Interfaz Contable con Sisplus (Ya compraron SISPLUS) estan en configuraciones"", ""E"": ""46237.0"", ""F"": false, ""G"": ""46244.0"", ""H"": ""En progreso"", ""I"": ""Alto"", ""K"": ""Sebastian Ballesteros""}",{},support,TASK_BELONGS_TO_PROJECT_TEMPLATE,HISTORICAL_TASK_BOUND_TO_PROJECT_TEMPLATE_NOT_TEMPLATE_ACTIVITY,,
tareas,TSK000774,task,✅Lista de Tareas,790,PRJ0018,Colegio Gimnasio del Saber,Colegio Gimnasio del Saber,Soporte,Schoolpack,support,Capacitación,Actividad,TSK000774,88504 - Capacitación Extracurriculares PROGRAMAR (NO SE VA A DAR PORQUE NO TIENE PERSONA ASIGNADA),1.0,2026-08-20,2026-08-20,true,Hecho,Alto,Sebastian Ballesteros,N/A,,support:ACT-452,,,,,,,,,,,,,,,,,,,,,,,,,,,,,,,"{""B"": ""Colegio Gimnasio del Saber"", ""C"": ""88504 - Capacitación Extracurriculares PROGRAMAR (NO SE VA A DAR PORQUE NO TIENE PERSONA ASIGNADA)"", ""D"": ""1.0"", ""E"": ""46254.0"", ""F"": true, ""G"": ""46254.0"", ""H"": ""Hecho"", ""I"": ""Alto"", ""J"": ""N/A"", ""K"": ""Sebastian Ballesteros""}","{""J"": ""IF(OR(F790=TRUE,G790>0,H790=\""Done\"",ISBLANK(E790)),\""N/A\"",IF($B$5<=E790,\""N/A\"",\""Overdue\""))""}",support,TASK_BELONGS_TO_PROJECT_TEMPLATE,HISTORICAL_TASK_BOUND_TO_PROJECT_TEMPLATE_NOT_TEMPLATE_ACTIVITY,,
tareas,TSK000775,task,✅Lista de Tareas,791,PRJ0018,Colegio Gimnasio del Saber,Colegio Gimnasio del Saber,Soporte,Schoolpack,support,Otros,Actividad,TSK000775,Reporte PIAR - Aprobación OSE,2.0,2026-05-25,2026-05-26,true,Hecho,Medio,Carmen Donoso,N/A,,support:ACT-453,,,,,,,,,,,,,,,,,,,,,,,,,,,,,,,"{""B"": ""Colegio Gimnasio del Saber"", ""C"": ""Reporte PIAR - Aprobación OSE "", ""D"": ""2.0"", ""E"": ""46167.0"", ""F"": true, ""G"": ""46168.0"", ""H"": ""Hecho"", ""I"": ""Medio"", ""J"": ""N/A"", ""K"": ""Carmen Donoso""}","{""J"": ""if(or(F791=TRUE,G791>0,H791=\""Done\"",isblank(E791)),\""N/A\"",if($B$5<=E791,\""N/A\"",\""Overdue\""))""}",support,TASK_BELONGS_TO_PROJECT_TEMPLATE,HISTORICAL_TASK_BOUND_TO_PROJECT_TEMPLATE_NOT_TEMPLATE_ACTIVITY,,
tareas,TSK000776,task,✅Lista de Tareas,792,PRJ0018,Colegio Gimnasio del Saber,Colegio Gimnasio del Saber,Soporte,Schoolpack,support,Capacitación,Actividad,TSK000776,Capacitación Extracurriculares y Recursos Fisicos,,2026-06-15,2026-06-15,false,En espera,Medio,Carmen Donoso,N/A,,support:ACT-454,,,,,,,,,,,,,,,,,,,,,,,,,,,,,,,"{""B"": ""Colegio Gimnasio del Saber"", ""C"": ""Capacitación Extracurriculares y Recursos Fisicos "", ""E"": ""46188.0"", ""F"": false, ""G"": ""46188.0"", ""H"": ""En espera"", ""I"": ""Medio"", ""J"": ""N/A"", ""K"": ""Carmen Donoso""}","{""J"": """"}",support,TASK_BELONGS_TO_PROJECT_TEMPLATE,HISTORICAL_TASK_BOUND_TO_PROJECT_TEMPLATE_NOT_TEMPLATE_ACTIVITY,,
tareas,TSK000777,task,✅Lista de Tareas,793,PRJ0001,Academia MISI,Academia MISI,Implementación,Campuspack,implementation_campuspack,Académico,Actividad,TSK000777,Acompañamiento Valoraciones,2.0,2026-05-29,2026-05-29,true,Hecho,Medio,Carmen Donoso,N/A,2 a 4pm,implementation_campuspack:ACT-191,,,,,,,,,,,,,,,,,,,,,,,,,,,,,,,"{""B"": ""Academia MISI"", ""C"": ""Acompañamiento Valoraciones "", ""D"": ""2.0"", ""E"": ""46171.0"", ""F"": true, ""G"": ""46171.0"", ""H"": ""Hecho"", ""I"": ""Medio"", ""J"": ""N/A"", ""K"": ""Carmen Donoso"", ""L"": ""2 a 4pm""}","{""J"": """"}",implementation_campuspack,TASK_BELONGS_TO_PROJECT_TEMPLATE,HISTORICAL_TASK_BOUND_TO_PROJECT_TEMPLATE_NOT_TEMPLATE_ACTIVITY,,
tareas,TSK000778,task,✅Lista de Tareas,794,PRJ0019,Instituto Alberto Merani,Instituto Alberto Merani,Soporte,Schoolpack,support,Otros,Actividad,TSK000778,Modulo Biblioteca,,2026-06-01,2026-06-01,true,Hecho,Medio,Carmen Donoso,N/A,11am,support:ACT-455,,,,,,,,,,,,,,,,,,,,,,,,,,,,,,,"{""B"": ""Instituto Alberto Merani"", ""C"": ""Modulo Biblioteca"", ""E"": ""46174.0"", ""F"": true, ""G"": ""46174.0"", ""H"": ""Hecho"", ""I"": ""Medio"", ""J"": ""N/A"", ""K"": ""Carmen Donoso"", ""L"": ""11am""}","{""J"": """"}",support,TASK_BELONGS_TO_PROJECT_TEMPLATE,HISTORICAL_TASK_BOUND_TO_PROJECT_TEMPLATE_NOT_TEMPLATE_ACTIVITY,,
tareas,TSK000779,task,✅Lista de Tareas,795,PRJ0044,Claretiano de Bosa,Claretiano de Bosa,Soporte,Schoolpack,support,Académico,Actividad,TSK000779,"87827 - Capacitación Configuración Académica, notas Boletines",3.0,2026-06-01,2026-06-01,true,Hecho,Medio,Carmen Donoso,N/A,,support:ACT-456,,,,,,,,,,,,,,,,,,,,,,,,,,,,,,,"{""B"": ""Claretiano de Bosa"", ""C"": ""87827 - Capacitación Configuración Académica, notas Boletines "", ""D"": ""3.0"", ""E"": ""46174.0"", ""F"": true, ""G"": ""46174.0"", ""H"": ""Hecho"", ""I"": ""Medio"", ""J"": ""N/A"", ""K"": ""Carmen Donoso""}","{""J"": """"}",support,TASK_BELONGS_TO_PROJECT_TEMPLATE,HISTORICAL_TASK_BOUND_TO_PROJECT_TEMPLATE_NOT_TEMPLATE_ACTIVITY,,
tareas,TSK000780,task,✅Lista de Tareas,796,PRJ0003,The English School,The English School,Soporte,Schoolpack,support,Facturación electrónica,Actividad,TSK000780,Requerimiento: Inclusión del estudiante como firmante en signio (Aprobada OSE): En desarrollo,1.0,2026-06-01,2026-06-02,false,En progreso,Medio,Jhoec Camayo,N/A,,support:ACT-457,,,,,,,,,,,,,,,,,,,,,,,,,,,,,,,"{""B"": ""The English School"", ""C"": ""Requerimiento: Inclusión del estudiante como firmante en signio (Aprobada OSE): En desarrollo"", ""D"": ""1.0"", ""E"": ""46174.0"", ""F"": false, ""G"": ""46175.0"", ""H"": ""En progreso"", ""I"": ""Medio"", ""J"": ""N/A"", ""K"": ""Jhoec Camayo""}","{""J"": """"}",support,TASK_BELONGS_TO_PROJECT_TEMPLATE,HISTORICAL_TASK_BOUND_TO_PROJECT_TEMPLATE_NOT_TEMPLATE_ACTIVITY,,
tareas,TSK000781,task,✅Lista de Tareas,797,PRJ0022,INPEC,INPEC,Implementación,Campuspack,implementation_campuspack,Documentación / Actas / Entrega,Actividad,TSK000781,87752 - Cargue masivo de calificaciones intermedias por parte de los docentes (ENVIAR ACTA POR EL SAC),1.0,2026-05-26,2026-06-05,true,Hecho,Medio,Jhoec Camayo,N/A,,implementation_campuspack:ACT-192,,,,,,,,,,,,,,,,,,,,,,,,,,,,,,,"{""B"": ""INPEC"", ""C"": ""87752 - Cargue masivo de calificaciones intermedias por parte de los docentes (ENVIAR ACTA POR EL SAC)"", ""D"": ""1.0"", ""E"": ""46168.0"", ""F"": true, ""G"": ""46178.0"", ""H"": ""Hecho"", ""I"": ""Medio"", ""J"": ""N/A"", ""K"": ""Jhoec Camayo""}","{""J"": """"}",implementation_campuspack,TASK_BELONGS_TO_PROJECT_TEMPLATE,HISTORICAL_TASK_BOUND_TO_PROJECT_TEMPLATE_NOT_TEMPLATE_ACTIVITY,,
tareas,TSK000782,task,✅Lista de Tareas,798,PRJ0044,Claretiano de Bosa,Claretiano de Bosa,Soporte,Schoolpack,support,Académico,Actividad,TSK000782,Capacitación Valoraciones,2.0,2026-06-01,2026-06-01,true,Hecho,Medio,Carmen Donoso,N/A,,support:ACT-458,,,,,,,,,,,,,,,,,,,,,,,,,,,,,,,"{""B"": ""Claretiano de Bosa"", ""C"": ""Capacitación Valoraciones"", ""D"": ""2.0"", ""E"": ""46174.0"", ""F"": true, ""G"": ""46174.0"", ""H"": ""Hecho"", ""I"": ""Medio"", ""J"": ""N/A"", ""K"": ""Carmen Donoso""}","{""J"": """"}",support,TASK_BELONGS_TO_PROJECT_TEMPLATE,HISTORICAL_TASK_BOUND_TO_PROJECT_TEMPLATE_NOT_TEMPLATE_ACTIVITY,,
tareas,TSK000783,task,✅Lista de Tareas,799,PRJ0019,Instituto Alberto Merani,Instituto Alberto Merani,Soporte,Schoolpack,support,Matrículas,Actividad,TSK000783,87832 - Proceso de Matriculas WEB DEMO (Configuración de tenant de pruebas) - Pendiente pruebas de ellos,2.0,2026-05-26,,false,En progreso,Medio,Karina Porras,Overdue,Sesión 23Jun 11am ,support:ACT-459,,,,,,,,,,,,,,,,,,,,,,,,,,,,,,,"{""B"": ""Instituto Alberto Merani"", ""C"": ""87832 - Proceso de Matriculas WEB DEMO (Configuración de tenant de pruebas) - Pendiente pruebas de ellos "", ""D"": ""2.0"", ""E"": ""46168.0"", ""F"": false, ""H"": ""En progreso"", ""I"": ""Medio"", ""J"": ""Overdue"", ""K"": ""Karina Porras"", ""L"": ""Sesión 23Jun 11am ""}","{""J"": """"}",support,TASK_BELONGS_TO_PROJECT_TEMPLATE,HISTORICAL_TASK_BOUND_TO_PROJECT_TEMPLATE_NOT_TEMPLATE_ACTIVITY,,
tareas,TSK000784,task,✅Lista de Tareas,800,PRJ0044,Claretiano de Bosa,Claretiano de Bosa,Soporte,Schoolpack,support,Financiero,Actividad,TSK000784,Capacitación Admisiones Financiero PENDIENTE ACTA,2.0,2026-06-02,2026-06-02,true,Hecho,Medio,Sebastian Ballesteros,N/A,,support:ACT-460,,,,,,,,,,,,,,,,,,,,,,,,,,,,,,,"{""B"": ""Claretiano de Bosa"", ""C"": ""Capacitación Admisiones Financiero PENDIENTE ACTA"", ""D"": ""2.0"", ""E"": ""46175.0"", ""F"": true, ""G"": ""46175.0"", ""H"": ""Hecho"", ""I"": ""Medio"", ""J"": ""N/A"", ""K"": ""Sebastian Ballesteros""}","{""J"": """"}",support,TASK_BELONGS_TO_PROJECT_TEMPLATE,HISTORICAL_TASK_BOUND_TO_PROJECT_TEMPLATE_NOT_TEMPLATE_ACTIVITY,,
tareas,TSK000785,task,✅Lista de Tareas,801,PRJ0019,Instituto Alberto Merani,Instituto Alberto Merani,Soporte,Schoolpack,support,Documentación / Actas / Entrega,Actividad,TSK000785,Generar certificados desde SchoolWeb: Completar documentación (Correo),3.0,2026-06-01,2026-06-01,true,Hecho,Medio,Sebastian Ballesteros,N/A,,support:ACT-461,,,,,,,,,,,,,,,,,,,,,,,,,,,,,,,"{""B"": ""Instituto Alberto Merani"", ""C"": ""Generar certificados desde SchoolWeb: Completar documentación (Correo) "", ""D"": ""3.0"", ""E"": ""46174.0"", ""F"": true, ""G"": ""46174.0"", ""H"": ""Hecho"", ""I"": ""Medio"", ""J"": ""N/A"", ""K"": ""Sebastian Ballesteros""}","{""J"": """"}",support,TASK_BELONGS_TO_PROJECT_TEMPLATE,HISTORICAL_TASK_BOUND_TO_PROJECT_TEMPLATE_NOT_TEMPLATE_ACTIVITY,,
tareas,TSK000786,task,✅Lista de Tareas,802,PRJ0019,Instituto Alberto Merani,Instituto Alberto Merani,Soporte,Schoolpack,support,Reuniones y coordinación,Actividad,TSK000786,87734 - Generar certificados desde SchoolWeb: Enviar OSE despues de cotización (PROGRAMAR REUNION PARA VER EL ALCANCE) CANCELADO,3.0,2026-06-01,2026-06-23,true,Hecho,Medio,Sebastian Ballesteros,N/A,,support:ACT-462,,,,,,,,,,,,,,,,,,,,,,,,,,,,,,,"{""B"": ""Instituto Alberto Merani"", ""C"": ""87734 - Generar certificados desde SchoolWeb: Enviar OSE despues de cotización (PROGRAMAR REUNION PARA VER EL ALCANCE) CANCELADO "", ""D"": ""3.0"", ""E"": ""46174.0"", ""F"": true, ""G"": ""46196.0"", ""H"": ""Hecho"", ""I"": ""Medio"", ""J"": ""N/A"", ""K"": ""Sebastian Ballesteros""}","{""J"": """"}",support,TASK_BELONGS_TO_PROJECT_TEMPLATE,HISTORICAL_TASK_BOUND_TO_PROJECT_TEMPLATE_NOT_TEMPLATE_ACTIVITY,,
tareas,TSK000787,task,✅Lista de Tareas,803,PRJ0036,Colegio Parroquial San Buenaventura,Colegio Parroquial San Buenaventura,Soporte,Schoolpack,support,Desarrollos a la medida,Actividad,TSK000787,"Desarrollo Actualización de datos (Seguimiento a la aprobación de la OSE) Cancelado, no tienen presupuesto",1.0,2026-05-26,2026-05-29,true,Hecho,Medio,Sebastian Ballesteros,N/A,no tienen presupuesto,support:ACT-463,,,,,,,,,,,,,,,,,,,,,,,,,,,,,,,"{""B"": ""Colegio Parroquial San Buenaventura"", ""C"": ""Desarrollo Actualización de datos (Seguimiento a la aprobación de la OSE) Cancelado, no tienen presupuesto"", ""D"": ""1.0"", ""E"": ""46168.0"", ""F"": true, ""G"": ""46171.0"", ""H"": ""Hecho"", ""I"": ""Medio"", ""J"": ""N/A"", ""K"": ""Sebastian Ballesteros"", ""L"": ""no tienen presupuesto""}","{""J"": """"}",support,TASK_BELONGS_TO_PROJECT_TEMPLATE,HISTORICAL_TASK_BOUND_TO_PROJECT_TEMPLATE_NOT_TEMPLATE_ACTIVITY,,
tareas,TSK000788,task,✅Lista de Tareas,804,PRJ0037,Colegio Integral Funza,Colegio Integral Funza,Soporte,Schoolpack,support,Otros,Actividad,TSK000788,87829 - Sesión Boletin Preescolar,2.0,2026-06-04,2026-06-04,true,Hecho,Medio,Carmen Donoso,N/A,,support:ACT-464,,,,,,,,,,,,,,,,,,,,,,,,,,,,,,,"{""B"": ""Colegio Integral Funza"", ""C"": ""87829 - Sesión Boletin Preescolar"", ""D"": ""2.0"", ""E"": ""46177.0"", ""F"": true, ""G"": ""46177.0"", ""H"": ""Hecho"", ""I"": ""Medio"", ""J"": ""N/A"", ""K"": ""Carmen Donoso""}","{""J"": """"}",support,TASK_BELONGS_TO_PROJECT_TEMPLATE,HISTORICAL_TASK_BOUND_TO_PROJECT_TEMPLATE_NOT_TEMPLATE_ACTIVITY,,
tareas,TSK000789,task,✅Lista de Tareas,805,PRJ0004,Corp.Edu Dr. Amin Ariza,Corp.Edu Dr. Amin Ariza,Implementación,Campuspack,implementation_campuspack,Académico,Actividad,TSK000789,Sesión 1 Modelo de Valoraciones CONFIGURADO EN PRODUCCIÓN,2.0,2026-06-02,2026-06-02,true,Hecho,Alto,Carmen Donoso,N/A,,implementation_campuspack:ACT-193,,,,,,,,,,,,,,,,,,,,,,,,,,,,,,,"{""B"": ""Corp.Edu Dr. Amin Ariza"", ""C"": ""Sesión 1 Modelo de Valoraciones CONFIGURADO EN PRODUCCIÓN"", ""D"": ""2.0"", ""E"": ""46175.0"", ""F"": true, ""G"": ""46175.0"", ""H"": ""Hecho"", ""I"": ""Alto"", ""J"": ""N/A"", ""K"": ""Carmen Donoso""}","{""J"": """"}",implementation_campuspack,TASK_BELONGS_TO_PROJECT_TEMPLATE,HISTORICAL_TASK_BOUND_TO_PROJECT_TEMPLATE_NOT_TEMPLATE_ACTIVITY,,
tareas,TSK000790,task,✅Lista de Tareas,806,PRJ0037,Colegio Integral Funza,Colegio Integral Funza,Soporte,Schoolpack,support,Acompañamiento / Seguimiento,Actividad,TSK000790,87829 - implementacion modelo preescolar (Pendiente aprobación OSE 5651) CERRADO,,2026-06-04,2026-07-03,true,Hecho,Medio,Carmen Donoso,N/A,,support:ACT-465,,,,,,,,,,,,,,,,,,,,,,,,,,,,,,,"{""B"": ""Colegio Integral Funza"", ""C"": ""87829 - implementacion modelo preescolar (Pendiente aprobación OSE 5651) CERRADO"", ""E"": ""46177.0"", ""F"": true, ""G"": ""46206.0"", ""H"": ""Hecho"", ""I"": ""Medio"", ""J"": ""N/A"", ""K"": ""Carmen Donoso""}","{""J"": """"}",support,TASK_BELONGS_TO_PROJECT_TEMPLATE,HISTORICAL_TASK_BOUND_TO_PROJECT_TEMPLATE_NOT_TEMPLATE_ACTIVITY,,
tareas,TSK000791,task,✅Lista de Tareas,807,PRJ0003,The English School,The English School,Soporte,Schoolpack,support,Matrículas,Actividad,TSK000791,Entrega Desarrollo Matriculas,2.0,2026-06-04,2026-06-04,true,Hecho,Medio,Carmen Donoso,N/A,11am,support:ACT-466,,,,,,,,,,,,,,,,,,,,,,,,,,,,,,,"{""B"": ""The English School"", ""C"": ""Entrega Desarrollo Matriculas "", ""D"": ""2.0"", ""E"": ""46177.0"", ""F"": true, ""G"": ""46177.0"", ""H"": ""Hecho"", ""I"": ""Medio"", ""J"": ""N/A"", ""K"": ""Carmen Donoso"", ""L"": ""11am""}","{""J"": """"}",support,TASK_BELONGS_TO_PROJECT_TEMPLATE,HISTORICAL_TASK_BOUND_TO_PROJECT_TEMPLATE_NOT_TEMPLATE_ACTIVITY,,
tareas,TSK000792,task,✅Lista de Tareas,808,PRJ0003,The English School,The English School,Soporte,Schoolpack,support,Matrículas,Actividad,TSK000792,Entrega Desarrollo Matriculas,2.0,2026-06-04,2026-06-04,true,Hecho,Medio,Sebastian Ballesteros,N/A,,support:ACT-466,,,,,,,,,,,,,,,,,,,,,,,,,,,,,,,"{""B"": ""The English School"", ""C"": ""Entrega Desarrollo Matriculas "", ""D"": ""2.0"", ""E"": ""46177.0"", ""F"": true, ""G"": ""46177.0"", ""H"": ""Hecho"", ""I"": ""Medio"", ""J"": ""N/A"", ""K"": ""Sebastian Ballesteros""}","{""J"": ""IF(OR(F808=TRUE,G808>0,H808=\""Done\"",ISBLANK(E808)),\""N/A\"",IF($B$5<=E808,\""N/A\"",\""Overdue\""))""}",support,TASK_BELONGS_TO_PROJECT_TEMPLATE,HISTORICAL_TASK_BOUND_TO_PROJECT_TEMPLATE_NOT_TEMPLATE_ACTIVITY,,
tareas,TSK000793,task,✅Lista de Tareas,809,PRJ0004,Corp.Edu Dr. Amin Ariza,Corp.Edu Dr. Amin Ariza,Implementación,Campuspack,implementation_campuspack,Migración / Importadores,Actividad,TSK000793,Sesión 2 Modelo de Creación de importador de Cosmetologia,2.0,2026-06-03,2026-06-03,true,Hecho,Alto,Carmen Donoso,N/A,,implementation_campuspack:ACT-194,,,,,,,,,,,,,,,,,,,,,,,,,,,,,,,"{""B"": ""Corp.Edu Dr. Amin Ariza"", ""C"": ""Sesión 2 Modelo de Creación de importador de Cosmetologia "", ""D"": ""2.0"", ""E"": ""46176.0"", ""F"": true, ""G"": ""46176.0"", ""H"": ""Hecho"", ""I"": ""Alto"", ""J"": ""N/A"", ""K"": ""Carmen Donoso""}","{""J"": ""if(or(F809=TRUE,G809>0,H809=\""Done\"",isblank(E809)),\""N/A\"",if($B$5<=E809,\""N/A\"",\""Overdue\""))""}",implementation_campuspack,TASK_BELONGS_TO_PROJECT_TEMPLATE,HISTORICAL_TASK_BOUND_TO_PROJECT_TEMPLATE_NOT_TEMPLATE_ACTIVITY,,
tareas,TSK000794,task,✅Lista de Tareas,810,PRJ0042,Corp. Abraham Lincon,Corp. Abraham Lincon,Soporte,Schoolpack,support,Desarrollos a la medida,Actividad,TSK000794,87802 - Requerimiento: Modificaciones Schoolpack: Pruebas y auditoria. ENTREGADO,2.0,2026-06-04,2026-06-05,true,Hecho,Medio,Jhoec Camayo,N/A,,support:ACT-467,,,,,,,,,,,,,,,,,,,,,,,,,,,,,,,"{""B"": ""Corp. Abraham Lincon"", ""C"": ""87802 - Requerimiento: Modificaciones Schoolpack: Pruebas y auditoria. ENTREGADO"", ""D"": ""2.0"", ""E"": ""46177.0"", ""F"": true, ""G"": ""46178.0"", ""H"": ""Hecho"", ""I"": ""Medio"", ""J"": ""N/A"", ""K"": ""Jhoec Camayo""}","{""J"": """"}",support,TASK_BELONGS_TO_PROJECT_TEMPLATE,HISTORICAL_TASK_BOUND_TO_PROJECT_TEMPLATE_NOT_TEMPLATE_ACTIVITY,,
tareas,TSK000795,task,✅Lista de Tareas,811,PRJ0030,Comfenalco,Comfenalco ,Soporte,Campuspack,support,Otros,Actividad,TSK000795,Cierre de Año,1.0,2026-06-16,2026-06-16,true,Hecho,Alto,Carmen Donoso,N/A,,support:ACT-447,,,,,,,,,,,,,,,,,,,,,,,,,,,,,,,"{""B"": ""Comfenalco "", ""C"": ""Cierre de Año"", ""D"": ""1.0"", ""E"": ""46189.0"", ""F"": true, ""G"": ""46189.0"", ""H"": ""Hecho"", ""I"": ""Alto"", ""J"": ""N/A"", ""K"": ""Carmen Donoso""}","{""J"": """"}",support,TASK_BELONGS_TO_PROJECT_TEMPLATE,HISTORICAL_TASK_BOUND_TO_PROJECT_TEMPLATE_NOT_TEMPLATE_ACTIVITY,,
tareas,TSK000796,task,✅Lista de Tareas,812,PRJ0013,Aspaen,Aspaen,Soporte,Schoolpack,support,Otros,Actividad,TSK000796,Cierres de Año,,2026-06-22,2026-07-03,true,Hecho,Alto,Carmen Donoso,N/A,,support:ACT-469,,,,,,,,,,,,,,,,,,,,,,,,,,,,,,,"{""B"": ""Aspaen"", ""C"": ""Cierres de Año"", ""E"": ""46195.0"", ""F"": true, ""G"": ""46206.0"", ""H"": ""Hecho"", ""I"": ""Alto"", ""J"": ""N/A"", ""K"": ""Carmen Donoso""}","{""J"": """"}",support,TASK_BELONGS_TO_PROJECT_TEMPLATE,HISTORICAL_TASK_BOUND_TO_PROJECT_TEMPLATE_NOT_TEMPLATE_ACTIVITY,,
tareas,TSK000797,task,✅Lista de Tareas,813,PRJ0013,Aspaen,Aspaen,Soporte,Schoolpack,support,Otros,Actividad,TSK000797,Cierres de Año,10.0,2026-06-22,2026-07-03,true,Hecho,Alto,Sebastian Ballesteros,N/A,,support:ACT-469,,,,,,,,,,,,,,,,,,,,,,,,,,,,,,,"{""B"": ""Aspaen"", ""C"": ""Cierres de Año"", ""D"": ""10.0"", ""E"": ""46195.0"", ""F"": true, ""G"": ""46206.0"", ""H"": ""Hecho"", ""I"": ""Alto"", ""J"": ""N/A"", ""K"": ""Sebastian Ballesteros""}","{""J"": """"}",support,TASK_BELONGS_TO_PROJECT_TEMPLATE,HISTORICAL_TASK_BOUND_TO_PROJECT_TEMPLATE_NOT_TEMPLATE_ACTIVITY,,
tareas,TSK000798,task,✅Lista de Tareas,814,PRJ0004,Corp.Edu Dr. Amin Ariza,Corp.Edu Dr. Amin Ariza,Implementación,Campuspack,implementation_campuspack,Académico,Actividad,TSK000798,Academico: Programación de criterios evaluativos (Silabus): Configuración y Capacitación,2.0,2026-06-05,2026-06-05,true,Hecho,Alto,Carmen Donoso,N/A,,implementation_campuspack:ACT-195,,,,,,,,,,,,,,,,,,,,,,,,,,,,,,,"{""B"": ""Corp.Edu Dr. Amin Ariza"", ""C"": ""Academico: Programación de criterios evaluativos (Silabus): Configuración y Capacitación "", ""D"": ""2.0"", ""E"": ""46178.0"", ""F"": true, ""G"": ""46178.0"", ""H"": ""Hecho"", ""I"": ""Alto"", ""J"": ""N/A"", ""K"": ""Carmen Donoso""}","{""J"": """"}",implementation_campuspack,TASK_BELONGS_TO_PROJECT_TEMPLATE,HISTORICAL_TASK_BOUND_TO_PROJECT_TEMPLATE_NOT_TEMPLATE_ACTIVITY,,
tareas,TSK000799,task,✅Lista de Tareas,815,PRJ0004,Corp.Edu Dr. Amin Ariza,Corp.Edu Dr. Amin Ariza,Implementación,Campuspack,implementation_campuspack,Académico,Actividad,TSK000799,Academico: Programación plan de clase (Planeador) y Creacion y publicacion de actividades de trabajo independiente (Tareas): Configuración y Capacitación,2.0,2026-06-05,2026-06-05,true,Hecho,Alto,Carmen Donoso,N/A,,implementation_campuspack:ACT-196,,,,,,,,,,,,,,,,,,,,,,,,,,,,,,,"{""B"": ""Corp.Edu Dr. Amin Ariza"", ""C"": ""Academico: Programación plan de clase (Planeador) y Creacion y publicacion de actividades de trabajo independiente (Tareas): Configuración y Capacitación "", ""D"": ""2.0"", ""E"": ""46178.0"", ""F"": true, ""G"": ""46178.0"", ""H"": ""Hecho"", ""I"": ""Alto"", ""J"": ""N/A"", ""K"": ""Carmen Donoso""}","{""J"": """"}",implementation_campuspack,TASK_BELONGS_TO_PROJECT_TEMPLATE,HISTORICAL_TASK_BOUND_TO_PROJECT_TEMPLATE_NOT_TEMPLATE_ACTIVITY,,
tareas,TSK000800,task,✅Lista de Tareas,816,PRJ0004,Corp.Edu Dr. Amin Ariza,Corp.Edu Dr. Amin Ariza,Implementación,Campuspack,implementation_campuspack,Acompañamiento / Seguimiento,Actividad,TSK000800,Acompañamiento para emisión de sabanas de notas,2.0,2026-06-30,2026-06-30,true,Hecho,Alto,Carmen Donoso,N/A,,implementation_campuspack:ACT-197,,,,,,,,,,,,,,,,,,,,,,,,,,,,,,,"{""B"": ""Corp.Edu Dr. Amin Ariza"", ""C"": ""Acompañamiento para emisión de sabanas de notas "", ""D"": ""2.0"", ""E"": ""46203.0"", ""F"": true, ""G"": ""46203.0"", ""H"": ""Hecho"", ""I"": ""Alto"", ""J"": ""N/A"", ""K"": ""Carmen Donoso""}","{""J"": """"}",implementation_campuspack,TASK_BELONGS_TO_PROJECT_TEMPLATE,HISTORICAL_TASK_BOUND_TO_PROJECT_TEMPLATE_NOT_TEMPLATE_ACTIVITY,,
tareas,TSK000801,task,✅Lista de Tareas,817,PRJ0045,Colegio Restrepo Molina, Colegio Restrepo Molina,Soporte,Schoolpack,support,Capacitación,Actividad,TSK000801,Capacitación Secretaria - Colegio Restrepo Molina,2.0,2026-06-09,2026-06-09,true,Hecho,Medio,Carmen Donoso,N/A,,support:ACT-470,,,,,,,,,,,,,,,,,,,,,,,,,,,,,,,"{""B"": "" Colegio Restrepo Molina"", ""C"": ""Capacitación Secretaria - Colegio Restrepo Molina"", ""D"": ""2.0"", ""E"": ""46182.0"", ""F"": true, ""G"": ""46182.0"", ""H"": ""Hecho"", ""I"": ""Medio"", ""J"": ""N/A"", ""K"": ""Carmen Donoso""}","{""J"": """"}",support,TASK_BELONGS_TO_PROJECT_TEMPLATE,HISTORICAL_TASK_BOUND_TO_PROJECT_TEMPLATE_NOT_TEMPLATE_ACTIVITY,,
tareas,TSK000802,task,✅Lista de Tareas,818,PRJ0045,Colegio Restrepo Molina,Colegio Restrepo Molina,Soporte,Schoolpack,support,Capacitación,Actividad,TSK000802,Capacitación 2 Secretaria - Colegio Restrepo Molina,4.0,2026-06-17,2026-06-18,true,Hecho,Medio,Carmen Donoso,N/A,,support:ACT-471,,,,,,,,,,,,,,,,,,,,,,,,,,,,,,,"{""B"": ""Colegio Restrepo Molina"", ""C"": ""Capacitación 2 Secretaria - Colegio Restrepo Molina"", ""D"": ""4.0"", ""E"": ""46190.0"", ""F"": true, ""G"": ""46191.0"", ""H"": ""Hecho"", ""I"": ""Medio"", ""J"": ""N/A"", ""K"": ""Carmen Donoso""}","{""J"": """"}",support,TASK_BELONGS_TO_PROJECT_TEMPLATE,HISTORICAL_TASK_BOUND_TO_PROJECT_TEMPLATE_NOT_TEMPLATE_ACTIVITY,,
tareas,TSK000803,task,✅Lista de Tareas,819,PRJ0004,Corp.Edu Dr. Amin Ariza,Corp.Edu Dr. Amin Ariza,Implementación,Campuspack,implementation_campuspack,Capacitación,Actividad,TSK000803,Capacitación y Configuración inicial: Inscripcipines,2.0,2026-07-07,,true,Hecho,Alto,Carmen Donoso,N/A,3 a 5pm,implementation_campuspack:ACT-198,,,,,,,,,,,,,,,,,,,,,,,,,,,,,,,"{""B"": ""Corp.Edu Dr. Amin Ariza"", ""C"": ""Capacitación y Configuración inicial: Inscripcipines "", ""D"": ""2.0"", ""E"": ""46210.0"", ""F"": true, ""H"": ""Hecho"", ""I"": ""Alto"", ""J"": ""N/A"", ""K"": ""Carmen Donoso"", ""L"": ""3 a 5pm""}","{""J"": """"}",implementation_campuspack,TASK_BELONGS_TO_PROJECT_TEMPLATE,HISTORICAL_TASK_BOUND_TO_PROJECT_TEMPLATE_NOT_TEMPLATE_ACTIVITY,,
tareas,TSK000804,task,✅Lista de Tareas,820,PRJ0004,Corp.Edu Dr. Amin Ariza,Corp.Edu Dr. Amin Ariza,Implementación,Campuspack,implementation_campuspack,Matrículas,Actividad,TSK000804,Capacitación y Configuración inicial: Matriculas,2.0,2026-07-09,,true,Hecho,Alto,Carmen Donoso,N/A,,implementation_campuspack:ACT-199,,,,,,,,,,,,,,,,,,,,,,,,,,,,,,,"{""B"": ""Corp.Edu Dr. Amin Ariza"", ""C"": ""Capacitación y Configuración inicial: Matriculas"", ""D"": ""2.0"", ""E"": ""46212.0"", ""F"": true, ""H"": ""Hecho"", ""I"": ""Alto"", ""J"": ""N/A"", ""K"": ""Carmen Donoso""}","{""J"": """"}",implementation_campuspack,TASK_BELONGS_TO_PROJECT_TEMPLATE,HISTORICAL_TASK_BOUND_TO_PROJECT_TEMPLATE_NOT_TEMPLATE_ACTIVITY,,
tareas,TSK000805,task,✅Lista de Tareas,821,PRJ0003,The English School,The English School,Soporte,Schoolpack,support,Matrículas,Actividad,TSK000805,"Entrega Desarrollo Matriculas, SEGUIMIENTO AL PASO A PRODUCCIÓN",3.0,2026-06-09,2026-06-19,true,Hecho,Medio,Sebastian Ballesteros,N/A,,support:ACT-472,,,,,,,,,,,,,,,,,,,,,,,,,,,,,,,"{""B"": ""The English School"", ""C"": ""Entrega Desarrollo Matriculas, SEGUIMIENTO AL PASO A PRODUCCIÓN"", ""D"": ""3.0"", ""E"": ""46182.0"", ""F"": true, ""G"": ""46192.0"", ""H"": ""Hecho"", ""I"": ""Medio"", ""J"": ""N/A"", ""K"": ""Sebastian Ballesteros""}","{""J"": ""IF(OR(F821=TRUE,G821>0,H821=\""Done\"",ISBLANK(E821)),\""N/A\"",IF($B$5<=E821,\""N/A\"",\""Overdue\""))""}",support,TASK_BELONGS_TO_PROJECT_TEMPLATE,HISTORICAL_TASK_BOUND_TO_PROJECT_TEMPLATE_NOT_TEMPLATE_ACTIVITY,,
tareas,TSK000806,task,✅Lista de Tareas,822,PRJ0008,Corazonistas,Corazonistas,Soporte,Implementado,support,Pruebas / Auditoría,Actividad,TSK000806,Revision de logros 3 periodo - Corazonista Medellin,3.0,2026-06-09,2026-06-09,true,Hecho,Medio,Carmen Donoso,N/A,,support:ACT-473,,,,,,,,,,,,,,,,,,,,,,,,,,,,,,,"{""B"": ""Corazonistas"", ""C"": ""Revision de logros 3 periodo - Corazonista Medellin"", ""D"": ""3.0"", ""E"": ""46182.0"", ""F"": true, ""G"": ""46182.0"", ""H"": ""Hecho"", ""I"": ""Medio"", ""J"": ""N/A"", ""K"": ""Carmen Donoso""}","{""J"": ""if(or(F822=TRUE,G822>0,H822=\""Done\"",isblank(E822)),\""N/A\"",if($B$5<=E822,\""N/A\"",\""Overdue\""))""}",support,TASK_BELONGS_TO_PROJECT_TEMPLATE,HISTORICAL_TASK_BOUND_TO_PROJECT_TEMPLATE_NOT_TEMPLATE_ACTIVITY,,
tareas,TSK000807,task,✅Lista de Tareas,823,PRJ0025,Universidad de Envigado,Universidad de Envigado,Implementación,Campuspack,implementation_campuspack,Botón de pagos,Actividad,TSK000807,"87478 y 87473 - Botón de pagos: Solicitar al usuario pasos a seguir para realizar la activación del botón PSE, códigos ACH y seguimiento",2.0,2026-04-14,2026-06-09,true,Hecho,Alto,Jhoec Camayo,N/A,,implementation_campuspack:ACT-200,,,,,,,,,,,,,,,,,,,,,,,,,,,,,,,"{""B"": ""Universidad de Envigado"", ""C"": ""87478 y 87473 - Botón de pagos: Solicitar al usuario pasos a seguir para realizar la activación del botón PSE, códigos ACH y seguimiento"", ""D"": ""2.0"", ""E"": ""46126.0"", ""F"": true, ""G"": ""46182.0"", ""H"": ""Hecho"", ""I"": ""Alto"", ""J"": ""N/A"", ""K"": ""Jhoec Camayo""}","{""J"": """"}",implementation_campuspack,TASK_BELONGS_TO_PROJECT_TEMPLATE,HISTORICAL_TASK_BOUND_TO_PROJECT_TEMPLATE_NOT_TEMPLATE_ACTIVITY,,
tareas,TSK000808,task,✅Lista de Tareas,824,PRJ0008,Corazonistas,Corazonistas,Soporte,Implementado,support,Firma electrónica,Actividad,TSK000808,87907 - Activación de Firma electronica en Antonio Nariño: Modificaciones de reportes,2.0,2026-06-16,2026-06-16,false,En progreso,Medio,Jhoec Camayo,N/A,,support:ACT-474,,,,,,,,,,,,,,,,,,,,,,,,,,,,,,,"{""B"": ""Corazonistas"", ""C"": ""87907 - Activación de Firma electronica en Antonio Nariño: Modificaciones de reportes "", ""D"": ""2.0"", ""E"": ""46189.0"", ""F"": false, ""G"": ""46189.0"", ""H"": ""En progreso"", ""I"": ""Medio"", ""J"": ""N/A"", ""K"": ""Jhoec Camayo""}","{""J"": """"}",support,TASK_BELONGS_TO_PROJECT_TEMPLATE,HISTORICAL_TASK_BOUND_TO_PROJECT_TEMPLATE_NOT_TEMPLATE_ACTIVITY,,
tareas,TSK000809,task,✅Lista de Tareas,825,PRJ0008,Corazonistas,Corazonistas,Soporte,Implementado,support,Firma electrónica,Actividad,TSK000809,87906 - Activación de Firma electronica en Puerto Colombia: Modificaciones de reportes,2.0,2026-06-16,2026-06-16,false,En progreso,Medio,Jhoec Camayo,N/A,,support:ACT-475,,,,,,,,,,,,,,,,,,,,,,,,,,,,,,,"{""B"": ""Corazonistas"", ""C"": ""87906 - Activación de Firma electronica en Puerto Colombia: Modificaciones de reportes "", ""D"": ""2.0"", ""E"": ""46189.0"", ""F"": false, ""G"": ""46189.0"", ""H"": ""En progreso"", ""I"": ""Medio"", ""J"": ""N/A"", ""K"": ""Jhoec Camayo""}","{""J"": """"}",support,TASK_BELONGS_TO_PROJECT_TEMPLATE,HISTORICAL_TASK_BOUND_TO_PROJECT_TEMPLATE_NOT_TEMPLATE_ACTIVITY,,
tareas,TSK000810,task,✅Lista de Tareas,826,PRJ0025,Universidad de Envigado,Universidad de Envigado,Implementación,Campuspack,implementation_campuspack,Botón de pagos,Actividad,TSK000810,Botón de pagos: Entrega de codigos de servicio a ecollect seguimiento y pruebas (Seguimiento a don guillermo),1.0,2026-06-25,2026-08-20,true,Hecho,Alto,Sebastian Ballesteros,N/A,Correo don guille ,implementation_campuspack:ACT-201,,,,,,,,,,,,,,,,,,,,,,,,,,,,,,,"{""B"": ""Universidad de Envigado"", ""C"": ""Botón de pagos: Entrega de codigos de servicio a ecollect seguimiento y pruebas (Seguimiento a don guillermo)"", ""D"": ""1.0"", ""E"": ""46198.0"", ""F"": true, ""G"": ""46254.0"", ""H"": ""Hecho"", ""I"": ""Alto"", ""J"": ""N/A"", ""K"": ""Sebastian Ballesteros"", ""L"": ""Correo don guille ""}","{""J"": """"}",implementation_campuspack,TASK_BELONGS_TO_PROJECT_TEMPLATE,HISTORICAL_TASK_BOUND_TO_PROJECT_TEMPLATE_NOT_TEMPLATE_ACTIVITY,,
tareas,TSK000811,task,✅Lista de Tareas,827,PRJ0025,Universidad de Envigado,Universidad de Envigado,Implementación,Campuspack,implementation_campuspack,Botón de pagos,Actividad,TSK000811,Botón de pagos: Entrega en ambiente de pruebas,2.0,2026-06-24,2026-06-24,false,No iniciado,Alto,Jhoec Camayo,N/A,,implementation_campuspack:ACT-202,,,,,,,,,,,,,,,,,,,,,,,,,,,,,,,"{""B"": ""Universidad de Envigado"", ""C"": ""Botón de pagos: Entrega en ambiente de pruebas"", ""D"": ""2.0"", ""E"": ""46197.0"", ""F"": false, ""G"": ""46197.0"", ""H"": ""No iniciado"", ""I"": ""Alto"", ""J"": ""N/A"", ""K"": ""Jhoec Camayo""}","{""J"": """"}",implementation_campuspack,TASK_BELONGS_TO_PROJECT_TEMPLATE,HISTORICAL_TASK_BOUND_TO_PROJECT_TEMPLATE_NOT_TEMPLATE_ACTIVITY,,
tareas,TSK000812,task,✅Lista de Tareas,828,PRJ0025,Universidad de Envigado,Universidad de Envigado,Implementación,Campuspack,implementation_campuspack,Botón de pagos,Actividad,TSK000812,Botón de pagos: entrega en ambiente de producción,2.0,2026-06-26,2026-06-26,false,No iniciado,Alto,Jhoec Camayo,N/A,,implementation_campuspack:ACT-203,,,,,,,,,,,,,,,,,,,,,,,,,,,,,,,"{""B"": ""Universidad de Envigado"", ""C"": ""Botón de pagos: entrega en ambiente de producción"", ""D"": ""2.0"", ""E"": ""46199.0"", ""F"": false, ""G"": ""46199.0"", ""H"": ""No iniciado"", ""I"": ""Alto"", ""J"": ""N/A"", ""K"": ""Jhoec Camayo""}","{""J"": """"}",implementation_campuspack,TASK_BELONGS_TO_PROJECT_TEMPLATE,HISTORICAL_TASK_BOUND_TO_PROJECT_TEMPLATE_NOT_TEMPLATE_ACTIVITY,,
tareas,TSK000813,task,✅Lista de Tareas,829,PRJ0031,Colegio Refous,Colegio Refous,Soporte,Schoolpack,support,Académico,Actividad,TSK000813,Sesión Valoraciones,2.0,2026-06-11,2026-06-11,true,Hecho,Medio,Carmen Donoso,N/A,10am,support:ACT-476,,,,,,,,,,,,,,,,,,,,,,,,,,,,,,,"{""B"": ""Colegio Refous"", ""C"": ""Sesión Valoraciones "", ""D"": ""2.0"", ""E"": ""46184.0"", ""F"": true, ""G"": ""46184.0"", ""H"": ""Hecho"", ""I"": ""Medio"", ""J"": ""N/A"", ""K"": ""Carmen Donoso"", ""L"": ""10am""}","{""J"": """"}",support,TASK_BELONGS_TO_PROJECT_TEMPLATE,HISTORICAL_TASK_BOUND_TO_PROJECT_TEMPLATE_NOT_TEMPLATE_ACTIVITY,,
tareas,TSK000814,task,✅Lista de Tareas,830,PRJ0025,Universidad de Envigado,Universidad de Envigado,Implementación,Campuspack,implementation_campuspack,Facturación electrónica,Actividad,TSK000814,87680 - Facturación electronica: Resolución de Factura Electrónica y entrega al cliente (En pruebas),1.0,2026-07-02,2026-08-05,true,Hecho,Alto,Sebastian Ballesteros,N/A,,implementation_campuspack:ACT-204,,,,,,,,,,,,,,,,,,,,,,,,,,,,,,,"{""B"": ""Universidad de Envigado"", ""C"": ""87680 - Facturación electronica: Resolución de Factura Electrónica y entrega al cliente (En pruebas)"", ""D"": ""1.0"", ""E"": ""46205.0"", ""F"": true, ""G"": ""46239.0"", ""H"": ""Hecho"", ""I"": ""Alto"", ""J"": ""N/A"", ""K"": ""Sebastian Ballesteros""}","{""J"": """"}",implementation_campuspack,TASK_BELONGS_TO_PROJECT_TEMPLATE,HISTORICAL_TASK_BOUND_TO_PROJECT_TEMPLATE_NOT_TEMPLATE_ACTIVITY,,
tareas,TSK000815,task,✅Lista de Tareas,831,PRJ0022,INPEC,INPEC,Implementación,Campuspack,implementation_campuspack,Otros,Actividad,TSK000815,Practica profesional,1.0,2026-06-24,2026-06-24,true,Hecho,Medio,Carmen Donoso,N/A,,implementation_campuspack:ACT-205,,,,,,,,,,,,,,,,,,,,,,,,,,,,,,,"{""B"": ""INPEC"", ""C"": ""Practica profesional"", ""D"": ""1.0"", ""E"": ""46197.0"", ""F"": true, ""G"": ""46197.0"", ""H"": ""Hecho"", ""I"": ""Medio"", ""J"": ""N/A"", ""K"": ""Carmen Donoso""}","{""J"": """"}",implementation_campuspack,TASK_BELONGS_TO_PROJECT_TEMPLATE,HISTORICAL_TASK_BOUND_TO_PROJECT_TEMPLATE_NOT_TEMPLATE_ACTIVITY,,
tareas,TSK000816,task,✅Lista de Tareas,832,PRJ0002,Fundación Incolmotos Yamaha,Fundación Incolmotos Yamaha,Soporte,Campuspack,support,Otros,Actividad,TSK000816,Gestionar y llenar documento de CIBERSEGURIDAD ITY,1.0,2026-06-22,2026-07-02,true,Hecho,Alto,Sebastian Ballesteros,N/A,,support:ACT-477,,,,,,,,,,,,,,,,,,,,,,,,,,,,,,,"{""B"": ""Fundación Incolmotos Yamaha"", ""C"": ""Gestionar y llenar documento de CIBERSEGURIDAD ITY"", ""D"": ""1.0"", ""E"": ""46195.0"", ""F"": true, ""G"": ""46205.0"", ""H"": ""Hecho"", ""I"": ""Alto"", ""J"": ""N/A"", ""K"": ""Sebastian Ballesteros""}","{""J"": """"}",support,TASK_BELONGS_TO_PROJECT_TEMPLATE,HISTORICAL_TASK_BOUND_TO_PROJECT_TEMPLATE_NOT_TEMPLATE_ACTIVITY,,
tareas,TSK000817,task,✅Lista de Tareas,833,PRJ0035,Franciscanos,Franciscanos,Soporte,Schoolpack,support,Otros,Actividad,TSK000817,Cierre de año Colegio Fray Damian,1.0,2026-06-26,2026-06-26,true,Hecho,Medio,Sebastian Ballesteros,N/A,10am,support:ACT-478,,,,,,,,,,,,,,,,,,,,,,,,,,,,,,,"{""B"": ""Franciscanos"", ""C"": ""Cierre de año Colegio Fray Damian"", ""D"": ""1.0"", ""E"": ""46199.0"", ""F"": true, ""G"": ""46199.0"", ""H"": ""Hecho"", ""I"": ""Medio"", ""J"": ""N/A"", ""K"": ""Sebastian Ballesteros"", ""L"": ""10am""}","{""J"": """"}",support,TASK_BELONGS_TO_PROJECT_TEMPLATE,HISTORICAL_TASK_BOUND_TO_PROJECT_TEMPLATE_NOT_TEMPLATE_ACTIVITY,,
tareas,TSK000818,task,✅Lista de Tareas,834,PRJ0031,Colegio Refous,Colegio Refous,Soporte,Schoolpack,support,Otros,Actividad,TSK000818,Cierre de año - COMUNIDAD FRANCISCANA - COL.FRAY DAMIAN,3.0,2026-06-18,2026-06-18,true,Hecho,Medio,Carmen Donoso,,,support:ACT-479,,,,,,,,,,,,,,,,,,,,,,,,,,,,,,,"{""B"": ""Colegio Refous"", ""C"": ""Cierre de año - COMUNIDAD FRANCISCANA - COL.FRAY DAMIAN"", ""D"": ""3.0"", ""E"": ""46191.0"", ""F"": true, ""G"": ""46191.0"", ""H"": ""Hecho"", ""I"": ""Medio"", ""K"": ""Carmen Donoso""}",{},support,TASK_BELONGS_TO_PROJECT_TEMPLATE,HISTORICAL_TASK_BOUND_TO_PROJECT_TEMPLATE_NOT_TEMPLATE_ACTIVITY,,
tareas,TSK000819,task,✅Lista de Tareas,835,PRJ0031,Colegio Refous,Colegio Refous,Soporte,Schoolpack,support,Reuniones y coordinación,Actividad,TSK000819,Observador del alumno - Reunión presencial,2.0,2026-06-18,2026-06-18,true,Hecho,Medio,Carmen Donoso,N/A,,support:ACT-480,,,,,,,,,,,,,,,,,,,,,,,,,,,,,,,"{""B"": ""Colegio Refous"", ""C"": ""Observador del alumno - Reunión presencial"", ""D"": ""2.0"", ""E"": ""46191.0"", ""F"": true, ""G"": ""46191.0"", ""H"": ""Hecho"", ""I"": ""Medio"", ""J"": ""N/A"", ""K"": ""Carmen Donoso""}","{""J"": ""if(or(F835=TRUE,G835>0,H835=\""Done\"",isblank(E835)),\""N/A\"",if($B$5<=E835,\""N/A\"",\""Overdue\""))""}",support,TASK_BELONGS_TO_PROJECT_TEMPLATE,HISTORICAL_TASK_BOUND_TO_PROJECT_TEMPLATE_NOT_TEMPLATE_ACTIVITY,,
tareas,TSK000820,task,✅Lista de Tareas,836,PRJ0031,Colegio Refous,Colegio Refous,Soporte,Schoolpack,support,Académico,Actividad,TSK000820,Sesión presencial programación academica y observador del alumno,6.0,2026-07-01,2026-07-01,true,Hecho,Medio,Carmen Donoso,N/A,,support:ACT-481,,,,,,,,,,,,,,,,,,,,,,,,,,,,,,,"{""B"": ""Colegio Refous"", ""C"": ""Sesión presencial programación academica y observador del alumno"", ""D"": ""6.0"", ""E"": ""46204.0"", ""F"": true, ""G"": ""46204.0"", ""H"": ""Hecho"", ""I"": ""Medio"", ""J"": ""N/A"", ""K"": ""Carmen Donoso""}","{""J"": """"}",support,TASK_BELONGS_TO_PROJECT_TEMPLATE,HISTORICAL_TASK_BOUND_TO_PROJECT_TEMPLATE_NOT_TEMPLATE_ACTIVITY,,
tareas,TSK000821,task,✅Lista de Tareas,837,PRJ0031,Colegio Refous,Colegio Refous,Soporte,Schoolpack,support,Reuniones y coordinación,Actividad,TSK000821,Sesión presencial socialización del software a equipo lider administrativo,2.0,2026-07-02,2026-07-02,true,Hecho,Medio,Carmen Donoso,N/A,,support:ACT-482,,,,,,,,,,,,,,,,,,,,,,,,,,,,,,,"{""B"": ""Colegio Refous"", ""C"": ""Sesión presencial socialización del software a equipo lider administrativo"", ""D"": ""2.0"", ""E"": ""46205.0"", ""F"": true, ""G"": ""46205.0"", ""H"": ""Hecho"", ""I"": ""Medio"", ""J"": ""N/A"", ""K"": ""Carmen Donoso""}","{""J"": """"}",support,TASK_BELONGS_TO_PROJECT_TEMPLATE,HISTORICAL_TASK_BOUND_TO_PROJECT_TEMPLATE_NOT_TEMPLATE_ACTIVITY,,
tareas,TSK000822,task,✅Lista de Tareas,838,PRJ0031,Colegio Refous,Colegio Refous,Soporte,Schoolpack,support,Capacitación,Actividad,TSK000822,Capacitación Schoolweb,2.0,2026-07-03,2026-07-03,true,Hecho,Medio,Carmen Donoso,N/A,,support:ACT-362,,,,,,,,,,,,,,,,,,,,,,,,,,,,,,,"{""B"": ""Colegio Refous"", ""C"": ""Capacitación Schoolweb"", ""D"": ""2.0"", ""E"": ""46206.0"", ""F"": true, ""G"": ""46206.0"", ""H"": ""Hecho"", ""I"": ""Medio"", ""J"": ""N/A"", ""K"": ""Carmen Donoso""}","{""J"": """"}",support,TASK_BELONGS_TO_PROJECT_TEMPLATE,HISTORICAL_TASK_BOUND_TO_PROJECT_TEMPLATE_NOT_TEMPLATE_ACTIVITY,,
tareas,TSK000823,task,✅Lista de Tareas,839,PRJ0020,Comfaboy,Comfaboy,Soporte,Schoolpack,support,Académico,Actividad,TSK000823,"Capacitación 1 Ingeniero de TI (Esenciales, conf.academica y matriculas)",2.0,2026-07-02,2026-07-02,true,Hecho,Medio,Carmen Donoso,N/A,2 a 4pm,support:ACT-484,,,,,,,,,,,,,,,,,,,,,,,,,,,,,,,"{""B"": ""Comfaboy"", ""C"": ""Capacitación 1 Ingeniero de TI (Esenciales, conf.academica y matriculas)"", ""D"": ""2.0"", ""E"": ""46205.0"", ""F"": true, ""G"": ""46205.0"", ""H"": ""Hecho"", ""I"": ""Medio"", ""J"": ""N/A"", ""K"": ""Carmen Donoso"", ""L"": ""2 a 4pm""}","{""J"": """"}",support,TASK_BELONGS_TO_PROJECT_TEMPLATE,HISTORICAL_TASK_BOUND_TO_PROJECT_TEMPLATE_NOT_TEMPLATE_ACTIVITY,,
tareas,TSK000824,task,✅Lista de Tareas,840,PRJ0020,Comfaboy,Comfaboy,Soporte,Schoolpack,support,Capacitación,Actividad,TSK000824,Capacitación 2 Ingeniero de TI,2.0,2026-07-03,2026-07-03,true,Hecho,Medio,Carmen Donoso,N/A,2 a 4pm,support:ACT-485,,,,,,,,,,,,,,,,,,,,,,,,,,,,,,,"{""B"": ""Comfaboy"", ""C"": ""Capacitación 2 Ingeniero de TI"", ""D"": ""2.0"", ""E"": ""46206.0"", ""F"": true, ""G"": ""46206.0"", ""H"": ""Hecho"", ""I"": ""Medio"", ""J"": ""N/A"", ""K"": ""Carmen Donoso"", ""L"": ""2 a 4pm""}","{""J"": """"}",support,TASK_BELONGS_TO_PROJECT_TEMPLATE,HISTORICAL_TASK_BOUND_TO_PROJECT_TEMPLATE_NOT_TEMPLATE_ACTIVITY,,
tareas,TSK000825,task,✅Lista de Tareas,841,PRJ0025,Universidad de Envigado,Universidad de Envigado,Implementación,Campuspack,implementation_campuspack,Integraciones,Actividad,TSK000825,Interfaz contable con NOVASOFT: Seguimiento a la entrega de la documentación inicial,1.0,2026-07-17,2026-08-27,false,En progreso,Alto,Sebastian Ballesteros,N/A,27AGO entregan malla y dinamica contable,implementation_campuspack:ACT-206,,,,,,,,,,,,,,,,,,,,,,,,,,,,,,,"{""B"": ""Universidad de Envigado"", ""C"": ""Interfaz contable con NOVASOFT: Seguimiento a la entrega de la documentación inicial"", ""D"": ""1.0"", ""E"": ""46220.0"", ""F"": false, ""G"": ""46261.0"", ""H"": ""En progreso"", ""I"": ""Alto"", ""J"": ""N/A"", ""K"": ""Sebastian Ballesteros"", ""L"": ""27AGO entregan malla y dinamica contable""}","{""J"": """"}",implementation_campuspack,TASK_BELONGS_TO_PROJECT_TEMPLATE,HISTORICAL_TASK_BOUND_TO_PROJECT_TEMPLATE_NOT_TEMPLATE_ACTIVITY,,
tareas,TSK000826,task,✅Lista de Tareas,842,PRJ0002,Fundación Incolmotos Yamaha,Fundación Incolmotos Yamaha,Soporte,Campuspack,support,Acompañamiento / Seguimiento,Actividad,TSK000826,Sesión de Soporte ITY,,2026-07-06,2026-07-06,true,Hecho,Medio,Sebastian Ballesteros,N/A,10am,support:ACT-486,,,,,,,,,,,,,,,,,,,,,,,,,,,,,,,"{""B"": ""Fundación Incolmotos Yamaha"", ""C"": ""Sesión de Soporte ITY "", ""E"": ""46209.0"", ""F"": true, ""G"": ""46209.0"", ""H"": ""Hecho"", ""I"": ""Medio"", ""J"": ""N/A"", ""K"": ""Sebastian Ballesteros"", ""L"": ""10am""}","{""J"": """"}",support,TASK_BELONGS_TO_PROJECT_TEMPLATE,HISTORICAL_TASK_BOUND_TO_PROJECT_TEMPLATE_NOT_TEMPLATE_ACTIVITY,,
tareas,TSK000827,task,✅Lista de Tareas,843,PRJ0020,Comfaboy,Comfaboy,Soporte,Schoolpack,support,Financiero,Actividad,TSK000827,Capacitación financiera (PENDIENTE ACTA),2.0,2026-07-06,2026-07-06,true,Hecho,Medio,Sebastian Ballesteros,N/A,2 a 4pm,support:ACT-305,,,,,,,,,,,,,,,,,,,,,,,,,,,,,,,"{""B"": ""Comfaboy"", ""C"": ""Capacitación financiera (PENDIENTE ACTA)"", ""D"": ""2.0"", ""E"": ""46209.0"", ""F"": true, ""G"": ""46209.0"", ""H"": ""Hecho"", ""I"": ""Medio"", ""J"": ""N/A"", ""K"": ""Sebastian Ballesteros"", ""L"": ""2 a 4pm""}","{""J"": """"}",support,TASK_BELONGS_TO_PROJECT_TEMPLATE,HISTORICAL_TASK_BOUND_TO_PROJECT_TEMPLATE_NOT_TEMPLATE_ACTIVITY,,
tareas,TSK000828,task,✅Lista de Tareas,844,PRJ0034,Incolmotos - Escuelas Musicales,Incolmotos - Escuelas Musicales,Implementación,Campuspack,implementation_campuspack,Desarrollos a la medida,Actividad,TSK000828,Auditoria Desarrollo proceso de preincripción Escuelas Musicales,6.0,2026-07-07,2026-07-15,true,Hecho,Medio,Carmen Donoso,N/A,,implementation_campuspack:ACT-207,,,,,,,,,,,,,,,,,,,,,,,,,,,,,,,"{""B"": ""Incolmotos - Escuelas Musicales"", ""C"": ""Auditoria Desarrollo proceso de preincripción Escuelas Musicales"", ""D"": ""6.0"", ""E"": ""46210.0"", ""F"": true, ""G"": ""46218.0"", ""H"": ""Hecho"", ""I"": ""Medio"", ""J"": ""N/A"", ""K"": ""Carmen Donoso""}","{""J"": """"}",implementation_campuspack,TASK_BELONGS_TO_PROJECT_TEMPLATE,HISTORICAL_TASK_BOUND_TO_PROJECT_TEMPLATE_NOT_TEMPLATE_ACTIVITY,,
tareas,TSK000829,task,✅Lista de Tareas,845,PRJ0016,Sigmund Freud,Sigmund Freud,Soporte,Implementado,support,Financiero,Actividad,TSK000829,88354 - Capacitación procesos financieros (PENDIENTE ACTA),2.0,2026-07-27,2026-07-27,true,Hecho,Medio,Sebastian Ballesteros,N/A,"-Información sobre la activación del botón de pagos en la plataforma
-habiliten  la opción para descargar recibos de pago de matricula  
-Capacitación para interfaz directa con Siigo",support:ACT-488,,,,,,,,,,,,,,,,,,,,,,,,,,,,,,,"{""B"": ""Sigmund Freud"", ""C"": ""88354 - Capacitación procesos financieros (PENDIENTE ACTA)"", ""D"": ""2.0"", ""E"": ""46230.0"", ""F"": true, ""G"": ""46230.0"", ""H"": ""Hecho"", ""I"": ""Medio"", ""J"": ""N/A"", ""K"": ""Sebastian Ballesteros"", ""L"": ""-Información sobre la activación del botón de pagos en la plataforma\n-habiliten  la opción para descargar recibos de pago de matricula  \n-Capacitación para interfaz directa con Siigo""}","{""J"": """"}",support,TASK_BELONGS_TO_PROJECT_TEMPLATE,HISTORICAL_TASK_BOUND_TO_PROJECT_TEMPLATE_NOT_TEMPLATE_ACTIVITY,,
tareas,TSK000830,task,✅Lista de Tareas,846,PRJ0034,Incolmotos - Escuelas Musicales,Incolmotos - Escuelas Musicales,Implementación,Campuspack,implementation_campuspack,Desarrollos a la medida,Actividad,TSK000830,Auditoria Desarrollo proceso de preincripción Escuelas Musicales,6.0,2026-07-07,2026-07-16,true,Hecho,Medio,Sebastian Ballesteros,N/A,,implementation_campuspack:ACT-207,,,,,,,,,,,,,,,,,,,,,,,,,,,,,,,"{""B"": ""Incolmotos - Escuelas Musicales"", ""C"": ""Auditoria Desarrollo proceso de preincripción Escuelas Musicales"", ""D"": ""6.0"", ""E"": ""46210.0"", ""F"": true, ""G"": ""46219.0"", ""H"": ""Hecho"", ""I"": ""Medio"", ""J"": ""N/A"", ""K"": ""Sebastian Ballesteros""}","{""J"": """"}",implementation_campuspack,TASK_BELONGS_TO_PROJECT_TEMPLATE,HISTORICAL_TASK_BOUND_TO_PROJECT_TEMPLATE_NOT_TEMPLATE_ACTIVITY,,
tareas,TSK000831,task,✅Lista de Tareas,847,PRJ0034,Incolmotos - Escuelas Musicales,Incolmotos - Escuelas Musicales,Implementación,Campuspack,implementation_campuspack,Admisiones,Actividad,TSK000831,Entrega del desarrollo de Preinscripción - Escuelas Musicales,2.0,2026-07-17,2026-07-17,true,Hecho,Medio,Carmen Donoso,N/A,,implementation_campuspack:ACT-208,,,,,,,,,,,,,,,,,,,,,,,,,,,,,,,"{""B"": ""Incolmotos - Escuelas Musicales"", ""C"": ""Entrega del desarrollo de Preinscripción - Escuelas Musicales"", ""D"": ""2.0"", ""E"": ""46220.0"", ""F"": true, ""G"": ""46220.0"", ""H"": ""Hecho"", ""I"": ""Medio"", ""J"": ""N/A"", ""K"": ""Carmen Donoso""}","{""J"": """"}",implementation_campuspack,TASK_BELONGS_TO_PROJECT_TEMPLATE,HISTORICAL_TASK_BOUND_TO_PROJECT_TEMPLATE_NOT_TEMPLATE_ACTIVITY,,
tareas,TSK000832,task,✅Lista de Tareas,848,PRJ0034,Incolmotos - Escuelas Musicales,Incolmotos - Escuelas Musicales,Implementación,Campuspack,implementation_campuspack,Admisiones,Actividad,TSK000832,Entrega del desarrollo de Preinscripción - Escuelas Musicales (PENDIENTE ACTA DE ENTREGA),2.0,2026-07-17,2026-07-17,true,Hecho,Medio,Sebastian Ballesteros,N/A,11:30am,implementation_campuspack:ACT-209,,,,,,,,,,,,,,,,,,,,,,,,,,,,,,,"{""B"": ""Incolmotos - Escuelas Musicales"", ""C"": ""Entrega del desarrollo de Preinscripción - Escuelas Musicales (PENDIENTE ACTA DE ENTREGA)"", ""D"": ""2.0"", ""E"": ""46220.0"", ""F"": true, ""G"": ""46220.0"", ""H"": ""Hecho"", ""I"": ""Medio"", ""J"": ""N/A"", ""K"": ""Sebastian Ballesteros"", ""L"": ""11:30am""}","{""J"": """"}",implementation_campuspack,TASK_BELONGS_TO_PROJECT_TEMPLATE,HISTORICAL_TASK_BOUND_TO_PROJECT_TEMPLATE_NOT_TEMPLATE_ACTIVITY,,
tareas,TSK000833,task,✅Lista de Tareas,849,PRJ0022,INPEC,INPEC,Implementación,Campuspack,implementation_campuspack,Reuniones y coordinación,Actividad,TSK000833,Informe de requerimientos de Adriana Vs Pliego de requerimientos para reunión del miercoles presencial,1.0,2026-07-23,2026-08-03,true,Hecho,Alto,Carmen Donoso,N/A,,implementation_campuspack:ACT-210,,,,,,,,,,,,,,,,,,,,,,,,,,,,,,,"{""B"": ""INPEC"", ""C"": ""Informe de requerimientos de Adriana Vs Pliego de requerimientos para reunión del miercoles presencial"", ""D"": ""1.0"", ""E"": ""46226.0"", ""F"": true, ""G"": ""46237.0"", ""H"": ""Hecho"", ""I"": ""Alto"", ""J"": ""N/A"", ""K"": ""Carmen Donoso""}","{""J"": """"}",implementation_campuspack,TASK_BELONGS_TO_PROJECT_TEMPLATE,HISTORICAL_TASK_BOUND_TO_PROJECT_TEMPLATE_NOT_TEMPLATE_ACTIVITY,,
tareas,TSK000834,task,✅Lista de Tareas,850,PRJ0046,Kinderlandia,Kinderlandia,Soporte,Schoolpack,support,Acompañamiento / Seguimiento,Actividad,TSK000834,82267 - Evaluación Institucional (Pendiente aprobación de la OSE) Comite de gastos en Septiembre,2.0,2026-09-01,2026-09-01,false,En espera,Medio,Carmen Donoso,N/A,,support:ACT-489,,,,,,,,,,,,,,,,,,,,,,,,,,,,,,,"{""B"": ""Kinderlandia"", ""C"": ""82267 - Evaluación Institucional (Pendiente aprobación de la OSE) Comite de gastos en Septiembre"", ""D"": ""2.0"", ""E"": ""46266.0"", ""F"": false, ""G"": ""46266.0"", ""H"": ""En espera"", ""I"": ""Medio"", ""J"": ""N/A"", ""K"": ""Carmen Donoso""}","{""J"": """"}",support,TASK_BELONGS_TO_PROJECT_TEMPLATE,HISTORICAL_TASK_BOUND_TO_PROJECT_TEMPLATE_NOT_TEMPLATE_ACTIVITY,,
tareas,TSK000835,task,✅Lista de Tareas,851,PRJ0008,Corazonistas,Corazonistas,Soporte,Implementado,support,Otros,Actividad,TSK000835,Informe estandarización reportes Corazonistas,2.0,2026-06-25,2026-07-15,true,Hecho,Medio,Carmen Donoso,N/A,,support:ACT-490,,,,,,,,,,,,,,,,,,,,,,,,,,,,,,,"{""B"": ""Corazonistas"", ""C"": ""Informe estandarización reportes Corazonistas"", ""D"": ""2.0"", ""E"": ""46198.0"", ""F"": true, ""G"": ""46218.0"", ""H"": ""Hecho"", ""I"": ""Medio"", ""J"": ""N/A"", ""K"": ""Carmen Donoso""}","{""J"": """"}",support,TASK_BELONGS_TO_PROJECT_TEMPLATE,HISTORICAL_TASK_BOUND_TO_PROJECT_TEMPLATE_NOT_TEMPLATE_ACTIVITY,,
tareas,TSK000836,task,✅Lista de Tareas,852,PRJ0046,Kinderlandia,Kinderlandia,Soporte,Schoolpack,support,Capacitación,Actividad,TSK000836,Capacitación Personas,2.0,2026-06-30,2026-06-30,true,Hecho,Medio,Carmen Donoso,N/A,,support:ACT-491,,,,,,,,,,,,,,,,,,,,,,,,,,,,,,,"{""B"": ""Kinderlandia"", ""C"": ""Capacitación Personas"", ""D"": ""2.0"", ""E"": ""46203.0"", ""F"": true, ""G"": ""46203.0"", ""H"": ""Hecho"", ""I"": ""Medio"", ""J"": ""N/A"", ""K"": ""Carmen Donoso""}","{""J"": """"}",support,TASK_BELONGS_TO_PROJECT_TEMPLATE,HISTORICAL_TASK_BOUND_TO_PROJECT_TEMPLATE_NOT_TEMPLATE_ACTIVITY,,
tareas,TSK000837,task,✅Lista de Tareas,853,PRJ0035,Franciscanos,Franciscanos,Soporte,Schoolpack,support,Otros,Actividad,TSK000837,Cierre de año COL.FRANCISC.PIO XII,2.0,2026-07-01,2026-07-01,true,Hecho,Medio,Sebastian Ballesteros,N/A,,support:ACT-492,,,,,,,,,,,,,,,,,,,,,,,,,,,,,,,"{""B"": ""Franciscanos"", ""C"": ""Cierre de año COL.FRANCISC.PIO XII"", ""D"": ""2.0"", ""E"": ""46204.0"", ""F"": true, ""G"": ""46204.0"", ""H"": ""Hecho"", ""I"": ""Medio"", ""J"": ""N/A"", ""K"": ""Sebastian Ballesteros""}","{""J"": """"}",support,TASK_BELONGS_TO_PROJECT_TEMPLATE,HISTORICAL_TASK_BOUND_TO_PROJECT_TEMPLATE_NOT_TEMPLATE_ACTIVITY,,
tareas,TSK000838,task,✅Lista de Tareas,854,PRJ0024,Nuevo Gimnasio School,Nuevo Gimnasio School,Soporte,Schoolpack,support,Matrículas,Actividad,TSK000838,Desarrollo: Cambio del proceso de matriculas Sesión de requerimientos,1.0,2026-07-14,2026-07-14,true,Hecho,Medio,Carmen Donoso,N/A,,support:ACT-493,,,,,,,,,,,,,,,,,,,,,,,,,,,,,,,"{""B"": ""Nuevo Gimnasio School"", ""C"": ""Desarrollo: Cambio del proceso de matriculas Sesión de requerimientos"", ""D"": ""1.0"", ""E"": ""46217.0"", ""F"": true, ""G"": ""46217.0"", ""H"": ""Hecho"", ""I"": ""Medio"", ""J"": ""N/A"", ""K"": ""Carmen Donoso""}","{""J"": """"}",support,TASK_BELONGS_TO_PROJECT_TEMPLATE,HISTORICAL_TASK_BOUND_TO_PROJECT_TEMPLATE_NOT_TEMPLATE_ACTIVITY,,
tareas,TSK000839,task,✅Lista de Tareas,855,PRJ0024,Nuevo Gimnasio School,Nuevo Gimnasio School,Soporte,Schoolpack,support,Matrículas,Actividad,TSK000839,Desarrollo: Cambio del proceso de matriculas ENVIAR CORREO CON LA DOCUMENTACIÓN,1.0,2026-07-14,2026-08-26,true,Hecho,Medio,Carmen Donoso,N/A,,support:ACT-494,,,,,,,,,,,,,,,,,,,,,,,,,,,,,,,"{""B"": ""Nuevo Gimnasio School"", ""C"": ""Desarrollo: Cambio del proceso de matriculas ENVIAR CORREO CON LA DOCUMENTACIÓN"", ""D"": ""1.0"", ""E"": ""46217.0"", ""F"": true, ""G"": ""46260.0"", ""H"": ""Hecho"", ""I"": ""Medio"", ""J"": ""N/A"", ""K"": ""Carmen Donoso""}","{""J"": """"}",support,TASK_BELONGS_TO_PROJECT_TEMPLATE,HISTORICAL_TASK_BOUND_TO_PROJECT_TEMPLATE_NOT_TEMPLATE_ACTIVITY,,
tareas,TSK000840,task,✅Lista de Tareas,856,PRJ0017,Nuevo colegio del Prado,Nuevo colegio del Prado,Soporte,Schoolpack,support,Desarrollos a la medida,Actividad,TSK000840,Desarrollo: Perfiles de coordinadores: Sesión de requerimientos,1.0,2026-07-14,2026-07-14,true,Hecho,Medio,Carmen Donoso,N/A,,support:ACT-495,,,,,,,,,,,,,,,,,,,,,,,,,,,,,,,"{""B"": ""Nuevo colegio del Prado"", ""C"": ""Desarrollo: Perfiles de coordinadores: Sesión de requerimientos"", ""D"": ""1.0"", ""E"": ""46217.0"", ""F"": true, ""G"": ""46217.0"", ""H"": ""Hecho"", ""I"": ""Medio"", ""J"": ""N/A"", ""K"": ""Carmen Donoso""}","{""J"": """"}",support,TASK_BELONGS_TO_PROJECT_TEMPLATE,HISTORICAL_TASK_BOUND_TO_PROJECT_TEMPLATE_NOT_TEMPLATE_ACTIVITY,,
tareas,TSK000841,task,✅Lista de Tareas,857,PRJ0017,Nuevo colegio del Prado,Nuevo colegio del Prado,Soporte,Schoolpack,support,Desarrollos a la medida,Actividad,TSK000841,88176 - Desarrollo: Perfiles de coordinadores: DOCUMENTACIÓN Sesión 19Ago POSPUESTA PARA EL PROXIMO AÑO,1.0,2026-07-14,2026-08-21,true,Hecho,Medio,Carmen Donoso,N/A,,support:ACT-496,,,,,,,,,,,,,,,,,,,,,,,,,,,,,,,"{""B"": ""Nuevo colegio del Prado"", ""C"": ""88176 - Desarrollo: Perfiles de coordinadores: DOCUMENTACIÓN Sesión 19Ago POSPUESTA PARA EL PROXIMO AÑO "", ""D"": ""1.0"", ""E"": ""46217.0"", ""F"": true, ""G"": ""46255.0"", ""H"": ""Hecho"", ""I"": ""Medio"", ""J"": ""N/A"", ""K"": ""Carmen Donoso""}","{""J"": """"}",support,TASK_BELONGS_TO_PROJECT_TEMPLATE,HISTORICAL_TASK_BOUND_TO_PROJECT_TEMPLATE_NOT_TEMPLATE_ACTIVITY,,
tareas,TSK000842,task,✅Lista de Tareas,858,PRJ0027,Casa sobre la Roca - Nuevo Gimnasio Cristiano,Casa sobre la Roca - Nuevo Gimnasio Cristiano,Soporte,Schoolpack,support,Otros,Actividad,TSK000842,Cierre Casa sobre la roca,1.0,2026-07-15,2026-07-15,true,Hecho,Medio,Carmen Donoso,N/A,,support:ACT-497,,,,,,,,,,,,,,,,,,,,,,,,,,,,,,,"{""B"": ""Casa sobre la Roca - Nuevo Gimnasio Cristiano"", ""C"": ""Cierre Casa sobre la roca"", ""D"": ""1.0"", ""E"": ""46218.0"", ""F"": true, ""G"": ""46218.0"", ""H"": ""Hecho"", ""I"": ""Medio"", ""J"": ""N/A"", ""K"": ""Carmen Donoso""}","{""J"": """"}",support,TASK_BELONGS_TO_PROJECT_TEMPLATE,HISTORICAL_TASK_BOUND_TO_PROJECT_TEMPLATE_NOT_TEMPLATE_ACTIVITY,,
tareas,TSK000843,task,✅Lista de Tareas,859,PRJ0016,Sigmund Freud,Sigmund Freud,Soporte,Implementado,support,Académico,Actividad,TSK000843,Sesión Reportes academicos y firmantes,2.0,2026-07-24,2026-07-24,true,Hecho,Medio,Carmen Donoso,N/A,,support:ACT-498,,,,,,,,,,,,,,,,,,,,,,,,,,,,,,,"{""B"": ""Sigmund Freud"", ""C"": ""Sesión Reportes academicos y firmantes"", ""D"": ""2.0"", ""E"": ""46227.0"", ""F"": true, ""G"": ""46227.0"", ""H"": ""Hecho"", ""I"": ""Medio"", ""J"": ""N/A"", ""K"": ""Carmen Donoso""}","{""J"": """"}",support,TASK_BELONGS_TO_PROJECT_TEMPLATE,HISTORICAL_TASK_BOUND_TO_PROJECT_TEMPLATE_NOT_TEMPLATE_ACTIVITY,,
tareas,TSK000844,task,✅Lista de Tareas,860,PRJ0037,Colegio Integral Funza,Colegio Integral Funza,Soporte,Schoolpack,support,Capacitación,Actividad,TSK000844,Capacitación de inventarios (Pendiente acta),2.0,2026-07-09,2026-07-09,true,Hecho,Medio,Carmen Donoso,N/A,,support:ACT-499,,,,,,,,,,,,,,,,,,,,,,,,,,,,,,,"{""B"": ""Colegio Integral Funza"", ""C"": ""Capacitación de inventarios (Pendiente acta)"", ""D"": ""2.0"", ""E"": ""46212.0"", ""F"": true, ""G"": ""46212.0"", ""H"": ""Hecho"", ""I"": ""Medio"", ""J"": ""N/A"", ""K"": ""Carmen Donoso""}","{""J"": """"}",support,TASK_BELONGS_TO_PROJECT_TEMPLATE,HISTORICAL_TASK_BOUND_TO_PROJECT_TEMPLATE_NOT_TEMPLATE_ACTIVITY,,
tareas,TSK000845,task,✅Lista de Tareas,861,PRJ0018,Colegio Gimnasio del Saber,Colegio Gimnasio del Saber,Soporte,Schoolpack,support,Documentación / Actas / Entrega,Actividad,TSK000845,Documentación 2: Tableros de control,2.0,2026-07-21,2026-07-22,true,Hecho,Medio,Carmen Donoso,N/A,,support:ACT-500,,,,,,,,,,,,,,,,,,,,,,,,,,,,,,,"{""B"": ""Colegio Gimnasio del Saber"", ""C"": ""Documentación 2: Tableros de control"", ""D"": ""2.0"", ""E"": ""46224.0"", ""F"": true, ""G"": ""46225.0"", ""H"": ""Hecho"", ""I"": ""Medio"", ""J"": ""N/A"", ""K"": ""Carmen Donoso""}","{""J"": """"}",support,TASK_BELONGS_TO_PROJECT_TEMPLATE,HISTORICAL_TASK_BOUND_TO_PROJECT_TEMPLATE_NOT_TEMPLATE_ACTIVITY,,
tareas,TSK000846,task,✅Lista de Tareas,862,PRJ0018,Colegio Gimnasio del Saber,Colegio Gimnasio del Saber,Soporte,Schoolpack,support,Reuniones y coordinación,Actividad,TSK000846,Reunión mostrar documentación Tableros de control con el cliente,1.0,2026-07-30,2026-07-30,true,Hecho,Medio,Carmen Donoso,N/A,12pm,support:ACT-501,,,,,,,,,,,,,,,,,,,,,,,,,,,,,,,"{""B"": ""Colegio Gimnasio del Saber"", ""C"": ""Reunión mostrar documentación Tableros de control con el cliente "", ""D"": ""1.0"", ""E"": ""46233.0"", ""F"": true, ""G"": ""46233.0"", ""H"": ""Hecho"", ""I"": ""Medio"", ""J"": ""N/A"", ""K"": ""Carmen Donoso"", ""L"": ""12pm""}","{""J"": """"}",support,TASK_BELONGS_TO_PROJECT_TEMPLATE,HISTORICAL_TASK_BOUND_TO_PROJECT_TEMPLATE_NOT_TEMPLATE_ACTIVITY,,
tareas,TSK000847,task,✅Lista de Tareas,863,PRJ0008,Corazonistas,Corazonistas,Soporte,Implementado,support,Otros,Actividad,TSK000847,Informe reportes Corazonistas con tablas,3.0,2026-07-17,2026-07-22,true,Hecho,Medio,Carmen Donoso,N/A,,support:ACT-502,,,,,,,,,,,,,,,,,,,,,,,,,,,,,,,"{""B"": ""Corazonistas"", ""C"": ""Informe reportes Corazonistas con tablas"", ""D"": ""3.0"", ""E"": ""46220.0"", ""F"": true, ""G"": ""46225.0"", ""H"": ""Hecho"", ""I"": ""Medio"", ""J"": ""N/A"", ""K"": ""Carmen Donoso""}","{""J"": """"}",support,TASK_BELONGS_TO_PROJECT_TEMPLATE,HISTORICAL_TASK_BOUND_TO_PROJECT_TEMPLATE_NOT_TEMPLATE_ACTIVITY,,
tareas,TSK000848,task,✅Lista de Tareas,864,PRJ0018,Colegio Gimnasio del Saber,Colegio Gimnasio del Saber,Soporte,Schoolpack,support,Académico,Actividad,TSK000848,Sesión de presentación Tableros academicos de control,1.0,2026-08-03,2026-08-03,true,Hecho,Medio,Carmen Donoso,N/A,12pm,support:ACT-503,,,,,,,,,,,,,,,,,,,,,,,,,,,,,,,"{""B"": ""Colegio Gimnasio del Saber"", ""C"": ""Sesión de presentación Tableros academicos de control "", ""D"": ""1.0"", ""E"": ""46237.0"", ""F"": true, ""G"": ""46237.0"", ""H"": ""Hecho"", ""I"": ""Medio"", ""J"": ""N/A"", ""K"": ""Carmen Donoso"", ""L"": ""12pm""}","{""J"": """"}",support,TASK_BELONGS_TO_PROJECT_TEMPLATE,HISTORICAL_TASK_BOUND_TO_PROJECT_TEMPLATE_NOT_TEMPLATE_ACTIVITY,,
tareas,TSK000849,task,✅Lista de Tareas,865,PRJ0018,Colegio Gimnasio del Saber,Colegio Gimnasio del Saber,Soporte,Schoolpack,support,Documentación / Actas / Entrega,Actividad,TSK000849,Documentación Versión 3 y presentación al colegio,2.0,2026-08-03,2026-08-05,true,Hecho,Medio,Carmen Donoso,N/A,12pm,support:ACT-504,,,,,,,,,,,,,,,,,,,,,,,,,,,,,,,"{""B"": ""Colegio Gimnasio del Saber"", ""C"": ""Documentación Versión 3 y presentación al colegio"", ""D"": ""2.0"", ""E"": ""46237.0"", ""F"": true, ""G"": ""46239.0"", ""H"": ""Hecho"", ""I"": ""Medio"", ""J"": ""N/A"", ""K"": ""Carmen Donoso"", ""L"": ""12pm""}","{""J"": """"}",support,TASK_BELONGS_TO_PROJECT_TEMPLATE,HISTORICAL_TASK_BOUND_TO_PROJECT_TEMPLATE_NOT_TEMPLATE_ACTIVITY,,
tareas,TSK000850,task,✅Lista de Tareas,866,PRJ0031,Colegio Refous,Colegio Refous,Soporte,Schoolpack,support,Admisiones,Actividad,TSK000850,Sesión de inquietudes admisiones,2.0,2026-07-23,2026-07-23,true,Hecho,Medio,Carmen Donoso,N/A,9am,support:ACT-505,,,,,,,,,,,,,,,,,,,,,,,,,,,,,,,"{""B"": ""Colegio Refous"", ""C"": ""Sesión de inquietudes admisiones"", ""D"": ""2.0"", ""E"": ""46226.0"", ""F"": true, ""G"": ""46226.0"", ""H"": ""Hecho"", ""I"": ""Medio"", ""J"": ""N/A"", ""K"": ""Carmen Donoso"", ""L"": ""9am""}","{""J"": """"}",support,TASK_BELONGS_TO_PROJECT_TEMPLATE,HISTORICAL_TASK_BOUND_TO_PROJECT_TEMPLATE_NOT_TEMPLATE_ACTIVITY,,
tareas,TSK000851,task,✅Lista de Tareas,867,PRJ0034,Incolmotos - Escuelas Musicales,Incolmotos - Escuelas Musicales,Implementación,Campuspack,implementation_campuspack,Admisiones,Actividad,TSK000851,87732 - Paso a producción del desarrollo de Preinscripción - Escuelas Musicales (SEGUIMIENTO),2.0,2026-07-29,2026-08-14,true,Hecho,Medio,Sebastian Ballesteros,N/A,De 3pm a 4,implementation_campuspack:ACT-211,,,,,,,,,,,,,,,,,,,,,,,,,,,,,,,"{""B"": ""Incolmotos - Escuelas Musicales"", ""C"": ""87732 - Paso a producción del desarrollo de Preinscripción - Escuelas Musicales (SEGUIMIENTO)"", ""D"": ""2.0"", ""E"": ""46232.0"", ""F"": true, ""G"": ""46248.0"", ""H"": ""Hecho"", ""I"": ""Medio"", ""J"": ""N/A"", ""K"": ""Sebastian Ballesteros"", ""L"": ""De 3pm a 4""}","{""J"": """"}",implementation_campuspack,TASK_BELONGS_TO_PROJECT_TEMPLATE,HISTORICAL_TASK_BOUND_TO_PROJECT_TEMPLATE_NOT_TEMPLATE_ACTIVITY,,
tareas,TSK000852,task,✅Lista de Tareas,868,PRJ0025,Universidad de Envigado,Universidad de Envigado,Implementación,Campuspack,implementation_campuspack,Integraciones,Actividad,TSK000852,Interfaz contable con NOVASOFT: Sesión de inquietudes,2.0,2026-08-19,2026-08-19,true,Hecho,Alto,Sebastian Ballesteros,N/A,9AM,implementation_campuspack:ACT-212,,,,,,,,,,,,,,,,,,,,,,,,,,,,,,,"{""B"": ""Universidad de Envigado"", ""C"": ""Interfaz contable con NOVASOFT: Sesión de inquietudes"", ""D"": ""2.0"", ""E"": ""46253.0"", ""F"": true, ""G"": ""46253.0"", ""H"": ""Hecho"", ""I"": ""Alto"", ""J"": ""N/A"", ""K"": ""Sebastian Ballesteros"", ""L"": ""9AM""}","{""J"": """"}",implementation_campuspack,TASK_BELONGS_TO_PROJECT_TEMPLATE,HISTORICAL_TASK_BOUND_TO_PROJECT_TEMPLATE_NOT_TEMPLATE_ACTIVITY,,
tareas,TSK000853,task,✅Lista de Tareas,869,PRJ0002,Fundación Incolmotos Yamaha,Fundación Incolmotos Yamaha,Soporte,Campuspack,support,Desarrollos a la medida,Actividad,TSK000853,88488 - Desarrollo Botón de tratamiento de datos y de imagen: DOCUMENTACIÓN SEGUIMIENTO,1.0,2026-08-14,2026-08-31,true,Hecho,Medio,Sebastian Ballesteros,N/A,,support:ACT-506,,,,,,,,,,,,,,,,,,,,,,,,,,,,,,,"{""B"": ""Fundación Incolmotos Yamaha"", ""C"": ""88488 - Desarrollo Botón de tratamiento de datos y de imagen: DOCUMENTACIÓN SEGUIMIENTO"", ""D"": ""1.0"", ""E"": ""46248.0"", ""F"": true, ""G"": ""46265.0"", ""H"": ""Hecho"", ""I"": ""Medio"", ""J"": ""N/A"", ""K"": ""Sebastian Ballesteros""}","{""J"": """"}",support,TASK_BELONGS_TO_PROJECT_TEMPLATE,HISTORICAL_TASK_BOUND_TO_PROJECT_TEMPLATE_NOT_TEMPLATE_ACTIVITY,,
tareas,TSK000854,task,✅Lista de Tareas,870,PRJ0002,Fundación Incolmotos Yamaha,Fundación Incolmotos Yamaha,Soporte,Campuspack,support,Facturación electrónica,Actividad,TSK000854,88546 - FACTURACIÓN ELECTRONICA: Sesión de explicación,1.0,2026-08-05,2026-08-14,true,Hecho,Medio,Sebastian Ballesteros,N/A,,support:ACT-507,,,,,,,,,,,,,,,,,,,,,,,,,,,,,,,"{""B"": ""Fundación Incolmotos Yamaha"", ""C"": ""88546 - FACTURACIÓN ELECTRONICA: Sesión de explicación"", ""D"": ""1.0"", ""E"": ""46239.0"", ""F"": true, ""G"": ""46248.0"", ""H"": ""Hecho"", ""I"": ""Medio"", ""J"": ""N/A"", ""K"": ""Sebastian Ballesteros""}","{""J"": """"}",support,TASK_BELONGS_TO_PROJECT_TEMPLATE,HISTORICAL_TASK_BOUND_TO_PROJECT_TEMPLATE_NOT_TEMPLATE_ACTIVITY,,
tareas,TSK000855,task,✅Lista de Tareas,871,PRJ0002,Fundación Incolmotos Yamaha,Fundación Incolmotos Yamaha,Soporte,Campuspack,support,Desarrollos a la medida,Actividad,TSK000855,88488 - Desarrollo Botón de tratamiento de datos y de imagen: PASAR DOCUMENTACIÓN A COTIZACIÓN,2.0,2026-09-02,2026-09-04,true,Hecho,Medio,Sebastian Ballesteros,N/A,,support:ACT-508,,,,,,,,,,,,,,,,,,,,,,,,,,,,,,,"{""B"": ""Fundación Incolmotos Yamaha"", ""C"": ""88488 - Desarrollo Botón de tratamiento de datos y de imagen: PASAR DOCUMENTACIÓN A COTIZACIÓN"", ""D"": ""2.0"", ""E"": ""46267.0"", ""F"": true, ""G"": ""46269.0"", ""H"": ""Hecho"", ""I"": ""Medio"", ""J"": ""N/A"", ""K"": ""Sebastian Ballesteros""}","{""J"": """"}",support,TASK_BELONGS_TO_PROJECT_TEMPLATE,HISTORICAL_TASK_BOUND_TO_PROJECT_TEMPLATE_NOT_TEMPLATE_ACTIVITY,,
tareas,TSK000856,task,✅Lista de Tareas,872,PRJ0002,Fundación Incolmotos Yamaha,Fundación Incolmotos Yamaha,Soporte,Campuspack,support,Facturación electrónica,Actividad,TSK000856,88546 - FACTURACIÓN ELECTRONICA: Seguimiento a la entrega de la documentación inicial,1.0,2026-08-05,2026-08-14,false,En progreso,Medio,Sebastian Ballesteros,N/A,,support:ACT-509,,,,,,,,,,,,,,,,,,,,,,,,,,,,,,,"{""B"": ""Fundación Incolmotos Yamaha"", ""C"": ""88546 - FACTURACIÓN ELECTRONICA: Seguimiento a la entrega de la documentación inicial"", ""D"": ""1.0"", ""E"": ""46239.0"", ""F"": false, ""G"": ""46248.0"", ""H"": ""En progreso"", ""I"": ""Medio"", ""J"": ""N/A"", ""K"": ""Sebastian Ballesteros""}","{""J"": """"}",support,TASK_BELONGS_TO_PROJECT_TEMPLATE,HISTORICAL_TASK_BOUND_TO_PROJECT_TEMPLATE_NOT_TEMPLATE_ACTIVITY,,
tareas,TSK000857,task,✅Lista de Tareas,873,PRJ0031,Colegio Refous,Colegio Refous,Soporte,Schoolpack,support,Admisiones,Actividad,TSK000857,Sesión de inquietudes admisiones (PENDIENTE ACTA),2.0,2026-07-29,2026-07-29,true,Hecho,Medio,Sebastian Ballesteros,N/A,9am,support:ACT-510,,,,,,,,,,,,,,,,,,,,,,,,,,,,,,,"{""B"": ""Colegio Refous"", ""C"": ""Sesión de inquietudes admisiones (PENDIENTE ACTA)"", ""D"": ""2.0"", ""E"": ""46232.0"", ""F"": true, ""G"": ""46232.0"", ""H"": ""Hecho"", ""I"": ""Medio"", ""J"": ""N/A"", ""K"": ""Sebastian Ballesteros"", ""L"": ""9am""}","{""J"": """"}",support,TASK_BELONGS_TO_PROJECT_TEMPLATE,HISTORICAL_TASK_BOUND_TO_PROJECT_TEMPLATE_NOT_TEMPLATE_ACTIVITY,,
tareas,TSK000858,task,✅Lista de Tareas,874,PRJ0017,Nuevo colegio del Prado,Nuevo colegio del Prado,Soporte,Schoolpack,support,Admisiones,Actividad,TSK000858,Sesión de Admisiones,2.0,2026-08-19,2026-08-19,true,Hecho,Medio,Carmen Donoso,N/A,,support:ACT-511,,,,,,,,,,,,,,,,,,,,,,,,,,,,,,,"{""B"": ""Nuevo colegio del Prado"", ""C"": ""Sesión de Admisiones "", ""D"": ""2.0"", ""E"": ""46253.0"", ""F"": true, ""G"": ""46253.0"", ""H"": ""Hecho"", ""I"": ""Medio"", ""J"": ""N/A"", ""K"": ""Carmen Donoso""}","{""J"": """"}",support,TASK_BELONGS_TO_PROJECT_TEMPLATE,HISTORICAL_TASK_BOUND_TO_PROJECT_TEMPLATE_NOT_TEMPLATE_ACTIVITY,,
tareas,TSK000859,task,✅Lista de Tareas,875,PRJ0024,Nuevo Gimnasio School,Nuevo Gimnasio School,Soporte,Schoolpack,support,Matrículas,Actividad,TSK000859,Desarrollo: Cambio del proceso de matriculas AJUSTAR LA DOCUMENTACIÓN CON LAS SOLICITUDES DE DESARROLLO,1.0,2026-09-03,2026-09-04,false,En progreso,Medio,Carmen Donoso,N/A,,support:ACT-512,,,,,,,,,,,,,,,,,,,,,,,,,,,,,,,"{""B"": ""Nuevo Gimnasio School"", ""C"": ""Desarrollo: Cambio del proceso de matriculas AJUSTAR LA DOCUMENTACIÓN CON LAS SOLICITUDES DE DESARROLLO"", ""D"": ""1.0"", ""E"": ""46268.0"", ""F"": false, ""G"": ""46269.0"", ""H"": ""En progreso"", ""I"": ""Medio"", ""J"": ""N/A"", ""K"": ""Carmen Donoso""}","{""J"": """"}",support,TASK_BELONGS_TO_PROJECT_TEMPLATE,HISTORICAL_TASK_BOUND_TO_PROJECT_TEMPLATE_NOT_TEMPLATE_ACTIVITY,,
tareas,TSK000860,task,✅Lista de Tareas,876,PRJ0017,Nuevo colegio del Prado,Nuevo colegio del Prado,Soporte,Schoolpack,support,Admisiones,Actividad,TSK000860,Actualización admisiones,2.0,2026-08-24,2026-08-26,false,En progreso,Medio,Carmen Donoso,N/A,,support:ACT-513,,,,,,,,,,,,,,,,,,,,,,,,,,,,,,,"{""B"": ""Nuevo colegio del Prado"", ""C"": ""Actualización admisiones"", ""D"": ""2.0"", ""E"": ""46258.0"", ""F"": false, ""G"": ""46260.0"", ""H"": ""En progreso"", ""I"": ""Medio"", ""J"": ""N/A"", ""K"": ""Carmen Donoso""}","{""J"": """"}",support,TASK_BELONGS_TO_PROJECT_TEMPLATE,HISTORICAL_TASK_BOUND_TO_PROJECT_TEMPLATE_NOT_TEMPLATE_ACTIVITY,,
tareas,TSK000861,task,✅Lista de Tareas,877,PRJ0018,Colegio Gimnasio del Saber,Colegio Gimnasio del Saber,Soporte,Schoolpack,support,Otros,Actividad,TSK000861,Migración de data años anteriores (Sesión con victor para mirar los reportes): Definición de reportes años anteriores,2.0,2026-08-11,2026-08-17,false,Hecho,Medio,Carmen Donoso,N/A,10am,support:ACT-514,,,,,,,,,,,,,,,,,,,,,,,,,,,,,,,"{""B"": ""Colegio Gimnasio del Saber"", ""C"": ""Migración de data años anteriores (Sesión con victor para mirar los reportes): Definición de reportes años anteriores "", ""D"": ""2.0"", ""E"": ""46245.0"", ""F"": false, ""G"": ""46251.0"", ""H"": ""Hecho"", ""I"": ""Medio"", ""J"": ""N/A"", ""K"": ""Carmen Donoso"", ""L"": ""10am""}","{""J"": """"}",support,TASK_BELONGS_TO_PROJECT_TEMPLATE,HISTORICAL_TASK_BOUND_TO_PROJECT_TEMPLATE_NOT_TEMPLATE_ACTIVITY,,
tareas,TSK000862,task,✅Lista de Tareas,878,PRJ0045,Colegio Restrepo Molina,Colegio Restrepo Molina,Soporte,Schoolpack,support,Acompañamiento / Seguimiento,Actividad,TSK000862,Acompañamiento certificados años anteriores,2.0,2026-08-05,2026-08-05,true,Hecho,Medio,Carmen Donoso,N/A,,support:ACT-515,,,,,,,,,,,,,,,,,,,,,,,,,,,,,,,"{""B"": ""Colegio Restrepo Molina"", ""C"": ""Acompañamiento certificados años anteriores "", ""D"": ""2.0"", ""E"": ""46239.0"", ""F"": true, ""G"": ""46239.0"", ""H"": ""Hecho"", ""I"": ""Medio"", ""J"": ""N/A"", ""K"": ""Carmen Donoso""}","{""J"": """"}",support,TASK_BELONGS_TO_PROJECT_TEMPLATE,HISTORICAL_TASK_BOUND_TO_PROJECT_TEMPLATE_NOT_TEMPLATE_ACTIVITY,,
tareas,TSK000863,task,✅Lista de Tareas,879,PRJ0027,Casa sobre la Roca - Nuevo Gimnasio Cristiano,Casa sobre la Roca - Nuevo Gimnasio Cristiano,Soporte,Schoolpack,support,Reuniones y coordinación,Actividad,TSK000863,Reunión presencial academica y administrativa,3.0,2026-08-06,2026-08-06,true,Hecho,Medio,Carmen Donoso,N/A,,support:ACT-516,,,,,,,,,,,,,,,,,,,,,,,,,,,,,,,"{""B"": ""Casa sobre la Roca - Nuevo Gimnasio Cristiano"", ""C"": ""Reunión presencial academica y administrativa"", ""D"": ""3.0"", ""E"": ""46240.0"", ""F"": true, ""G"": ""46240.0"", ""H"": ""Hecho"", ""I"": ""Medio"", ""J"": ""N/A"", ""K"": ""Carmen Donoso""}","{""J"": """"}",support,TASK_BELONGS_TO_PROJECT_TEMPLATE,HISTORICAL_TASK_BOUND_TO_PROJECT_TEMPLATE_NOT_TEMPLATE_ACTIVITY,,
tareas,TSK000864,task,✅Lista de Tareas,880,PRJ0017,Nuevo colegio del Prado,Nuevo colegio del Prado,Soporte,Schoolpack,support,Admisiones,Actividad,TSK000864,Revisar proceso de admisiones: Dirección y relación de ingreso y egresos (Ambiente de pruebas del colegio para mostrar el desborde temporal)  POSPUESTO HASTA 2027,2.0,2026-08-13,2026-08-13,true,Hecho,Medio,Carmen Donoso,N/A,,support:ACT-517,,,,,,,,,,,,,,,,,,,,,,,,,,,,,,,"{""B"": ""Nuevo colegio del Prado"", ""C"": ""Revisar proceso de admisiones: Dirección y relación de ingreso y egresos (Ambiente de pruebas del colegio para mostrar el desborde temporal)  POSPUESTO HASTA 2027"", ""D"": ""2.0"", ""E"": ""46247.0"", ""F"": true, ""G"": ""46247.0"", ""H"": ""Hecho"", ""I"": ""Medio"", ""J"": ""N/A"", ""K"": ""Carmen Donoso""}","{""J"": """"}",support,TASK_BELONGS_TO_PROJECT_TEMPLATE,HISTORICAL_TASK_BOUND_TO_PROJECT_TEMPLATE_NOT_TEMPLATE_ACTIVITY,,
tareas,TSK000865,task,✅Lista de Tareas,881,PRJ0040,Jardín Infantil y Prescolar Pequeños Talentos,Jardín Infantil y Prescolar Pequeños Talentos,Implementación,Schoolpack,implementation_schoolpack,Capacitación,Actividad,TSK000865,Capacitación docente presencial (PENDIENTE ACTA),6.0,2026-07-29,2026-08-11,true,Hecho,Medio,Carmen Donoso,N/A,,implementation_schoolpack:ACT-102,,,,,,,,,,,,,,,,,,,,,,,,,,,,,,,"{""B"": ""Jardín Infantil y Prescolar Pequeños Talentos"", ""C"": ""Capacitación docente presencial (PENDIENTE ACTA)"", ""D"": ""6.0"", ""E"": ""46232.0"", ""F"": true, ""G"": ""46245.0"", ""H"": ""Hecho"", ""I"": ""Medio"", ""J"": ""N/A"", ""K"": ""Carmen Donoso""}","{""J"": """"}",implementation_schoolpack,TASK_BELONGS_TO_PROJECT_TEMPLATE,HISTORICAL_TASK_BOUND_TO_PROJECT_TEMPLATE_NOT_TEMPLATE_ACTIVITY,,
tareas,TSK000866,task,✅Lista de Tareas,882,PRJ0037,Colegio Integral Funza,Colegio Integral Funza,Soporte,Schoolpack,support,Admisiones,Actividad,TSK000866,88378 - Capacitación Admisiones,2.0,2026-07-28,2026-07-28,true,Hecho,Medio,Carmen Donoso,N/A,9am,support:ACT-518,,,,,,,,,,,,,,,,,,,,,,,,,,,,,,,"{""B"": ""Colegio Integral Funza"", ""C"": ""88378 - Capacitación Admisiones"", ""D"": ""2.0"", ""E"": ""46231.0"", ""F"": true, ""G"": ""46231.0"", ""H"": ""Hecho"", ""I"": ""Medio"", ""J"": ""N/A"", ""K"": ""Carmen Donoso"", ""L"": ""9am""}","{""J"": """"}",support,TASK_BELONGS_TO_PROJECT_TEMPLATE,HISTORICAL_TASK_BOUND_TO_PROJECT_TEMPLATE_NOT_TEMPLATE_ACTIVITY,,
tareas,TSK000867,task,✅Lista de Tareas,883,PRJ0040,Jardín Infantil y Prescolar Pequeños Talentos,Jardín Infantil y Prescolar Pequeños Talentos,Implementación,Schoolpack,implementation_schoolpack,Otros,Actividad,TSK000867,Aprobación de boletines,2.0,2026-07-22,2026-07-22,true,Hecho,Medio,Carmen Donoso,N/A,,implementation_schoolpack:ACT-103,,,,,,,,,,,,,,,,,,,,,,,,,,,,,,,"{""B"": ""Jardín Infantil y Prescolar Pequeños Talentos"", ""C"": ""Aprobación de boletines"", ""D"": ""2.0"", ""E"": ""46225.0"", ""F"": true, ""G"": ""46225.0"", ""H"": ""Hecho"", ""I"": ""Medio"", ""J"": ""N/A"", ""K"": ""Carmen Donoso""}","{""J"": """"}",implementation_schoolpack,TASK_BELONGS_TO_PROJECT_TEMPLATE,HISTORICAL_TASK_BOUND_TO_PROJECT_TEMPLATE_NOT_TEMPLATE_ACTIVITY,,
tareas,TSK000868,task,✅Lista de Tareas,884,PRJ0016,Sigmund Freud,Sigmund Freud,Soporte,Implementado,support,Financiero,Actividad,TSK000868,Es posible que el responsable financiero sea determinado en la actualización de datos que realizan los padres en su plataforma? (MODELO NUEVO SCHOOL): configuración con Francisco,2.0,2026-07-27,2026-08-05,true,Hecho,Medio,Sebastian Ballesteros,N/A,,support:ACT-519,,,,,,,,,,,,,,,,,,,,,,,,,,,,,,,"{""B"": ""Sigmund Freud"", ""C"": ""Es posible que el responsable financiero sea determinado en la actualización de datos que realizan los padres en su plataforma? (MODELO NUEVO SCHOOL): configuración con Francisco"", ""D"": ""2.0"", ""E"": ""46230.0"", ""F"": true, ""G"": ""46239.0"", ""H"": ""Hecho"", ""I"": ""Medio"", ""J"": ""N/A"", ""K"": ""Sebastian Ballesteros""}","{""J"": """"}",support,TASK_BELONGS_TO_PROJECT_TEMPLATE,HISTORICAL_TASK_BOUND_TO_PROJECT_TEMPLATE_NOT_TEMPLATE_ACTIVITY,,
tareas,TSK000869,task,✅Lista de Tareas,885,PRJ0016,Sigmund Freud,Sigmund Freud,Soporte,Implementado,support,Matrículas,Actividad,TSK000869,Se puede generar facturas de pago para enviar a los padres? Especialmente en matriculas? CONFIGURAR RECIBO DE PAGO PARA MATRICULAS,1.0,2026-07-27,2026-07-28,true,Hecho,Medio,Sebastian Ballesteros,N/A,,support:ACT-520,,,,,,,,,,,,,,,,,,,,,,,,,,,,,,,"{""B"": ""Sigmund Freud"", ""C"": ""Se puede generar facturas de pago para enviar a los padres? Especialmente en matriculas? CONFIGURAR RECIBO DE PAGO PARA MATRICULAS"", ""D"": ""1.0"", ""E"": ""46230.0"", ""F"": true, ""G"": ""46231.0"", ""H"": ""Hecho"", ""I"": ""Medio"", ""J"": ""N/A"", ""K"": ""Sebastian Ballesteros""}","{""J"": """"}",support,TASK_BELONGS_TO_PROJECT_TEMPLATE,HISTORICAL_TASK_BOUND_TO_PROJECT_TEMPLATE_NOT_TEMPLATE_ACTIVITY,,
tareas,TSK000870,task,✅Lista de Tareas,886,PRJ0016,Sigmund Freud,Sigmund Freud,Soporte,Implementado,support,Otros,Actividad,TSK000870,88352 - Tiempo de sesión dentro de plataforma sin que se cierre. HACER CONEXIÓN Y MOSTRARLES QUE DURA ABIERTO MAS TIEMPO,1.0,2026-07-27,2026-07-28,true,Hecho,Medio,Sebastian Ballesteros,N/A,,support:ACT-521,,,,,,,,,,,,,,,,,,,,,,,,,,,,,,,"{""B"": ""Sigmund Freud"", ""C"": ""88352 - Tiempo de sesión dentro de plataforma sin que se cierre. HACER CONEXIÓN Y MOSTRARLES QUE DURA ABIERTO MAS TIEMPO"", ""D"": ""1.0"", ""E"": ""46230.0"", ""F"": true, ""G"": ""46231.0"", ""H"": ""Hecho"", ""I"": ""Medio"", ""J"": ""N/A"", ""K"": ""Sebastian Ballesteros""}","{""J"": """"}",support,TASK_BELONGS_TO_PROJECT_TEMPLATE,HISTORICAL_TASK_BOUND_TO_PROJECT_TEMPLATE_NOT_TEMPLATE_ACTIVITY,,
tareas,TSK000871,task,✅Lista de Tareas,887,PRJ0016,Sigmund Freud,Sigmund Freud,Soporte,Implementado,support,Académico,Actividad,TSK000871,"88355 - Configurar boletines para publicación, acompañamiento de carga academica",2.0,2026-07-31,2026-08-04,true,Hecho,Medio,Carmen Donoso,N/A,,support:ACT-522,,,,,,,,,,,,,,,,,,,,,,,,,,,,,,,"{""B"": ""Sigmund Freud"", ""C"": ""88355 - Configurar boletines para publicación, acompañamiento de carga academica"", ""D"": ""2.0"", ""E"": ""46234.0"", ""F"": true, ""G"": ""46238.0"", ""H"": ""Hecho"", ""I"": ""Medio"", ""J"": ""N/A"", ""K"": ""Carmen Donoso""}","{""J"": """"}",support,TASK_BELONGS_TO_PROJECT_TEMPLATE,HISTORICAL_TASK_BOUND_TO_PROJECT_TEMPLATE_NOT_TEMPLATE_ACTIVITY,,
tareas,TSK000872,task,✅Lista de Tareas,888,PRJ0016,Sigmund Freud,Sigmund Freud,Soporte,Implementado,support,Financiero,Actividad,TSK000872,Sesión para mostrarles Es posible que el responsable financiero sea determinado en la actualización de datos que realizan los padres en su plataforma? (MODELO NUEVO SCHOOL) (PENDIENTE ACTA,,2026-08-06,2026-08-06,true,Hecho,Medio,Sebastian Ballesteros,N/A,,support:ACT-523,,,,,,,,,,,,,,,,,,,,,,,,,,,,,,,"{""B"": ""Sigmund Freud"", ""C"": ""Sesión para mostrarles Es posible que el responsable financiero sea determinado en la actualización de datos que realizan los padres en su plataforma? (MODELO NUEVO SCHOOL) (PENDIENTE ACTA"", ""E"": ""46240.0"", ""F"": true, ""G"": ""46240.0"", ""H"": ""Hecho"", ""I"": ""Medio"", ""J"": ""N/A"", ""K"": ""Sebastian Ballesteros""}","{""J"": """"}",support,TASK_BELONGS_TO_PROJECT_TEMPLATE,HISTORICAL_TASK_BOUND_TO_PROJECT_TEMPLATE_NOT_TEMPLATE_ACTIVITY,,
tareas,TSK000873,task,✅Lista de Tareas,889,PRJ0016,Sigmund Freud,Sigmund Freud,Soporte,Implementado,support,Capacitación,Actividad,TSK000873,Capacitación comunicaciones,2.0,2026-08-11,,false,En progreso,Medio,Sebastian Ballesteros,Overdue,2:30pm,support:ACT-524,,,,,,,,,,,,,,,,,,,,,,,,,,,,,,,"{""B"": ""Sigmund Freud"", ""C"": ""Capacitación comunicaciones"", ""D"": ""2.0"", ""E"": ""46245.0"", ""F"": false, ""H"": ""En progreso"", ""I"": ""Medio"", ""J"": ""Overdue"", ""K"": ""Sebastian Ballesteros"", ""L"": ""2:30pm""}","{""J"": """"}",support,TASK_BELONGS_TO_PROJECT_TEMPLATE,HISTORICAL_TASK_BOUND_TO_PROJECT_TEMPLATE_NOT_TEMPLATE_ACTIVITY,,
tareas,TSK000874,task,✅Lista de Tareas,890,PRJ0016,Sigmund Freud,Sigmund Freud,Soporte,Implementado,support,Integraciones,Actividad,TSK000874,88460 - Activar Interfaz Contable con SIGO Archivos Planos,2.0,2026-07-27,,false,En progreso,Medio,Sebastian Ballesteros,Overdue,,support:ACT-525,,,,,,,,,,,,,,,,,,,,,,,,,,,,,,,"{""B"": ""Sigmund Freud"", ""C"": ""88460 - Activar Interfaz Contable con SIGO Archivos Planos"", ""D"": ""2.0"", ""E"": ""46230.0"", ""F"": false, ""H"": ""En progreso"", ""I"": ""Medio"", ""J"": ""Overdue"", ""K"": ""Sebastian Ballesteros""}","{""J"": """"}",support,TASK_BELONGS_TO_PROJECT_TEMPLATE,HISTORICAL_TASK_BOUND_TO_PROJECT_TEMPLATE_NOT_TEMPLATE_ACTIVITY,,
tareas,TSK000875,task,✅Lista de Tareas,891,PRJ0016,Sigmund Freud,Sigmund Freud,Soporte,Implementado,support,Matrículas,Actividad,TSK000875,"88474 - Gestionar código de barras GS1 e IAC, Pensión y matriculas POSPUESTO POR EL BOTÓN DE PAGO",1.0,2026-07-27,2026-08-11,false,Hecho,Medio,Sebastian Ballesteros,N/A,,support:ACT-526,,,,,,,,,,,,,,,,,,,,,,,,,,,,,,,"{""B"": ""Sigmund Freud"", ""C"": ""88474 - Gestionar código de barras GS1 e IAC, Pensión y matriculas POSPUESTO POR EL BOTÓN DE PAGO"", ""D"": ""1.0"", ""E"": ""46230.0"", ""F"": false, ""G"": ""46245.0"", ""H"": ""Hecho"", ""I"": ""Medio"", ""J"": ""N/A"", ""K"": ""Sebastian Ballesteros""}","{""J"": """"}",support,TASK_BELONGS_TO_PROJECT_TEMPLATE,HISTORICAL_TASK_BOUND_TO_PROJECT_TEMPLATE_NOT_TEMPLATE_ACTIVITY,,
tareas,TSK000876,task,✅Lista de Tareas,892,PRJ0016,Sigmund Freud,Sigmund Freud,Soporte,Implementado,support,Documentación / Actas / Entrega,Actividad,TSK000876,Demo Publica y envia mensajes de cobro (PENDIENTE ACTA),1.0,2026-08-06,2026-08-06,true,Hecho,Medio,Sebastian Ballesteros,N/A,10am,support:ACT-527,,,,,,,,,,,,,,,,,,,,,,,,,,,,,,,"{""B"": ""Sigmund Freud"", ""C"": ""Demo Publica y envia mensajes de cobro (PENDIENTE ACTA)"", ""D"": ""1.0"", ""E"": ""46240.0"", ""F"": true, ""G"": ""46240.0"", ""H"": ""Hecho"", ""I"": ""Medio"", ""J"": ""N/A"", ""K"": ""Sebastian Ballesteros"", ""L"": ""10am""}","{""J"": """"}",support,TASK_BELONGS_TO_PROJECT_TEMPLATE,HISTORICAL_TASK_BOUND_TO_PROJECT_TEMPLATE_NOT_TEMPLATE_ACTIVITY,,
tareas,TSK000877,task,✅Lista de Tareas,893,PRJ0031,Colegio Refous,Colegio Refous,Soporte,Schoolpack,support,Botón de pagos,Actividad,TSK000877,Verificar el boton de pagos en la pantalla de Preinscripción,1.0,2026-07-29,2026-08-04,true,Hecho,Medio,Sebastian Ballesteros,N/A,,support:ACT-528,,,,,,,,,,,,,,,,,,,,,,,,,,,,,,,"{""B"": ""Colegio Refous"", ""C"": ""Verificar el boton de pagos en la pantalla de Preinscripción"", ""D"": ""1.0"", ""E"": ""46232.0"", ""F"": true, ""G"": ""46238.0"", ""H"": ""Hecho"", ""I"": ""Medio"", ""J"": ""N/A"", ""K"": ""Sebastian Ballesteros""}","{""J"": """"}",support,TASK_BELONGS_TO_PROJECT_TEMPLATE,HISTORICAL_TASK_BOUND_TO_PROJECT_TEMPLATE_NOT_TEMPLATE_ACTIVITY,,
tareas,TSK000878,task,✅Lista de Tareas,894,PRJ0016,Sigmund Freud,Sigmund Freud,Soporte,Implementado,support,Botón de pagos,Actividad,TSK000878,88578 - Botón de pagos y TC: Seguimiento a la entrega de documentación inicial y envio del correo a eCollect,3.0,2026-08-10,,false,En progreso,Medio,Sebastian Ballesteros,Overdue,,support:ACT-529,,,,,,,,,,,,,,,,,,,,,,,,,,,,,,,"{""B"": ""Sigmund Freud"", ""C"": ""88578 - Botón de pagos y TC: Seguimiento a la entrega de documentación inicial y envio del correo a eCollect"", ""D"": ""3.0"", ""E"": ""46244.0"", ""F"": false, ""H"": ""En progreso"", ""I"": ""Medio"", ""J"": ""Overdue"", ""K"": ""Sebastian Ballesteros""}","{""J"": """"}",support,TASK_BELONGS_TO_PROJECT_TEMPLATE,HISTORICAL_TASK_BOUND_TO_PROJECT_TEMPLATE_NOT_TEMPLATE_ACTIVITY,,
tareas,TSK000879,task,✅Lista de Tareas,895,PRJ0031,Colegio Refous,Colegio Refous,Soporte,Schoolpack,support,Admisiones,Actividad,TSK000879,Verificar calculo de la edad en Preinscripción: DOCUMENTACIón y correo (Miercoles),1.0,2026-08-04,2026-09-09,false,En progreso,Medio,Sebastian Ballesteros,N/A,,support:ACT-530,,,,,,,,,,,,,,,,,,,,,,,,,,,,,,,"{""B"": ""Colegio Refous"", ""C"": ""Verificar calculo de la edad en Preinscripción: DOCUMENTACIón y correo (Miercoles) "", ""D"": ""1.0"", ""E"": ""46238.0"", ""F"": false, ""G"": ""46274.0"", ""H"": ""En progreso"", ""I"": ""Medio"", ""J"": ""N/A"", ""K"": ""Sebastian Ballesteros""}","{""J"": """"}",support,TASK_BELONGS_TO_PROJECT_TEMPLATE,HISTORICAL_TASK_BOUND_TO_PROJECT_TEMPLATE_NOT_TEMPLATE_ACTIVITY,,
tareas,TSK000880,task,✅Lista de Tareas,896,PRJ0031,Colegio Refous,Colegio Refous,Soporte,Schoolpack,support,Matrículas,Actividad,TSK000880,Validar matriculas anticipadas del proximo año: DOCUMENTACIÓN CON CASOS DE USOS y CORREO (Jenifer no quiere desarrollo),1.0,2026-07-29,2026-08-04,false,En progreso,Medio,Sebastian Ballesteros,N/A,,support:ACT-531,,,,,,,,,,,,,,,,,,,,,,,,,,,,,,,"{""B"": ""Colegio Refous"", ""C"": ""Validar matriculas anticipadas del proximo año: DOCUMENTACIÓN CON CASOS DE USOS y CORREO (Jenifer no quiere desarrollo)"", ""D"": ""1.0"", ""E"": ""46232.0"", ""F"": false, ""G"": ""46238.0"", ""H"": ""En progreso"", ""I"": ""Medio"", ""J"": ""N/A"", ""K"": ""Sebastian Ballesteros""}","{""J"": """"}",support,TASK_BELONGS_TO_PROJECT_TEMPLATE,HISTORICAL_TASK_BOUND_TO_PROJECT_TEMPLATE_NOT_TEMPLATE_ACTIVITY,,
tareas,TSK000881,task,✅Lista de Tareas,897,PRJ0006,Liceo Paternina,Liceo Paternina,Soporte,Schoolpack,support,Documentación / Actas / Entrega,Actividad,TSK000881,Modelo de intereces (PENDIENTE ACTA),1.0,2026-08-06,2026-08-06,true,Hecho,Medio,Sebastian Ballesteros,N/A,2:30pm,support:ACT-532,,,,,,,,,,,,,,,,,,,,,,,,,,,,,,,"{""B"": ""Liceo Paternina"", ""C"": ""Modelo de intereces (PENDIENTE ACTA)"", ""D"": ""1.0"", ""E"": ""46240.0"", ""F"": true, ""G"": ""46240.0"", ""H"": ""Hecho"", ""I"": ""Medio"", ""J"": ""N/A"", ""K"": ""Sebastian Ballesteros"", ""L"": ""2:30pm""}","{""J"": """"}",support,TASK_BELONGS_TO_PROJECT_TEMPLATE,HISTORICAL_TASK_BOUND_TO_PROJECT_TEMPLATE_NOT_TEMPLATE_ACTIVITY,,
tareas,TSK000882,task,✅Lista de Tareas,898,PRJ0006,Liceo Paternina,Liceo Paternina,Soporte,Schoolpack,support,Configuración / Parametrización,Actividad,TSK000882,Configurar Modelo de intereces en producción,1.0,2026-08-11,2026-08-11,true,Hecho,Medio,Sebastian Ballesteros,N/A,2:30pm,support:ACT-533,,,,,,,,,,,,,,,,,,,,,,,,,,,,,,,"{""B"": ""Liceo Paternina"", ""C"": ""Configurar Modelo de intereces en producción"", ""D"": ""1.0"", ""E"": ""46245.0"", ""F"": true, ""G"": ""46245.0"", ""H"": ""Hecho"", ""I"": ""Medio"", ""J"": ""N/A"", ""K"": ""Sebastian Ballesteros"", ""L"": ""2:30pm""}","{""J"": """"}",support,TASK_BELONGS_TO_PROJECT_TEMPLATE,HISTORICAL_TASK_BOUND_TO_PROJECT_TEMPLATE_NOT_TEMPLATE_ACTIVITY,,
tareas,TSK000883,task,✅Lista de Tareas,899,PRJ0044,Claretiano de Bosa,Claretiano de Bosa,Soporte,Schoolpack,support,Pruebas / Auditoría,Actividad,TSK000883,Validación de actualización de fotos en Schoolweb y boletines,2.0,2026-08-05,2026-08-05,true,Hecho,Medio,Sebastian Ballesteros,N/A,,support:ACT-534,,,,,,,,,,,,,,,,,,,,,,,,,,,,,,,"{""B"": ""Claretiano de Bosa"", ""C"": ""Validación de actualización de fotos en Schoolweb y boletines"", ""D"": ""2.0"", ""E"": ""46239.0"", ""F"": true, ""G"": ""46239.0"", ""H"": ""Hecho"", ""I"": ""Medio"", ""J"": ""N/A"", ""K"": ""Sebastian Ballesteros""}","{""J"": """"}",support,TASK_BELONGS_TO_PROJECT_TEMPLATE,HISTORICAL_TASK_BOUND_TO_PROJECT_TEMPLATE_NOT_TEMPLATE_ACTIVITY,,
tareas,TSK000884,task,✅Lista de Tareas,900,PRJ0047,Cyber Colegio,Cyber Colegio,Soporte,Schoolpack,support,Capacitación,Actividad,TSK000884,88473 - Capacitación Bienestar (PENDIENTE ACTA),2.0,2026-08-10,2026-08-10,true,Hecho,Medio,Sebastian Ballesteros,N/A,,support:ACT-535,,,,,,,,,,,,,,,,,,,,,,,,,,,,,,,"{""B"": ""Cyber Colegio"", ""C"": ""88473 - Capacitación Bienestar (PENDIENTE ACTA)"", ""D"": ""2.0"", ""E"": ""46244.0"", ""F"": true, ""G"": ""46244.0"", ""H"": ""Hecho"", ""I"": ""Medio"", ""J"": ""N/A"", ""K"": ""Sebastian Ballesteros""}","{""J"": """"}",support,TASK_BELONGS_TO_PROJECT_TEMPLATE,HISTORICAL_TASK_BOUND_TO_PROJECT_TEMPLATE_NOT_TEMPLATE_ACTIVITY,,
tareas,TSK000885,task,✅Lista de Tareas,901,PRJ0031,Colegio Refous,Colegio Refous,Soporte,Schoolpack,support,Matrículas,Actividad,TSK000885,Validar matriculas anticipadas del proximo año: DOCUMENTACIÓN CON CASOS DE USOS SESIÓN CON JENNIFER,1.0,2026-07-29,2026-08-19,true,Hecho,Medio,Sebastian Ballesteros,N/A,,support:ACT-536,,,,,,,,,,,,,,,,,,,,,,,,,,,,,,,"{""B"": ""Colegio Refous"", ""C"": ""Validar matriculas anticipadas del proximo año: DOCUMENTACIÓN CON CASOS DE USOS SESIÓN CON JENNIFER"", ""D"": ""1.0"", ""E"": ""46232.0"", ""F"": true, ""G"": ""46253.0"", ""H"": ""Hecho"", ""I"": ""Medio"", ""J"": ""N/A"", ""K"": ""Sebastian Ballesteros""}","{""J"": """"}",support,TASK_BELONGS_TO_PROJECT_TEMPLATE,HISTORICAL_TASK_BOUND_TO_PROJECT_TEMPLATE_NOT_TEMPLATE_ACTIVITY,,
tareas,TSK000886,task,✅Lista de Tareas,902,PRJ0031,Colegio Refous,Colegio Refous,Soporte,Schoolpack,support,Pruebas / Auditoría,Actividad,TSK000886,Sesión con Jennifer para revisión de documentación,2.0,2026-09-09,2026-09-09,false,En progreso,Medio,Sebastian Ballesteros,N/A,,support:ACT-537,,,,,,,,,,,,,,,,,,,,,,,,,,,,,,,"{""B"": ""Colegio Refous"", ""C"": ""Sesión con Jennifer para revisión de documentación"", ""D"": ""2.0"", ""E"": ""46274.0"", ""F"": false, ""G"": ""46274.0"", ""H"": ""En progreso"", ""I"": ""Medio"", ""J"": ""N/A"", ""K"": ""Sebastian Ballesteros""}","{""J"": """"}",support,TASK_BELONGS_TO_PROJECT_TEMPLATE,HISTORICAL_TASK_BOUND_TO_PROJECT_TEMPLATE_NOT_TEMPLATE_ACTIVITY,,
tareas,TSK000887,task,✅Lista de Tareas,903,PRJ0043,Upwaresoft,Upwaresoft,Soporte,Implementado,support,Financiero,Actividad,TSK000887,Manuales: Entrega de los 25 videos financieros Semana 1,2.0,2026-08-18,2026-08-21,false,En progreso,Medio,Sebastian Ballesteros,N/A,,support:ACT-538,,,,,,,,,,,,,,,,,,,,,,,,,,,,,,,"{""B"": ""Upwaresoft"", ""C"": ""Manuales: Entrega de los 25 videos financieros Semana 1"", ""D"": ""2.0"", ""E"": ""46252.0"", ""F"": false, ""G"": ""46255.0"", ""H"": ""En progreso"", ""I"": ""Medio"", ""J"": ""N/A"", ""K"": ""Sebastian Ballesteros""}","{""J"": """"}",support,TASK_BELONGS_TO_PROJECT_TEMPLATE,HISTORICAL_TASK_BOUND_TO_PROJECT_TEMPLATE_NOT_TEMPLATE_ACTIVITY,,
tareas,TSK000888,task,✅Lista de Tareas,904,PRJ0043,Upwaresoft,Upwaresoft,Soporte,Implementado,support,Botón de pagos,Actividad,TSK000888,Boton de pago para Upwaresoft y Fractales: Enviar correo a eCollect,2.0,2026-08-25,2026-09-04,true,Hecho,Medio,Sebastian Ballesteros,N/A,,support:ACT-539,,,,,,,,,,,,,,,,,,,,,,,,,,,,,,,"{""B"": ""Upwaresoft"", ""C"": ""Boton de pago para Upwaresoft y Fractales: Enviar correo a eCollect "", ""D"": ""2.0"", ""E"": ""46259.0"", ""F"": true, ""G"": ""46269.0"", ""H"": ""Hecho"", ""I"": ""Medio"", ""J"": ""N/A"", ""K"": ""Sebastian Ballesteros""}","{""J"": """"}",support,TASK_BELONGS_TO_PROJECT_TEMPLATE,HISTORICAL_TASK_BOUND_TO_PROJECT_TEMPLATE_NOT_TEMPLATE_ACTIVITY,,
tareas,TSK000889,task,✅Lista de Tareas,905,PRJ0018,Colegio Gimnasio del Saber,Colegio Gimnasio del Saber,Soporte,Schoolpack,support,Documentación / Actas / Entrega,Actividad,TSK000889,Tableros de Control: Seguimiento al cliente para aprobación de la documentación (Detenidos hasta la nueva entrega de boletines OCTUBRE),1.0,2026-10-12,2026-10-12,false,No iniciado,Alto,Carmen Donoso,N/A,Hoy viernes en la tarde,support:ACT-540,,,,,,,,,,,,,,,,,,,,,,,,,,,,,,,"{""B"": ""Colegio Gimnasio del Saber"", ""C"": ""Tableros de Control: Seguimiento al cliente para aprobación de la documentación (Detenidos hasta la nueva entrega de boletines OCTUBRE) "", ""D"": ""1.0"", ""E"": ""46307.0"", ""F"": false, ""G"": ""46307.0"", ""H"": ""No iniciado"", ""I"": ""Alto"", ""J"": ""N/A"", ""K"": ""Carmen Donoso"", ""L"": ""Hoy viernes en la tarde""}","{""J"": """"}",support,TASK_BELONGS_TO_PROJECT_TEMPLATE,HISTORICAL_TASK_BOUND_TO_PROJECT_TEMPLATE_NOT_TEMPLATE_ACTIVITY,,
tareas,TSK000890,task,✅Lista de Tareas,906,PRJ0049,Colombo Inglen del Huila,Colombo Inglen del Huila,Soporte,Schoolpack,support,Pruebas / Auditoría,Actividad,TSK000890,Auditoria de reportes (8) 88834. 36. 37. 40.41.42.44 (Pendiente acta de entrega formal),3.0,2026-09-10,2026-09-10,true,Hecho,Medio,Carmen Donoso,N/A,,support:ACT-541,,,,,,,,,,,,,,,,,,,,,,,,,,,,,,,"{""B"": ""Colombo Inglen del Huila"", ""C"": ""Auditoria de reportes (8) 88834. 36. 37. 40.41.42.44 (Pendiente acta de entrega formal)"", ""D"": ""3.0"", ""E"": ""46275.0"", ""F"": true, ""G"": ""46275.0"", ""H"": ""Hecho"", ""I"": ""Medio"", ""J"": ""N/A"", ""K"": ""Carmen Donoso""}","{""J"": """"}",support,TASK_BELONGS_TO_PROJECT_TEMPLATE,HISTORICAL_TASK_BOUND_TO_PROJECT_TEMPLATE_NOT_TEMPLATE_ACTIVITY,,
tareas,TSK000891,task,✅Lista de Tareas,907,PRJ0043,Upwaresoft,Upwaresoft,Soporte,Implementado,support,Académico,Actividad,TSK000891,Manuales: Entrega de los 25 videos academicos Semana 1: Mi institución PENDIENTE CELULAR,2.0,2026-08-18,2026-08-21,false,En progreso,Medio,Carmen Donoso,N/A,"Mi intitución, personas, protección y Conf. academica ",support:ACT-542,,,,,,,,,,,,,,,,,,,,,,,,,,,,,,,"{""B"": ""Upwaresoft"", ""C"": ""Manuales: Entrega de los 25 videos academicos Semana 1: Mi institución PENDIENTE CELULAR"", ""D"": ""2.0"", ""E"": ""46252.0"", ""F"": false, ""G"": ""46255.0"", ""H"": ""En progreso"", ""I"": ""Medio"", ""J"": ""N/A"", ""K"": ""Carmen Donoso"", ""L"": ""Mi intitución, personas, protección y Conf. academica ""}","{""J"": """"}",support,TASK_BELONGS_TO_PROJECT_TEMPLATE,HISTORICAL_TASK_BOUND_TO_PROJECT_TEMPLATE_NOT_TEMPLATE_ACTIVITY,,
tareas,TSK000892,task,✅Lista de Tareas,908,PRJ0022,INPEC,INPEC,Implementación,Campuspack,implementation_campuspack,Desarrollos a la medida,Actividad,TSK000892,Desarrollo Sylabus: Pendiente aprobación paso a producción,,,,false,En progreso,Medio,Carmen Donoso,N/A,,implementation_campuspack:ACT-213,,,,,,,,,,,,,,,,,,,,,,,,,,,,,,,"{""B"": ""INPEC"", ""C"": ""Desarrollo Sylabus: Pendiente aprobación paso a producción"", ""F"": false, ""H"": ""En progreso"", ""I"": ""Medio"", ""J"": ""N/A"", ""K"": ""Carmen Donoso""}","{""J"": """"}",implementation_campuspack,TASK_BELONGS_TO_PROJECT_TEMPLATE,HISTORICAL_TASK_BOUND_TO_PROJECT_TEMPLATE_NOT_TEMPLATE_ACTIVITY,,
tareas,TSK000893,task,✅Lista de Tareas,909,PRJ0022,INPEC,INPEC,Implementación,Campuspack,implementation_campuspack,Académico,Actividad,TSK000893,"Diseño a la medida una pantalla que permita que los docentes puedan desde valoraciones registrar una segunda habilitación, permitiendo la trazabilidad del tema y el impacto a los informes de gestión académica respectiva DOCUMENTACIÓN corregida Versión 2 DESARROLLO 3",2.0,2026-08-03,2026-08-21,true,Hecho,Medio,Carmen Donoso,N/A,Habilitar un permiso al modulo de personas ,implementation_campuspack:ACT-214,,,,,,,,,,,,,,,,,,,,,,,,,,,,,,,"{""B"": ""INPEC"", ""C"": ""Diseño a la medida una pantalla que permita que los docentes puedan desde valoraciones registrar una segunda habilitación, permitiendo la trazabilidad del tema y el impacto a los informes de gestión académica respectiva DOCUMENTACIÓN corregida Versión 2 DESARROLLO 3 "", ""D"": ""2.0"", ""E"": ""46237.0"", ""F"": true, ""G"": ""46255.0"", ""H"": ""Hecho"", ""I"": ""Medio"", ""J"": ""N/A"", ""K"": ""Carmen Donoso"", ""L"": ""Habilitar un permiso al modulo de personas ""}","{""J"": """"}",implementation_campuspack,TASK_BELONGS_TO_PROJECT_TEMPLATE,HISTORICAL_TASK_BOUND_TO_PROJECT_TEMPLATE_NOT_TEMPLATE_ACTIVITY,,
tareas,TSK000894,task,✅Lista de Tareas,910,PRJ0022,INPEC,INPEC,Implementación,Campuspack,implementation_campuspack,Facturación electrónica,Actividad,TSK000894,Se requiere generar una alternativa para que el software permita inscribir y matricular estudiantes en dos periodos en paralelo admisiones (Migración de la funcionalidad a desborde INPEC) DOCUMENTACIÓN corregida Versión 2,2.0,2026-08-03,2026-08-21,true,Hecho,Medio,Carmen Donoso,N/A,,implementation_campuspack:ACT-215,,,,,,,,,,,,,,,,,,,,,,,,,,,,,,,"{""B"": ""INPEC"", ""C"": ""Se requiere generar una alternativa para que el software permita inscribir y matricular estudiantes en dos periodos en paralelo admisiones (Migración de la funcionalidad a desborde INPEC) DOCUMENTACIÓN corregida Versión 2 "", ""D"": ""2.0"", ""E"": ""46237.0"", ""F"": true, ""G"": ""46255.0"", ""H"": ""Hecho"", ""I"": ""Medio"", ""J"": ""N/A"", ""K"": ""Carmen Donoso""}","{""J"": """"}",implementation_campuspack,TASK_BELONGS_TO_PROJECT_TEMPLATE,HISTORICAL_TASK_BOUND_TO_PROJECT_TEMPLATE_NOT_TEMPLATE_ACTIVITY,,
tareas,TSK000895,task,✅Lista de Tareas,911,PRJ0022,INPEC,INPEC,Implementación,Campuspack,implementation_campuspack,Facturación electrónica,Actividad,TSK000895,88571 - Envío del instructivo de ingreso a la interface de estudiantes,2.0,2026-08-03,2026-08-10,true,Hecho,Medio,Carmen Donoso,N/A,,implementation_campuspack:ACT-216,,,,,,,,,,,,,,,,,,,,,,,,,,,,,,,"{""B"": ""INPEC"", ""C"": ""88571 - Envío del instructivo de ingreso a la interface de estudiantes"", ""D"": ""2.0"", ""E"": ""46237.0"", ""F"": true, ""G"": ""46244.0"", ""H"": ""Hecho"", ""I"": ""Medio"", ""J"": ""N/A"", ""K"": ""Carmen Donoso""}","{""J"": """"}",implementation_campuspack,TASK_BELONGS_TO_PROJECT_TEMPLATE,HISTORICAL_TASK_BOUND_TO_PROJECT_TEMPLATE_NOT_TEMPLATE_ACTIVITY,,
tareas,TSK000896,task,✅Lista de Tareas,912,PRJ0022,INPEC,INPEC,Implementación,Campuspack,implementation_campuspack,Migración / Importadores,Actividad,TSK000896,Importación de Moodle – masivos por grupos- analizar un procedimiento que permita leer este archivo y convertirlo a la estructura del software actualL ESTRUCTURAL DE IMPORTADOR DE MOODLE DEL INPEC PARA QUE LA IA LO CONVIERTA EN NUESTRA ESTRUCTURA (NO ES FACTIBLE 88459),2.0,2026-08-03,2026-08-31,true,Hecho,Medio,Carmen Donoso,N/A,,implementation_campuspack:ACT-217,,,,,,,,,,,,,,,,,,,,,,,,,,,,,,,"{""B"": ""INPEC"", ""C"": ""Importación de Moodle – masivos por grupos- analizar un procedimiento que permita leer este archivo y convertirlo a la estructura del software actualL ESTRUCTURAL DE IMPORTADOR DE MOODLE DEL INPEC PARA QUE LA IA LO CONVIERTA EN NUESTRA ESTRUCTURA (NO ES FACTIBLE 88459)"", ""D"": ""2.0"", ""E"": ""46237.0"", ""F"": true, ""G"": ""46265.0"", ""H"": ""Hecho"", ""I"": ""Medio"", ""J"": ""N/A"", ""K"": ""Carmen Donoso""}","{""J"": """"}",implementation_campuspack,TASK_BELONGS_TO_PROJECT_TEMPLATE,HISTORICAL_TASK_BOUND_TO_PROJECT_TEMPLATE_NOT_TEMPLATE_ACTIVITY,,
tareas,TSK000897,task,✅Lista de Tareas,913,PRJ0031,Colegio Refous,Colegio Refous,Soporte,Schoolpack,support,Documentación / Actas / Entrega,Actividad,TSK000897,DEMO SPA (PENDIENTE ACTA),1.0,2026-08-06,2026-08-06,true,Hecho,Medio,Sebastian Ballesteros,N/A,,support:ACT-543,,,,,,,,,,,,,,,,,,,,,,,,,,,,,,,"{""B"": ""Colegio Refous"", ""C"": ""DEMO SPA (PENDIENTE ACTA)"", ""D"": ""1.0"", ""E"": ""46240.0"", ""F"": true, ""G"": ""46240.0"", ""H"": ""Hecho"", ""I"": ""Medio"", ""J"": ""N/A"", ""K"": ""Sebastian Ballesteros""}","{""J"": """"}",support,TASK_BELONGS_TO_PROJECT_TEMPLATE,HISTORICAL_TASK_BOUND_TO_PROJECT_TEMPLATE_NOT_TEMPLATE_ACTIVITY,,
tareas,TSK000898,task,✅Lista de Tareas,914,PRJ0043,Upwaresoft,Upwaresoft,Soporte,Implementado,support,Documentación / Actas / Entrega,Actividad,TSK000898,Boton de pago para Upwaresoft y Fractales: Seguimiento a la activación,2.0,2026-08-25,2026-09-04,false,En progreso,Medio,Sebastian Ballesteros,N/A,,support:ACT-544,,,,,,,,,,,,,,,,,,,,,,,,,,,,,,,"{""B"": ""Upwaresoft"", ""C"": ""Boton de pago para Upwaresoft y Fractales: Seguimiento a la activación "", ""D"": ""2.0"", ""E"": ""46259.0"", ""F"": false, ""G"": ""46269.0"", ""H"": ""En progreso"", ""I"": ""Medio"", ""J"": ""N/A"", ""K"": ""Sebastian Ballesteros""}","{""J"": """"}",support,TASK_BELONGS_TO_PROJECT_TEMPLATE,HISTORICAL_TASK_BOUND_TO_PROJECT_TEMPLATE_NOT_TEMPLATE_ACTIVITY,,
tareas,TSK000899,task,✅Lista de Tareas,915,PRJ0047,Cyber Colegio,Cyber Colegio,Soporte,Schoolpack,support,Desarrollos a la medida,Actividad,TSK000899,"88473 - Desarrollo, modificaciones del modulo Bienestar: Documentación",3.0,2026-08-11,2026-09-02,true,Hecho,Medio,Sebastian Ballesteros,N/A,Abren nuevo sac cuando quieran retomar la implementación,support:ACT-545,,,,,,,,,,,,,,,,,,,,,,,,,,,,,,,"{""B"": ""Cyber Colegio"", ""C"": ""88473 - Desarrollo, modificaciones del modulo Bienestar: Documentación"", ""D"": ""3.0"", ""E"": ""46245.0"", ""F"": true, ""G"": ""46267.0"", ""H"": ""Hecho"", ""I"": ""Medio"", ""J"": ""N/A"", ""K"": ""Sebastian Ballesteros"", ""L"": ""Abren nuevo sac cuando quieran retomar la implementación""}","{""J"": """"}",support,TASK_BELONGS_TO_PROJECT_TEMPLATE,HISTORICAL_TASK_BOUND_TO_PROJECT_TEMPLATE_NOT_TEMPLATE_ACTIVITY,,
tareas,TSK000900,task,✅Lista de Tareas,916,PRJ0014,San Jose de las Vegas,San Jose de las Vegas,Soporte,Schoolpack,support,Integraciones,Actividad,TSK000900,"88522 - Integración con WOMPI: Solicitar DOCUMENTACIÓN, SEGUIMIENTO",2.0,2026-08-04,2026-09-07,true,Hecho,Medio,Sebastian Ballesteros,N/A,Abren nuevo sac cuando quieran retomar la implementación,support:ACT-546,,,,,,,,,,,,,,,,,,,,,,,,,,,,,,,"{""B"": ""San Jose de las Vegas"", ""C"": ""88522 - Integración con WOMPI: Solicitar DOCUMENTACIÓN, SEGUIMIENTO "", ""D"": ""2.0"", ""E"": ""46238.0"", ""F"": true, ""G"": ""46272.0"", ""H"": ""Hecho"", ""I"": ""Medio"", ""J"": ""N/A"", ""K"": ""Sebastian Ballesteros"", ""L"": ""Abren nuevo sac cuando quieran retomar la implementación""}","{""J"": """"}",support,TASK_BELONGS_TO_PROJECT_TEMPLATE,HISTORICAL_TASK_BOUND_TO_PROJECT_TEMPLATE_NOT_TEMPLATE_ACTIVITY,,
tareas,TSK000901,task,✅Lista de Tareas,917,PRJ0022,INPEC,INPEC,Implementación,Campuspack,implementation_campuspack,Reuniones y coordinación,Actividad,TSK000901,Auditoria y pruebas del Desarrollo 3 y requerimientos reunión,4.0,2026-09-04,2026-09-10,false,En progreso,Medio,Carmen Donoso,N/A,,implementation_campuspack:ACT-218,,,,,,,,,,,,,,,,,,,,,,,,,,,,,,,"{""B"": ""INPEC"", ""C"": ""Auditoria y pruebas del Desarrollo 3 y requerimientos reunión"", ""D"": ""4.0"", ""E"": ""46269.0"", ""F"": false, ""G"": ""46275.0"", ""H"": ""En progreso"", ""I"": ""Medio"", ""J"": ""N/A"", ""K"": ""Carmen Donoso""}","{""J"": """"}",implementation_campuspack,TASK_BELONGS_TO_PROJECT_TEMPLATE,HISTORICAL_TASK_BOUND_TO_PROJECT_TEMPLATE_NOT_TEMPLATE_ACTIVITY,,
tareas,TSK000902,task,✅Lista de Tareas,918,PRJ0031,Colegio Refous,Colegio Refous,Soporte,Schoolpack,support,Académico,Actividad,TSK000902,Estructura academica DOCUMENTACIÓN (Compromiso para la proxima semana),,2026-08-12,2026-09-02,false,En progreso,Medio,Carmen Donoso,N/A,Recepción de la documentación de parte del colegio,support:ACT-547,,,,,,,,,,,,,,,,,,,,,,,,,,,,,,,"{""B"": ""Colegio Refous"", ""C"": ""Estructura academica DOCUMENTACIÓN (Compromiso para la proxima semana) "", ""E"": ""46246.0"", ""F"": false, ""G"": ""46267.0"", ""H"": ""En progreso"", ""I"": ""Medio"", ""J"": ""N/A"", ""K"": ""Carmen Donoso"", ""L"": ""Recepción de la documentación de parte del colegio""}","{""J"": """"}",support,TASK_BELONGS_TO_PROJECT_TEMPLATE,HISTORICAL_TASK_BOUND_TO_PROJECT_TEMPLATE_NOT_TEMPLATE_ACTIVITY,,
tareas,TSK000903,task,✅Lista de Tareas,919,PRJ0001,Academia MISI,Academia MISI,Implementación,Campuspack,implementation_campuspack,Migración / Importadores,Actividad,TSK000903,Cargue de Logros e Importadores,4.0,2026-08-13,2026-08-14,true,Hecho,Medio,Carmen Donoso,N/A,,implementation_campuspack:ACT-219,,,,,,,,,,,,,,,,,,,,,,,,,,,,,,,"{""B"": ""Academia MISI"", ""C"": ""Cargue de Logros e Importadores "", ""D"": ""4.0"", ""E"": ""46247.0"", ""F"": true, ""G"": ""46248.0"", ""H"": ""Hecho"", ""I"": ""Medio"", ""J"": ""N/A"", ""K"": ""Carmen Donoso""}","{""J"": """"}",implementation_campuspack,TASK_BELONGS_TO_PROJECT_TEMPLATE,HISTORICAL_TASK_BOUND_TO_PROJECT_TEMPLATE_NOT_TEMPLATE_ACTIVITY,,
tareas,TSK000904,task,✅Lista de Tareas,920,PRJ0001,Academia MISI,Academia MISI,Implementación,Campuspack,implementation_campuspack,Académico,Actividad,TSK000904,Sesión Valoraciones,2.0,2026-08-31,2026-08-31,true,Hecho,Alto,Carmen Donoso,N/A,2 a 4pm,implementation_campuspack:ACT-220,,,,,,,,,,,,,,,,,,,,,,,,,,,,,,,"{""B"": ""Academia MISI"", ""C"": ""Sesión Valoraciones "", ""D"": ""2.0"", ""E"": ""46265.0"", ""F"": true, ""G"": ""46265.0"", ""H"": ""Hecho"", ""I"": ""Alto"", ""J"": ""N/A"", ""K"": ""Carmen Donoso"", ""L"": ""2 a 4pm""}","{""J"": """"}",implementation_campuspack,TASK_BELONGS_TO_PROJECT_TEMPLATE,HISTORICAL_TASK_BOUND_TO_PROJECT_TEMPLATE_NOT_TEMPLATE_ACTIVITY,,
tareas,TSK000905,task,✅Lista de Tareas,921,PRJ0001,Academia MISI,Academia MISI,Implementación,Campuspack,implementation_campuspack,Otros,Actividad,TSK000905,Sesión completa integral,2.0,2026-09-09,2026-09-09,true,Hecho,Alto,Carmen Donoso,N/A,2 a 4pm,implementation_campuspack:ACT-221,,,,,,,,,,,,,,,,,,,,,,,,,,,,,,,"{""B"": ""Academia MISI"", ""C"": ""Sesión completa integral"", ""D"": ""2.0"", ""E"": ""46274.0"", ""F"": true, ""G"": ""46274.0"", ""H"": ""Hecho"", ""I"": ""Alto"", ""J"": ""N/A"", ""K"": ""Carmen Donoso"", ""L"": ""2 a 4pm""}","{""J"": """"}",implementation_campuspack,TASK_BELONGS_TO_PROJECT_TEMPLATE,HISTORICAL_TASK_BOUND_TO_PROJECT_TEMPLATE_NOT_TEMPLATE_ACTIVITY,,
tareas,TSK000906,task,✅Lista de Tareas,922,PRJ0027,Casa sobre la Roca - Nuevo Gimnasio Cristiano,Casa sobre la Roca - Nuevo Gimnasio Cristiano,Soporte,Schoolpack,support,Reuniones y coordinación,Actividad,TSK000906,Sesión de trabajo en conjunto Presencial academica,6.0,2026-08-14,2026-08-14,true,Hecho,Alto,Carmen Donoso,N/A,,support:ACT-548,,,,,,,,,,,,,,,,,,,,,,,,,,,,,,,"{""B"": ""Casa sobre la Roca - Nuevo Gimnasio Cristiano"", ""C"": ""Sesión de trabajo en conjunto Presencial academica "", ""D"": ""6.0"", ""E"": ""46248.0"", ""F"": true, ""G"": ""46248.0"", ""H"": ""Hecho"", ""I"": ""Alto"", ""J"": ""N/A"", ""K"": ""Carmen Donoso""}","{""J"": """"}",support,TASK_BELONGS_TO_PROJECT_TEMPLATE,HISTORICAL_TASK_BOUND_TO_PROJECT_TEMPLATE_NOT_TEMPLATE_ACTIVITY,,
tareas,TSK000907,task,✅Lista de Tareas,923,PRJ0023,Contraloria,Contraloria,Soporte,Schoolpack,support,Botón de pagos,Actividad,TSK000907,Botón de pagos: Seguimiento a la activación del botón de parte de eCollect (Pruebas exitosas),3.0,2026-07-22,2026-08-26,true,Hecho,Medio,Sebastian Ballesteros,N/A,,support:ACT-549,,,,,,,,,,,,,,,,,,,,,,,,,,,,,,,"{""B"": ""Contraloria"", ""C"": ""Botón de pagos: Seguimiento a la activación del botón de parte de eCollect (Pruebas exitosas)"", ""D"": ""3.0"", ""E"": ""46225.0"", ""F"": true, ""G"": ""46260.0"", ""H"": ""Hecho"", ""I"": ""Medio"", ""J"": ""N/A"", ""K"": ""Sebastian Ballesteros""}","{""J"": """"}",support,TASK_BELONGS_TO_PROJECT_TEMPLATE,HISTORICAL_TASK_BOUND_TO_PROJECT_TEMPLATE_NOT_TEMPLATE_ACTIVITY,,
tareas,TSK000908,task,✅Lista de Tareas,924,PRJ0027,Casa sobre la Roca - Nuevo Gimnasio Cristiano,Casa sobre la Roca - Nuevo Gimnasio Cristiano,Soporte,Schoolpack,support,Reuniones y coordinación,Actividad,TSK000908,Reunión Presencial financiera mejoras aplicativo,5.0,2026-08-12,2026-08-12,true,Hecho,Alto,Sebastian Ballesteros,N/A,,support:ACT-550,,,,,,,,,,,,,,,,,,,,,,,,,,,,,,,"{""B"": ""Casa sobre la Roca - Nuevo Gimnasio Cristiano"", ""C"": ""Reunión Presencial financiera mejoras aplicativo"", ""D"": ""5.0"", ""E"": ""46246.0"", ""F"": true, ""G"": ""46246.0"", ""H"": ""Hecho"", ""I"": ""Alto"", ""J"": ""N/A"", ""K"": ""Sebastian Ballesteros""}","{""J"": """"}",support,TASK_BELONGS_TO_PROJECT_TEMPLATE,HISTORICAL_TASK_BOUND_TO_PROJECT_TEMPLATE_NOT_TEMPLATE_ACTIVITY,,
tareas,TSK000909,task,✅Lista de Tareas,925,PRJ0034,Incolmotos - Escuelas Musicales,Incolmotos - Escuelas Musicales,Implementación,Campuspack,implementation_campuspack,Botón de pagos,Actividad,TSK000909,DEMO boton de pagos y pendientes,2.0,2026-08-14,2026-08-14,true,Hecho,Medio,Sebastian Ballesteros,N/A,,implementation_campuspack:ACT-222,,,,,,,,,,,,,,,,,,,,,,,,,,,,,,,"{""B"": ""Incolmotos - Escuelas Musicales"", ""C"": "" DEMO boton de pagos y pendientes "", ""D"": ""2.0"", ""E"": ""46248.0"", ""F"": true, ""G"": ""46248.0"", ""H"": ""Hecho"", ""I"": ""Medio"", ""J"": ""N/A"", ""K"": ""Sebastian Ballesteros""}","{""J"": """"}",implementation_campuspack,TASK_BELONGS_TO_PROJECT_TEMPLATE,HISTORICAL_TASK_BOUND_TO_PROJECT_TEMPLATE_NOT_TEMPLATE_ACTIVITY,,
tareas,TSK000910,task,✅Lista de Tareas,926,PRJ0016,Sigmund Freud,Sigmund Freud,Soporte,Implementado,support,Académico,Actividad,TSK000910,88550 - Desarrollo de bonificaciones academicas: Documentación SESIÓN EN DONDE SE DETERMINO QUE NO ES UN DESARROLLO SI NO UN INDICADOR EN EL PROCESO DE NOTAS,2.0,2026-08-10,2026-08-11,true,Hecho,Medio,Carmen Donoso,N/A,,support:ACT-551,,,,,,,,,,,,,,,,,,,,,,,,,,,,,,,"{""B"": ""Sigmund Freud"", ""C"": ""88550 - Desarrollo de bonificaciones academicas: Documentación SESIÓN EN DONDE SE DETERMINO QUE NO ES UN DESARROLLO SI NO UN INDICADOR EN EL PROCESO DE NOTAS"", ""D"": ""2.0"", ""E"": ""46244.0"", ""F"": true, ""G"": ""46245.0"", ""H"": ""Hecho"", ""I"": ""Medio"", ""J"": ""N/A"", ""K"": ""Carmen Donoso""}","{""J"": """"}",support,TASK_BELONGS_TO_PROJECT_TEMPLATE,HISTORICAL_TASK_BOUND_TO_PROJECT_TEMPLATE_NOT_TEMPLATE_ACTIVITY,,
tareas,TSK000911,task,✅Lista de Tareas,927,PRJ0023,Contraloria,Contraloria,Soporte,Schoolpack,support,Botón de pagos,Actividad,TSK000911,Botón de pagos: Paso a producción y pruebas en productivo,2.0,2026-08-27,2026-09-03,true,Hecho,Medio,Sebastian Ballesteros,N/A,,support:ACT-552,,,,,,,,,,,,,,,,,,,,,,,,,,,,,,,"{""B"": ""Contraloria"", ""C"": ""Botón de pagos: Paso a producción y pruebas en productivo "", ""D"": ""2.0"", ""E"": ""46261.0"", ""F"": true, ""G"": ""46268.0"", ""H"": ""Hecho"", ""I"": ""Medio"", ""J"": ""N/A"", ""K"": ""Sebastian Ballesteros""}","{""J"": """"}",support,TASK_BELONGS_TO_PROJECT_TEMPLATE,HISTORICAL_TASK_BOUND_TO_PROJECT_TEMPLATE_NOT_TEMPLATE_ACTIVITY,,
tareas,TSK000912,task,✅Lista de Tareas,928,PRJ0034,Incolmotos - Escuelas Musicales,Incolmotos - Escuelas Musicales,Implementación,Campuspack,implementation_campuspack,Financiero,Actividad,TSK000912,Capacitación Contable PENDIENTE ACTA,2.0,2026-08-21,2026-08-21,false,En progreso,Medio,Sebastian Ballesteros,N/A,,implementation_campuspack:ACT-223,,,,,,,,,,,,,,,,,,,,,,,,,,,,,,,"{""B"": ""Incolmotos - Escuelas Musicales"", ""C"": ""Capacitación Contable PENDIENTE ACTA"", ""D"": ""2.0"", ""E"": ""46255.0"", ""F"": false, ""G"": ""46255.0"", ""H"": ""En progreso"", ""I"": ""Medio"", ""J"": ""N/A"", ""K"": ""Sebastian Ballesteros""}","{""J"": """"}",implementation_campuspack,TASK_BELONGS_TO_PROJECT_TEMPLATE,HISTORICAL_TASK_BOUND_TO_PROJECT_TEMPLATE_NOT_TEMPLATE_ACTIVITY,,
tareas,TSK000913,task,✅Lista de Tareas,929,PRJ0008,Corazonistas,Corazonistas,Soporte,Implementado,support,Financiero,Actividad,TSK000913,Capacitación financiera (PENDIENTE ACTA),2.0,2026-08-12,2026-08-12,true,Hecho,Medio,Sebastian Ballesteros,N/A,2:30pm,support:ACT-305,,,,,,,,,,,,,,,,,,,,,,,,,,,,,,,"{""B"": ""Corazonistas"", ""C"": ""Capacitación financiera (PENDIENTE ACTA)"", ""D"": ""2.0"", ""E"": ""46246.0"", ""F"": true, ""G"": ""46246.0"", ""H"": ""Hecho"", ""I"": ""Medio"", ""J"": ""N/A"", ""K"": ""Sebastian Ballesteros"", ""L"": ""2:30pm""}","{""J"": """"}",support,TASK_BELONGS_TO_PROJECT_TEMPLATE,HISTORICAL_TASK_BOUND_TO_PROJECT_TEMPLATE_NOT_TEMPLATE_ACTIVITY,,
tareas,TSK000914,task,✅Lista de Tareas,930,PRJ0027,Casa sobre la Roca - Nuevo Gimnasio Cristiano,Casa sobre la Roca - Nuevo Gimnasio Cristiano,Soporte,Schoolpack,support,Configuración / Parametrización,Actividad,TSK000914,88604 - Activación de TC en pago en linea (Pentiente que el representante legal firme las cartas),2.0,2026-08-13,2026-08-27,true,Hecho,Medio,Sebastian Ballesteros,N/A,,support:ACT-553,,,,,,,,,,,,,,,,,,,,,,,,,,,,,,,"{""B"": ""Casa sobre la Roca - Nuevo Gimnasio Cristiano"", ""C"": ""88604 - Activación de TC en pago en linea (Pentiente que el representante legal firme las cartas)"", ""D"": ""2.0"", ""E"": ""46247.0"", ""F"": true, ""G"": ""46261.0"", ""H"": ""Hecho"", ""I"": ""Medio"", ""J"": ""N/A"", ""K"": ""Sebastian Ballesteros""}","{""J"": """"}",support,TASK_BELONGS_TO_PROJECT_TEMPLATE,HISTORICAL_TASK_BOUND_TO_PROJECT_TEMPLATE_NOT_TEMPLATE_ACTIVITY,,
tareas,TSK000915,task,✅Lista de Tareas,931,PRJ0027,Casa sobre la Roca - Nuevo Gimnasio Cristiano,Casa sobre la Roca - Nuevo Gimnasio Cristiano,Soporte,Schoolpack,support,Configuración / Parametrización,Actividad,TSK000915,88604 - Activación de TC en pago en linea: Seguimiento a la activación,2.0,2026-08-13,2026-09-10,false,En progreso,Medio,Sebastian Ballesteros,N/A,,support:ACT-554,,,,,,,,,,,,,,,,,,,,,,,,,,,,,,,"{""B"": ""Casa sobre la Roca - Nuevo Gimnasio Cristiano"", ""C"": ""88604 - Activación de TC en pago en linea: Seguimiento a la activación"", ""D"": ""2.0"", ""E"": ""46247.0"", ""F"": false, ""G"": ""46275.0"", ""H"": ""En progreso"", ""I"": ""Medio"", ""J"": ""N/A"", ""K"": ""Sebastian Ballesteros""}","{""J"": """"}",support,TASK_BELONGS_TO_PROJECT_TEMPLATE,HISTORICAL_TASK_BOUND_TO_PROJECT_TEMPLATE_NOT_TEMPLATE_ACTIVITY,,
tareas,TSK000916,task,✅Lista de Tareas,932,PRJ0027,Casa sobre la Roca - Nuevo Gimnasio Cristiano,Casa sobre la Roca - Nuevo Gimnasio Cristiano,Soporte,Schoolpack,support,Pruebas / Auditoría,Actividad,TSK000916,88603 - Recuperación de contraseñas padres de familia: Verificación y pruebas,2.0,2026-08-13,2026-09-02,true,Hecho,Medio,Sebastian Ballesteros,N/A,,support:ACT-555,,,,,,,,,,,,,,,,,,,,,,,,,,,,,,,"{""B"": ""Casa sobre la Roca - Nuevo Gimnasio Cristiano"", ""C"": ""88603 - Recuperación de contraseñas padres de familia: Verificación y pruebas"", ""D"": ""2.0"", ""E"": ""46247.0"", ""F"": true, ""G"": ""46267.0"", ""H"": ""Hecho"", ""I"": ""Medio"", ""J"": ""N/A"", ""K"": ""Sebastian Ballesteros""}","{""J"": """"}",support,TASK_BELONGS_TO_PROJECT_TEMPLATE,HISTORICAL_TASK_BOUND_TO_PROJECT_TEMPLATE_NOT_TEMPLATE_ACTIVITY,,
tareas,TSK000917,task,✅Lista de Tareas,933,PRJ0027,Casa sobre la Roca - Nuevo Gimnasio Cristiano,Casa sobre la Roca - Nuevo Gimnasio Cristiano,Soporte,Schoolpack,support,Documentación / Actas / Entrega,Actividad,TSK000917,88603 - Manueal configuración correo,2.0,2026-08-27,2026-08-27,true,Hecho,Medio,Sebastian Ballesteros,N/A,,support:ACT-556,,,,,,,,,,,,,,,,,,,,,,,,,,,,,,,"{""B"": ""Casa sobre la Roca - Nuevo Gimnasio Cristiano"", ""C"": ""88603 - Manueal configuración correo "", ""D"": ""2.0"", ""E"": ""46261.0"", ""F"": true, ""G"": ""46261.0"", ""H"": ""Hecho"", ""I"": ""Medio"", ""J"": ""N/A"", ""K"": ""Sebastian Ballesteros""}","{""J"": """"}",support,TASK_BELONGS_TO_PROJECT_TEMPLATE,HISTORICAL_TASK_BOUND_TO_PROJECT_TEMPLATE_NOT_TEMPLATE_ACTIVITY,,
tareas,TSK000918,task,✅Lista de Tareas,934,PRJ0006,Liceo Paternina,Liceo Paternina,Soporte,Schoolpack,support,Pruebas / Auditoría,Actividad,TSK000918,Revisión intereses,3.0,2026-08-21,2026-08-31,true,Hecho,Medio,Sebastian Ballesteros,N/A,,support:ACT-557,,,,,,,,,,,,,,,,,,,,,,,,,,,,,,,"{""B"": ""Liceo Paternina"", ""C"": ""Revisión intereses "", ""D"": ""3.0"", ""E"": ""46255.0"", ""F"": true, ""G"": ""46265.0"", ""H"": ""Hecho"", ""I"": ""Medio"", ""J"": ""N/A"", ""K"": ""Sebastian Ballesteros""}","{""J"": """"}",support,TASK_BELONGS_TO_PROJECT_TEMPLATE,HISTORICAL_TASK_BOUND_TO_PROJECT_TEMPLATE_NOT_TEMPLATE_ACTIVITY,,
tareas,TSK000919,task,✅Lista de Tareas,935,PRJ0043,Upwaresoft,Upwaresoft,Soporte,Implementado,support,Botón de pagos,Actividad,TSK000919,Levantar un instructivo del boton de pagos,2.0,2026-08-27,2026-09-04,false,Hecho,Medio,Sebastian Ballesteros,N/A,,support:ACT-558,,,,,,,,,,,,,,,,,,,,,,,,,,,,,,,"{""B"": ""Upwaresoft"", ""C"": ""Levantar un instructivo del boton de pagos "", ""D"": ""2.0"", ""E"": ""46261.0"", ""F"": false, ""G"": ""46269.0"", ""H"": ""Hecho"", ""I"": ""Medio"", ""J"": ""N/A"", ""K"": ""Sebastian Ballesteros""}","{""J"": """"}",support,TASK_BELONGS_TO_PROJECT_TEMPLATE,HISTORICAL_TASK_BOUND_TO_PROJECT_TEMPLATE_NOT_TEMPLATE_ACTIVITY,,
tareas,TSK000920,task,✅Lista de Tareas,936,PRJ0034,Incolmotos - Escuelas Musicales,Incolmotos - Escuelas Musicales,Implementación,Campuspack,implementation_campuspack,Firma electrónica,Actividad,TSK000920,Documento en el que se detalle el flujo de los procesos que requieren integrar con firma electrónica para Escuelas Musicales e Instituto Técnico Yamaha (ITY).,2.0,2026-08-27,2026-09-02,true,Hecho,Medio,Sebastian Ballesteros,N/A,46265.0,implementation_campuspack:ACT-224,,,,,,,,,,,,,,,,,,,,,,,,,,,,,,,"{""B"": ""Incolmotos - Escuelas Musicales"", ""C"": ""Documento en el que se detalle el flujo de los procesos que requieren integrar con firma electrónica para Escuelas Musicales e Instituto Técnico Yamaha (ITY)."", ""D"": ""2.0"", ""E"": ""46261.0"", ""F"": true, ""G"": ""46267.0"", ""H"": ""Hecho"", ""I"": ""Medio"", ""J"": ""N/A"", ""K"": ""Sebastian Ballesteros"", ""L"": ""46265.0""}","{""J"": """"}",implementation_campuspack,TASK_BELONGS_TO_PROJECT_TEMPLATE,HISTORICAL_TASK_BOUND_TO_PROJECT_TEMPLATE_NOT_TEMPLATE_ACTIVITY,,
tareas,TSK000921,task,✅Lista de Tareas,937,PRJ0025,Universidad de Envigado,Universidad de Envigado,Implementación,Campuspack,implementation_campuspack,Financiero,Actividad,TSK000921,Capacitación Financiera (Pendiente acta),2.0,2026-08-20,2026-08-20,true,Hecho,Medio,Sebastian Ballesteros,N/A,11am a 1pm,implementation_campuspack:ACT-225,,,,,,,,,,,,,,,,,,,,,,,,,,,,,,,"{""B"": ""Universidad de Envigado"", ""C"": ""Capacitación Financiera (Pendiente acta)"", ""D"": ""2.0"", ""E"": ""46254.0"", ""F"": true, ""G"": ""46254.0"", ""H"": ""Hecho"", ""I"": ""Medio"", ""J"": ""N/A"", ""K"": ""Sebastian Ballesteros"", ""L"": ""11am a 1pm""}","{""J"": """"}",implementation_campuspack,TASK_BELONGS_TO_PROJECT_TEMPLATE,HISTORICAL_TASK_BOUND_TO_PROJECT_TEMPLATE_NOT_TEMPLATE_ACTIVITY,,
tareas,TSK000922,task,✅Lista de Tareas,938,PRJ0025,Universidad de Envigado,Universidad de Envigado,Implementación,Campuspack,implementation_campuspack,Capacitación,Actividad,TSK000922,88644 - Capacitación Esenciales Educación Continua (PENDIENTE ACTA),2.0,2026-08-18,2026-08-18,true,Hecho,Medio,Sebastian Ballesteros,N/A,,implementation_campuspack:ACT-226,,,,,,,,,,,,,,,,,,,,,,,,,,,,,,,"{""B"": ""Universidad de Envigado"", ""C"": ""88644 - Capacitación Esenciales Educación Continua (PENDIENTE ACTA)"", ""D"": ""2.0"", ""E"": ""46252.0"", ""F"": true, ""G"": ""46252.0"", ""H"": ""Hecho"", ""I"": ""Medio"", ""J"": ""N/A"", ""K"": ""Sebastian Ballesteros""}","{""J"": """"}",implementation_campuspack,TASK_BELONGS_TO_PROJECT_TEMPLATE,HISTORICAL_TASK_BOUND_TO_PROJECT_TEMPLATE_NOT_TEMPLATE_ACTIVITY,,
tareas,TSK000923,task,✅Lista de Tareas,939,PRJ0001,Academia MISI,Academia MISI,Implementación,Campuspack,implementation_campuspack,Capacitación,Actividad,TSK000923,Capacitación Docente,2.0,,,false,En progreso,Alto,Carmen Donoso,N/A,,implementation_campuspack:ACT-117,,,,,,,,,,,,,,,,,,,,,,,,,,,,,,,"{""B"": ""Academia MISI"", ""C"": ""Capacitación Docente "", ""D"": ""2.0"", ""F"": false, ""H"": ""En progreso"", ""I"": ""Alto"", ""J"": ""N/A"", ""K"": ""Carmen Donoso""}","{""J"": """"}",implementation_campuspack,TASK_BELONGS_TO_PROJECT_TEMPLATE,HISTORICAL_TASK_BOUND_TO_PROJECT_TEMPLATE_NOT_TEMPLATE_ACTIVITY,,
tareas,TSK000924,task,✅Lista de Tareas,940,PRJ0001,Academia MISI,Academia MISI,Implementación,Campuspack,implementation_campuspack,Académico,Actividad,TSK000924,Sesión 1: Configuración academica,2.0,2026-09-02,2026-09-02,true,Hecho,Alto,Carmen Donoso,N/A,,implementation_campuspack:ACT-227,,,,,,,,,,,,,,,,,,,,,,,,,,,,,,,"{""B"": ""Academia MISI"", ""C"": ""Sesión 1: Configuración academica"", ""D"": ""2.0"", ""E"": ""46267.0"", ""F"": true, ""G"": ""46267.0"", ""H"": ""Hecho"", ""I"": ""Alto"", ""J"": ""N/A"", ""K"": ""Carmen Donoso""}","{""J"": """"}",implementation_campuspack,TASK_BELONGS_TO_PROJECT_TEMPLATE,HISTORICAL_TASK_BOUND_TO_PROJECT_TEMPLATE_NOT_TEMPLATE_ACTIVITY,,
tareas,TSK000925,task,✅Lista de Tareas,941,PRJ0001,Academia MISI,Academia MISI,Implementación,Campuspack,implementation_campuspack,Académico,Actividad,TSK000925,Sesión 2: Configuración academica,2.0,2026-09-04,2026-09-04,true,Hecho,Alto,Carmen Donoso,N/A,,implementation_campuspack:ACT-228,,,,,,,,,,,,,,,,,,,,,,,,,,,,,,,"{""B"": ""Academia MISI"", ""C"": ""Sesión 2: Configuración academica"", ""D"": ""2.0"", ""E"": ""46269.0"", ""F"": true, ""G"": ""46269.0"", ""H"": ""Hecho"", ""I"": ""Alto"", ""J"": ""N/A"", ""K"": ""Carmen Donoso""}","{""J"": """"}",implementation_campuspack,TASK_BELONGS_TO_PROJECT_TEMPLATE,HISTORICAL_TASK_BOUND_TO_PROJECT_TEMPLATE_NOT_TEMPLATE_ACTIVITY,,
tareas,TSK000926,task,✅Lista de Tareas,942,PRJ0001,Academia MISI,Academia MISI,Implementación,Campuspack,implementation_campuspack,Documentación / Actas / Entrega,Actividad,TSK000926,Documentación de reportes (Documentado),2.0,2026-09-03,2026-09-03,true,Hecho,Alto,Carmen Donoso,N/A,,implementation_campuspack:ACT-229,,,,,,,,,,,,,,,,,,,,,,,,,,,,,,,"{""B"": ""Academia MISI"", ""C"": ""Documentación de reportes (Documentado)"", ""D"": ""2.0"", ""E"": ""46268.0"", ""F"": true, ""G"": ""46268.0"", ""H"": ""Hecho"", ""I"": ""Alto"", ""J"": ""N/A"", ""K"": ""Carmen Donoso""}","{""J"": """"}",implementation_campuspack,TASK_BELONGS_TO_PROJECT_TEMPLATE,HISTORICAL_TASK_BOUND_TO_PROJECT_TEMPLATE_NOT_TEMPLATE_ACTIVITY,,
tareas,TSK000927,task,✅Lista de Tareas,943,PRJ0008,Corazonistas,Corazonistas,Soporte,Implementado,support,Otros,Actividad,TSK000927,Recepción de pagos provenientes del exterior Corazonista Norte,2.0,2026-09-08,2026-09-09,true,Hecho,Medio,Sebastian Ballesteros,N/A,Tiene boton de pagos directo,support:ACT-559,,,,,,,,,,,,,,,,,,,,,,,,,,,,,,,"{""B"": ""Corazonistas"", ""C"": ""Recepción de pagos provenientes del exterior Corazonista Norte"", ""D"": ""2.0"", ""E"": ""46273.0"", ""F"": true, ""G"": ""46274.0"", ""H"": ""Hecho"", ""I"": ""Medio"", ""J"": ""N/A"", ""K"": ""Sebastian Ballesteros"", ""L"": ""Tiene boton de pagos directo""}","{""J"": """"}",support,TASK_BELONGS_TO_PROJECT_TEMPLATE,HISTORICAL_TASK_BOUND_TO_PROJECT_TEMPLATE_NOT_TEMPLATE_ACTIVITY,,
tareas,TSK000928,task,✅Lista de Tareas,944,PRJ0008,Corazonistas,Corazonistas,Soporte,Implementado,support,Financiero,Actividad,TSK000928,Capacitación Financiera Colegio Antonio Nariño (Pendiente acta),2.0,2026-09-04,2026-09-04,true,En progreso,Alto,Sebastian Ballesteros,N/A,,support:ACT-560,,,,,,,,,,,,,,,,,,,,,,,,,,,,,,,"{""B"": ""Corazonistas"", ""C"": ""Capacitación Financiera Colegio Antonio Nariño (Pendiente acta)"", ""D"": ""2.0"", ""E"": ""46269.0"", ""F"": true, ""G"": ""46269.0"", ""H"": ""En progreso"", ""I"": ""Alto"", ""J"": ""N/A"", ""K"": ""Sebastian Ballesteros""}","{""J"": """"}",support,TASK_BELONGS_TO_PROJECT_TEMPLATE,HISTORICAL_TASK_BOUND_TO_PROJECT_TEMPLATE_NOT_TEMPLATE_ACTIVITY,,
tareas,TSK000929,task,✅Lista de Tareas,945,PRJ0001,Academia MISI,Academia MISI,Implementación,Campuspack,implementation_campuspack,Documentación / Actas / Entrega,Actividad,TSK000929,Entrega de reporte documentado al cliente,2.0,,,false,No iniciado,Alto,Carmen Donoso,N/A,,implementation_campuspack:ACT-230,,,,,,,,,,,,,,,,,,,,,,,,,,,,,,,"{""B"": ""Academia MISI"", ""C"": ""Entrega de reporte documentado al cliente"", ""D"": ""2.0"", ""F"": false, ""H"": ""No iniciado"", ""I"": ""Alto"", ""J"": ""N/A"", ""K"": ""Carmen Donoso""}","{""J"": """"}",implementation_campuspack,TASK_BELONGS_TO_PROJECT_TEMPLATE,HISTORICAL_TASK_BOUND_TO_PROJECT_TEMPLATE_NOT_TEMPLATE_ACTIVITY,,
tareas,TSK000930,task,✅Lista de Tareas,946,PRJ0027,Casa sobre la Roca - Nuevo Gimnasio Cristiano,Casa sobre la Roca - Nuevo Gimnasio Cristiano,Soporte,Schoolpack,support,Admisiones,Actividad,TSK000930,Capacitación Admisiones y Matriculas (Pendiente acta),4.0,2026-09-10,2026-09-10,true,En progreso,Alto,Sebastian Ballesteros,N/A,9 a 12,support:ACT-561,,,,,,,,,,,,,,,,,,,,,,,,,,,,,,,"{""B"": ""Casa sobre la Roca - Nuevo Gimnasio Cristiano"", ""C"": ""Capacitación Admisiones y Matriculas (Pendiente acta)"", ""D"": ""4.0"", ""E"": ""46275.0"", ""F"": true, ""G"": ""46275.0"", ""H"": ""En progreso"", ""I"": ""Alto"", ""J"": ""N/A"", ""K"": ""Sebastian Ballesteros"", ""L"": ""9 a 12""}","{""J"": """"}",support,TASK_BELONGS_TO_PROJECT_TEMPLATE,HISTORICAL_TASK_BOUND_TO_PROJECT_TEMPLATE_NOT_TEMPLATE_ACTIVITY,,
tareas,TSK000931,task,✅Lista de Tareas,947,PRJ0008,Corazonistas,Corazonistas,Soporte,Implementado,support,Capacitación,Actividad,TSK000931,Capacitación nuevo ingeriero,5.0,2026-09-11,2026-09-11,false,En progreso,Alto,Carmen Donoso,N/A,,support:ACT-562,,,,,,,,,,,,,,,,,,,,,,,,,,,,,,,"{""B"": ""Corazonistas"", ""C"": ""Capacitación nuevo ingeriero"", ""D"": ""5.0"", ""E"": ""46276.0"", ""F"": false, ""G"": ""46276.0"", ""H"": ""En progreso"", ""I"": ""Alto"", ""J"": ""N/A"", ""K"": ""Carmen Donoso""}","{""J"": """"}",support,TASK_BELONGS_TO_PROJECT_TEMPLATE,HISTORICAL_TASK_BOUND_TO_PROJECT_TEMPLATE_NOT_TEMPLATE_ACTIVITY,,
tareas,TSK000932,task,✅Lista de Tareas,948,PRJ0016,Sigmund Freud,Sigmund Freud,Soporte,Implementado,support,Reuniones y coordinación,Actividad,TSK000932,88778 - Reunión informes academicos,2.0,2026-09-07,2026-09-07,true,Hecho,Alto,Carmen Donoso,N/A,,support:ACT-563,,,,,,,,,,,,,,,,,,,,,,,,,,,,,,,"{""B"": ""Sigmund Freud"", ""C"": ""88778 - Reunión informes academicos"", ""D"": ""2.0"", ""E"": ""46272.0"", ""F"": true, ""G"": ""46272.0"", ""H"": ""Hecho"", ""I"": ""Alto"", ""J"": ""N/A"", ""K"": ""Carmen Donoso""}","{""J"": """"}",support,TASK_BELONGS_TO_PROJECT_TEMPLATE,HISTORICAL_TASK_BOUND_TO_PROJECT_TEMPLATE_NOT_TEMPLATE_ACTIVITY,,
tareas,TSK000933,task,✅Lista de Tareas,949,PRJ0008,Corazonistas,Corazonistas,Soporte,Implementado,support,Reuniones y coordinación,Actividad,TSK000933,Reunión firma electronica Casa provincial,4.0,2026-09-07,2026-09-07,true,Hecho,Alto,Carmen Donoso,N/A,,support:ACT-564,,,,,,,,,,,,,,,,,,,,,,,,,,,,,,,"{""B"": ""Corazonistas"", ""C"": ""Reunión firma electronica Casa provincial"", ""D"": ""4.0"", ""E"": ""46272.0"", ""F"": true, ""G"": ""46272.0"", ""H"": ""Hecho"", ""I"": ""Alto"", ""J"": ""N/A"", ""K"": ""Carmen Donoso""}","{""J"": """"}",support,TASK_BELONGS_TO_PROJECT_TEMPLATE,HISTORICAL_TASK_BOUND_TO_PROJECT_TEMPLATE_NOT_TEMPLATE_ACTIVITY,,
tareas,TSK000934,task,✅Lista de Tareas,950,PRJ0016,Sigmund Freud,Sigmund Freud,Soporte,Implementado,support,Académico,Actividad,TSK000934,88812 - Solicitud de ajustes y parametrización del módulo académico y de boletines,2.0,2026-09-08,,false,En progreso,Alto,Carmen Donoso,Overdue,,support:ACT-565,,,,,,,,,,,,,,,,,,,,,,,,,,,,,,,"{""B"": ""Sigmund Freud"", ""C"": ""88812 - Solicitud de ajustes y parametrización del módulo académico y de boletines"", ""D"": ""2.0"", ""E"": ""46273.0"", ""F"": false, ""H"": ""En progreso"", ""I"": ""Alto"", ""J"": ""Overdue"", ""K"": ""Carmen Donoso""}","{""J"": """"}",support,TASK_BELONGS_TO_PROJECT_TEMPLATE,HISTORICAL_TASK_BOUND_TO_PROJECT_TEMPLATE_NOT_TEMPLATE_ACTIVITY,,
tareas,TSK000935,task,✅Lista de Tareas,951,PRJ0016,Sigmund Freud,Sigmund Freud,Soporte,Implementado,support,Académico,Actividad,TSK000935,Configuraciones academica,2.0,2026-09-08,2026-09-08,true,Hecho,Alto,Carmen Donoso,N/A,,support:ACT-566,,,,,,,,,,,,,,,,,,,,,,,,,,,,,,,"{""B"": ""Sigmund Freud"", ""C"": ""Configuraciones academica"", ""D"": ""2.0"", ""E"": ""46273.0"", ""F"": true, ""G"": ""46273.0"", ""H"": ""Hecho"", ""I"": ""Alto"", ""J"": ""N/A"", ""K"": ""Carmen Donoso""}","{""J"": """"}",support,TASK_BELONGS_TO_PROJECT_TEMPLATE,HISTORICAL_TASK_BOUND_TO_PROJECT_TEMPLATE_NOT_TEMPLATE_ACTIVITY,,
tareas,TSK000936,task,✅Lista de Tareas,952,PRJ0025,Universidad de Envigado,Universidad de Envigado,Implementación,Campuspack,implementation_campuspack,Académico,Actividad,TSK000936,Capacitación Configuración academica Educación Continua (PENDIENTE ACTA),2.0,2026-08-19,2026-08-19,true,En progreso,Medio,Carmen Donoso,N/A,,implementation_campuspack:ACT-231,,,,,,,,,,,,,,,,,,,,,,,,,,,,,,,"{""B"": ""Universidad de Envigado"", ""C"": ""Capacitación Configuración academica Educación Continua (PENDIENTE ACTA)"", ""D"": ""2.0"", ""E"": ""46253.0"", ""F"": true, ""G"": ""46253.0"", ""H"": ""En progreso"", ""I"": ""Medio"", ""J"": ""N/A"", ""K"": ""Carmen Donoso""}","{""J"": """"}",implementation_campuspack,TASK_BELONGS_TO_PROJECT_TEMPLATE,HISTORICAL_TASK_BOUND_TO_PROJECT_TEMPLATE_NOT_TEMPLATE_ACTIVITY,,
tareas,TSK000937,task,✅Lista de Tareas,953,PRJ0025,Universidad de Envigado,Universidad de Envigado,Implementación,Campuspack,implementation_campuspack,Admisiones,Actividad,TSK000937,Capacitación Admisiones Educación Continua,2.0,2026-08-24,2026-08-24,true,Hecho,Medio,Carmen Donoso,N/A,Y Julian,implementation_campuspack:ACT-232,,,,,,,,,,,,,,,,,,,,,,,,,,,,,,,"{""B"": ""Universidad de Envigado"", ""C"": ""Capacitación Admisiones Educación Continua"", ""D"": ""2.0"", ""E"": ""46258.0"", ""F"": true, ""G"": ""46258.0"", ""H"": ""Hecho"", ""I"": ""Medio"", ""J"": ""N/A"", ""K"": ""Carmen Donoso"", ""L"": ""Y Julian""}","{""J"": """"}",implementation_campuspack,TASK_BELONGS_TO_PROJECT_TEMPLATE,HISTORICAL_TASK_BOUND_TO_PROJECT_TEMPLATE_NOT_TEMPLATE_ACTIVITY,,
tareas,TSK000938,task,✅Lista de Tareas,954,PRJ0025,Universidad de Envigado,Universidad de Envigado,Implementación,Campuspack,implementation_campuspack,Matrículas,Actividad,TSK000938,Capacitación Matriculas Educación Continua (PENDIENTE ACTAS),2.0,2026-08-25,2026-08-25,true,En progreso,Medio,Carmen Donoso,N/A,Y Julian,implementation_campuspack:ACT-233,,,,,,,,,,,,,,,,,,,,,,,,,,,,,,,"{""B"": ""Universidad de Envigado"", ""C"": ""Capacitación Matriculas Educación Continua (PENDIENTE ACTAS)"", ""D"": ""2.0"", ""E"": ""46259.0"", ""F"": true, ""G"": ""46259.0"", ""H"": ""En progreso"", ""I"": ""Medio"", ""J"": ""N/A"", ""K"": ""Carmen Donoso"", ""L"": ""Y Julian""}","{""J"": """"}",implementation_campuspack,TASK_BELONGS_TO_PROJECT_TEMPLATE,HISTORICAL_TASK_BOUND_TO_PROJECT_TEMPLATE_NOT_TEMPLATE_ACTIVITY,,
tareas,TSK000939,task,✅Lista de Tareas,955,PRJ0025,Universidad de Envigado,Universidad de Envigado,Implementación,Campuspack,implementation_campuspack,Reuniones y coordinación,Actividad,TSK000939,Reunión Interna IUE Educación Continua,2.0,2026-08-18,2026-08-18,true,Hecho,Medio,Carmen Donoso,N/A,Con Julian,implementation_campuspack:ACT-234,,,,,,,,,,,,,,,,,,,,,,,,,,,,,,,"{""B"": ""Universidad de Envigado"", ""C"": ""Reunión Interna IUE Educación Continua "", ""D"": ""2.0"", ""E"": ""46252.0"", ""F"": true, ""G"": ""46252.0"", ""H"": ""Hecho"", ""I"": ""Medio"", ""J"": ""N/A"", ""K"": ""Carmen Donoso"", ""L"": ""Con Julian""}","{""J"": """"}",implementation_campuspack,TASK_BELONGS_TO_PROJECT_TEMPLATE,HISTORICAL_TASK_BOUND_TO_PROJECT_TEMPLATE_NOT_TEMPLATE_ACTIVITY,,
tareas,TSK000940,task,✅Lista de Tareas,956,PRJ0043,Upwaresoft,Upwaresoft,Soporte,Implementado,support,Facturación electrónica,Actividad,TSK000940,Actualización de facturación electronica en el SAC,10.0,2026-08-24,2026-09-04,false,En progreso,Alto,Camilo Vega,,,support:ACT-567,,,,,,,,,,,,,,,,,,,,,,,,,,,,,,,"{""B"": ""Upwaresoft"", ""C"": ""Actualización de facturación electronica en el SAC"", ""D"": ""10.0"", ""E"": ""46258.0"", ""F"": false, ""G"": ""46269.0"", ""H"": ""En progreso"", ""I"": ""Alto"", ""K"": ""Camilo Vega""}",{},support,TASK_BELONGS_TO_PROJECT_TEMPLATE,HISTORICAL_TASK_BOUND_TO_PROJECT_TEMPLATE_NOT_TEMPLATE_ACTIVITY,,
tareas,TSK000941,task,✅Lista de Tareas,957,PRJ0043,Upwaresoft,Upwaresoft,Soporte,Implementado,support,Otros,Actividad,TSK000941,Optimazión del aplicativo PulseSoft,3.0,2026-08-27,2026-09-01,false,En progreso,Alto,Camilo Vega,,,support:ACT-568,,,,,,,,,,,,,,,,,,,,,,,,,,,,,,,"{""B"": ""Upwaresoft"", ""C"": ""Optimazión del aplicativo PulseSoft"", ""D"": ""3.0"", ""E"": ""46261.0"", ""F"": false, ""G"": ""46266.0"", ""H"": ""En progreso"", ""I"": ""Alto"", ""K"": ""Camilo Vega""}",{},support,TASK_BELONGS_TO_PROJECT_TEMPLATE,HISTORICAL_TASK_BOUND_TO_PROJECT_TEMPLATE_NOT_TEMPLATE_ACTIVITY,,
tareas,TSK000942,task,✅Lista de Tareas,958,PRJ0043,Upwaresoft,Upwaresoft,Soporte,Implementado,support,Otros,Actividad,TSK000942,Schoolpack - Inventario de la información y diagrama de proceso,4.0,2026-08-25,2026-08-26,false,En progreso,Medio,Camilo Vega,N/A,,support:ACT-569,,,,,,,,,,,,,,,,,,,,,,,,,,,,,,,"{""B"": ""Upwaresoft"", ""C"": ""Schoolpack - Inventario de la información y diagrama de proceso"", ""D"": ""4.0"", ""E"": ""46259.0"", ""F"": false, ""G"": ""46260.0"", ""H"": ""En progreso"", ""I"": ""Medio"", ""J"": ""N/A"", ""K"": ""Camilo Vega""}","{""J"": ""if(or(F958=TRUE,G958>0,H958=\""Done\"",isblank(E958)),\""N/A\"",if($B$5<=E958,\""N/A\"",\""Overdue\""))""}",support,TASK_BELONGS_TO_PROJECT_TEMPLATE,HISTORICAL_TASK_BOUND_TO_PROJECT_TEMPLATE_NOT_TEMPLATE_ACTIVITY,,
tareas,TSK000943,task,✅Lista de Tareas,959,PRJ0043,Upwaresoft,Upwaresoft,Soporte,Implementado,support,Otros,Actividad,TSK000943,Campuspack - Inventario de la información y diagrama de proceso,4.0,2026-08-26,2026-08-27,false,En progreso,Medio,Camilo Vega,N/A,,support:ACT-570,,,,,,,,,,,,,,,,,,,,,,,,,,,,,,,"{""B"": ""Upwaresoft"", ""C"": ""Campuspack - Inventario de la información y diagrama de proceso"", ""D"": ""4.0"", ""E"": ""46260.0"", ""F"": false, ""G"": ""46261.0"", ""H"": ""En progreso"", ""I"": ""Medio"", ""J"": ""N/A"", ""K"": ""Camilo Vega""}","{""J"": """"}",support,TASK_BELONGS_TO_PROJECT_TEMPLATE,HISTORICAL_TASK_BOUND_TO_PROJECT_TEMPLATE_NOT_TEMPLATE_ACTIVITY,,
tareas,TSK000944,task,✅Lista de Tareas,960,PRJ0043,Upwaresoft,Upwaresoft,Soporte,Implementado,support,Otros,Actividad,TSK000944,Language - Inventario de la información y diagrama de proceso,4.0,2026-08-27,2026-10-27,false,En progreso,Medio,Camilo Vega,N/A,,support:ACT-571,,,,,,,,,,,,,,,,,,,,,,,,,,,,,,,"{""B"": ""Upwaresoft"", ""C"": ""Language - Inventario de la información y diagrama de proceso"", ""D"": ""4.0"", ""E"": ""46261.0"", ""F"": false, ""G"": ""46322.0"", ""H"": ""En progreso"", ""I"": ""Medio"", ""J"": ""N/A"", ""K"": ""Camilo Vega""}","{""J"": """"}",support,TASK_BELONGS_TO_PROJECT_TEMPLATE,HISTORICAL_TASK_BOUND_TO_PROJECT_TEMPLATE_NOT_TEMPLATE_ACTIVITY,,
tareas,TSK000945,task,✅Lista de Tareas,961,PRJ0043,Upwaresoft,Upwaresoft,Soporte,Implementado,support,Reuniones y coordinación,Actividad,TSK000945,"Documento de como hacer un proceso de acuerdo a las reunión del 4Sept, mostrar a Cesar para ajustar",3.0,2026-09-07,,false,En progreso,Medio,Camilo Vega,Overdue,,support:ACT-572,,,,,,,,,,,,,,,,,,,,,,,,,,,,,,,"{""B"": ""Upwaresoft"", ""C"": ""Documento de como hacer un proceso de acuerdo a las reunión del 4Sept, mostrar a Cesar para ajustar"", ""D"": ""3.0"", ""E"": ""46272.0"", ""F"": false, ""H"": ""En progreso"", ""I"": ""Medio"", ""J"": ""Overdue"", ""K"": ""Camilo Vega""}","{""J"": """"}",support,TASK_BELONGS_TO_PROJECT_TEMPLATE,HISTORICAL_TASK_BOUND_TO_PROJECT_TEMPLATE_NOT_TEMPLATE_ACTIVITY,,
tareas,TSK000946,task,✅Lista de Tareas,962,PRJ0043,Upwaresoft,Upwaresoft,Soporte,Implementado,support,Otros,Actividad,TSK000946,Listado de inventario de procesos de Schoolpack con diagrama,3.0,2026-09-07,,false,En progreso,Medio,Camilo Vega,Overdue,,support:ACT-573,,,,,,,,,,,,,,,,,,,,,,,,,,,,,,,"{""B"": ""Upwaresoft"", ""C"": ""Listado de inventario de procesos de Schoolpack con diagrama"", ""D"": ""3.0"", ""E"": ""46272.0"", ""F"": false, ""H"": ""En progreso"", ""I"": ""Medio"", ""J"": ""Overdue"", ""K"": ""Camilo Vega""}","{""J"": """"}",support,TASK_BELONGS_TO_PROJECT_TEMPLATE,HISTORICAL_TASK_BOUND_TO_PROJECT_TEMPLATE_NOT_TEMPLATE_ACTIVITY,,
tareas,TSK000947,task,✅Lista de Tareas,963,PRJ0008,Corazonistas,Corazonistas,Soporte,Implementado,support,Facturación electrónica,Actividad,TSK000947,"Relación numero de estudiantes por Colegio, para canditas de firmas",,2026-09-14,2026-09-14,false,En progreso,Medio,Carmen Donoso,N/A,,support:ACT-574,,,,,,,,,,,,,,,,,,,,,,,,,,,,,,,"{""B"": ""Corazonistas"", ""C"": ""Relación numero de estudiantes por Colegio, para canditas de firmas "", ""E"": ""46279.0"", ""F"": false, ""G"": ""46279.0"", ""H"": ""En progreso"", ""I"": ""Medio"", ""J"": ""N/A"", ""K"": ""Carmen Donoso""}","{""J"": """"}",support,TASK_BELONGS_TO_PROJECT_TEMPLATE,HISTORICAL_TASK_BOUND_TO_PROJECT_TEMPLATE_NOT_TEMPLATE_ACTIVITY,,
tareas,TSK000948,task,✅Lista de Tareas,964,PRJ0050,Misioneras Claretianas,Misioneras Claretianas,Soporte,Schoolpack,support,Otros,Actividad,TSK000948,88838 - Implementación de recerva de cupo en Shoolweb,3.0,2026-09-10,,false,En progreso,Medio,Carmen Donoso,Overdue,Para Noviembre,support:ACT-575,,,,,,,,,,,,,,,,,,,,,,,,,,,,,,,"{""B"": ""Misioneras Claretianas"", ""C"": ""88838 - Implementación de recerva de cupo en Shoolweb"", ""D"": ""3.0"", ""E"": ""46275.0"", ""F"": false, ""H"": ""En progreso"", ""I"": ""Medio"", ""J"": ""Overdue"", ""K"": ""Carmen Donoso"", ""L"": ""Para Noviembre""}","{""J"": """"}",support,TASK_BELONGS_TO_PROJECT_TEMPLATE,HISTORICAL_TASK_BOUND_TO_PROJECT_TEMPLATE_NOT_TEMPLATE_ACTIVITY,,
tareas,TSK000949,task,✅Lista de Tareas,965,PRJ0027,Casa sobre la Roca - Nuevo Gimnasio Cristiano,Casa sobre la Roca - Nuevo Gimnasio Cristiano,Soporte,Schoolpack,support,Matrículas,Actividad,TSK000949,Documentación Adiciones Matriculas: Campo religion y casa propia o arriendo,4.0,2026-09-11,2026-09-15,false,En progreso,Medio,Sebastian Ballesteros,N/A,,support:ACT-576,,,,,,,,,,,,,,,,,,,,,,,,,,,,,,,"{""B"": ""Casa sobre la Roca - Nuevo Gimnasio Cristiano"", ""C"": ""Documentación Adiciones Matriculas: Campo religion y casa propia o arriendo"", ""D"": ""4.0"", ""E"": ""46276.0"", ""F"": false, ""G"": ""46280.0"", ""H"": ""En progreso"", ""I"": ""Medio"", ""J"": ""N/A"", ""K"": ""Sebastian Ballesteros""}","{""J"": """"}",support,TASK_BELONGS_TO_PROJECT_TEMPLATE,HISTORICAL_TASK_BOUND_TO_PROJECT_TEMPLATE_NOT_TEMPLATE_ACTIVITY,,
tareas,TSK000950,task,✅Lista de Tareas,966,PRJ0050,Misioneras Claretianas,Misioneras Claretianas,Soporte,Schoolpack,support,Otros,Actividad,TSK000950,88832 - Verificación de facturación,2.0,2026-09-10,,false,En progreso,Medio,Sebastian Ballesteros,Overdue,,support:ACT-577,,,,,,,,,,,,,,,,,,,,,,,,,,,,,,,"{""B"": ""Misioneras Claretianas"", ""C"": ""88832 - Verificación de facturación "", ""D"": ""2.0"", ""E"": ""46275.0"", ""F"": false, ""H"": ""En progreso"", ""I"": ""Medio"", ""J"": ""Overdue"", ""K"": ""Sebastian Ballesteros""}","{""J"": """"}",support,TASK_BELONGS_TO_PROJECT_TEMPLATE,HISTORICAL_TASK_BOUND_TO_PROJECT_TEMPLATE_NOT_TEMPLATE_ACTIVITY,,
reuniones,MTG00001,meeting,🤝Registro de reuniones,16,,Aspaen - Marco común curricular,Aspaen - Marco común curricular,,,,,,,,,,,,,,,,,,MTG00001,Plan de pruebas MCC,2025-07-16,0.4583333333333333,Reunión en persona,Reunión programada,"Desarrollo, Implementación",,,,,,,,,,,,,,,,,,,,,,,,"{""B"": ""Aspaen - Marco común curricular"", ""C"": ""45854.0"", ""D"": ""0.4583333333333333"", ""E"": ""45854.45833"", ""F"": ""11:00 a. m. - Plan de pruebas MCC"", ""G"": ""Past"", ""H"": ""Plan de pruebas MCC"", ""I"": ""Reunión en persona"", ""J"": ""Reunión programada"", ""K"": ""Desarrollo, Implementación""}","{""E"": ""if(and(isblank(C16),isblank(D16)),\""\"",(C16+D16))"", ""F"": ""if(and(isblank(C16),isblank(D16)),\""\"",Concatenate(text(D16,\""hh:mm AM/PM\""),\"" - \"",H16))"", ""G"": ""if(C16<$B$5,\""Past\"",\""Upcoming\"")""}",,NO_PROJECT_TEMPLATE_RELATION,NOT_APPLICABLE,,
usuarios,USR0001,user,👥Lista de Equipo,16,,,,,,,,,,,,,,,,,,,,,,,,,,,,,,,,,,,,,,,,,,USR0001,Carmen Donoso,Consultor Senior,,,,,,,"{""B"": ""Carmen Donoso"", ""C"": ""Consultor Senior"", ""D"": ""8"", ""E"": ""342""}","{""D"": ""countifs('🗂️Base de datos del proyecto'!$L$22:$L$1007,$B16)"", ""E"": ""countifs('✅Lista de Tareas'!$K:$K,$B16)""}",,NO_PROJECT_TEMPLATE_RELATION,NOT_APPLICABLE,,
usuarios,USR0002,user,👥Lista de Equipo,17,,,,,,,,,,,,,,,,,,,,,,,,,,,,,,,,,,,,,,,,,,USR0002,Julian Sanchez,Consultor Senior,,,,,,,"{""B"": ""Julian Sanchez "", ""C"": ""Consultor Senior"", ""D"": ""4"", ""E"": ""34""}","{""D"": ""countifs('🗂️Base de datos del proyecto'!$L$22:$L$1007,$B17)"", ""E"": ""countifs('✅Lista de Tareas'!$K:$K,$B17)""}",,NO_PROJECT_TEMPLATE_RELATION,NOT_APPLICABLE,,
usuarios,USR0003,user,👥Lista de Equipo,18,,,,,,,,,,,,,,,,,,,,,,,,,,,,,,,,,,,,,,,,,,USR0003,Jhoec Camayo,Project Manager,,,,,,,"{""B"": ""Jhoec Camayo"", ""C"": ""Project Manager"", ""D"": ""3"", ""E"": ""147""}","{""D"": ""countifs('🗂️Base de datos del proyecto'!$L$22:$L$1007,$B18)"", ""E"": ""countifs('✅Lista de Tareas'!$K:$K,$B18)""}",,NO_PROJECT_TEMPLATE_RELATION,NOT_APPLICABLE,,
usuarios,USR0004,user,👥Lista de Equipo,19,,,,,,,,,,,,,,,,,,,,,,,,,,,,,,,,,,,,,,,,,,USR0004,Karina Porras,PMO,,,,,,,"{""B"": ""Karina Porras"", ""C"": ""PMO"", ""D"": ""1"", ""E"": ""11""}","{""D"": ""countifs('🗂️Base de datos del proyecto'!$L$22:$L$1007,$B19)"", ""E"": ""countifs('✅Lista de Tareas'!$K:$K,$B19)""}",,NO_PROJECT_TEMPLATE_RELATION,NOT_APPLICABLE,,
usuarios,USR0005,user,👥Lista de Equipo,20,,,,,,,,,,,,,,,,,,,,,,,,,,,,,,,,,,,,,,,,,,USR0005,Sebastian Ballesteros,Consultor Junior,,,,,,,"{""B"": ""Sebastian Ballesteros"", ""C"": ""Consultor Junior"", ""D"": ""1"", ""E"": ""282""}","{""D"": ""countifs('🗂️Base de datos del proyecto'!$L$22:$L$1007,$B20)"", ""E"": ""countifs('✅Lista de Tareas'!$K:$K,$B20)""}",,NO_PROJECT_TEMPLATE_RELATION,NOT_APPLICABLE,,
usuarios,USR0006,user,👥Lista de Equipo,21,,,,,,,,,,,,,,,,,,,,,,,,,,,,,,,,,,,,,,,,,,USR0006,Geraldine Araque,Consultor Junior,,,,,,,"{""B"": ""Geraldine Araque"", ""C"": ""Consultor Junior"", ""D"": ""0"", ""E"": ""102""}","{""D"": ""countifs('🗂️Base de datos del proyecto'!$L$22:$L$1007,$B21)"", ""E"": ""countifs('✅Lista de Tareas'!$K:$K,$B21)""}",,NO_PROJECT_TEMPLATE_RELATION,NOT_APPLICABLE,,
usuarios,USR0007,user,👥Lista de Equipo,22,,,,,,,,,,,,,,,,,,,,,,,,,,,,,,,,,,,,,,,,,,USR0007,Administrativo,Administrativo,,,,,,,"{""B"": ""Administrativo"", ""C"": ""Administrativo"", ""D"": ""1"", ""E"": ""3""}","{""D"": ""countifs('🗂️Base de datos del proyecto'!$L$22:$L$1007,$B22)"", ""E"": ""countifs('✅Lista de Tareas'!$K:$K,$B22)""}",,NO_PROJECT_TEMPLATE_RELATION,NOT_APPLICABLE,,
usuarios,USR0008,user,👥Lista de Equipo,23,,,,,,,,,,,,,,,,,,,,,,,,,,,,,,,,,,,,,,,,,,USR0008,Comercial,Comercial,,,,,,,"{""B"": ""Comercial"", ""C"": ""Comercial"", ""D"": ""0"", ""E"": ""0""}","{""D"": ""countifs('🗂️Base de datos del proyecto'!$L$22:$L$1007,$B23)"", ""E"": ""countifs('✅Lista de Tareas'!$K:$K,$B23)""}",,NO_PROJECT_TEMPLATE_RELATION,NOT_APPLICABLE,,
usuarios,USR0009,user,👥Lista de Equipo,24,,,,,,,,,,,,,,,,,,,,,,,,,,,,,,,,,,,,,,,,,,USR0009,Desarrollo,Desarrollo,,,,,,,"{""B"": ""Desarrollo"", ""C"": ""Desarrollo"", ""D"": ""1"", ""E"": ""22""}","{""D"": ""countifs('🗂️Base de datos del proyecto'!$L$22:$L$1007,$B24)"", ""E"": ""countifs('✅Lista de Tareas'!$K:$K,$B24)""}",,NO_PROJECT_TEMPLATE_RELATION,NOT_APPLICABLE,,
usuarios,USR0010,user,👥Lista de Equipo,25,,,,,,,,,,,,,,,,,,,,,,,,,,,,,,,,,,,,,,,,,,USR0010,Camilo Vega,Consultor Junior,,,,,,,"{""B"": ""Camilo Vega"", ""C"": ""Consultor Junior"", ""D"": ""0"", ""E"": ""7""}","{""D"": ""countifs('🗂️Base de datos del proyecto'!$L$22:$L$1007,$B25)"", ""E"": ""countifs('✅Lista de Tareas'!$K:$K,$B25)""}",,NO_PROJECT_TEMPLATE_RELATION,NOT_APPLICABLE,,
